[0m18:54:15.150041 [debug] [MainThread]: Sending event: {'category': 'dbt', 'action': 'invocation', 'label': 'start', 'context': [<snowplow_tracker.self_describing_json.SelfDescribingJson object at 0x7fd923b6b5e0>, <snowplow_tracker.self_describing_json.SelfDescribingJson object at 0x7fd921eb9f00>, <snowplow_tracker.self_describing_json.SelfDescribingJson object at 0x7fd921eb9ea0>]}


============================== 18:54:15.152416 | a17c3313-7d5a-4ba3-b1c8-37fa4c82569b ==============================
[0m18:54:15.152416 [info ] [MainThread]: Running with dbt=1.7.13
[0m18:54:15.152959 [debug] [MainThread]: running dbt with arguments {'printer_width': '80', 'indirect_selection': 'eager', 'write_json': 'True', 'log_cache_events': 'False', 'partial_parse': 'True', 'cache_selected_only': 'False', 'warn_error': 'None', 'version_check': 'True', 'fail_fast': 'False', 'log_path': '/home/deekshagunde/home/mwaa/aws-mwaa-local-runner/dags/dbttest/logs', 'profiles_dir': '/home/deekshagunde/.dbt', 'debug': 'False', 'use_colors': 'True', 'use_experimental_parser': 'False', 'no_print': 'None', 'quiet': 'False', 'warn_error_options': 'WarnErrorOptions(include=[], exclude=[])', 'introspect': 'True', 'static_parser': 'True', 'log_format': 'default', 'target_path': 'None', 'invocation_command': 'dbt debug', 'send_anonymous_usage_stats': 'True'}
[0m18:54:15.153473 [info ] [MainThread]: dbt version: 1.7.13
[0m18:54:15.153828 [info ] [MainThread]: python version: 3.10.12
[0m18:54:15.154171 [info ] [MainThread]: python path: /usr/bin/python3
[0m18:54:15.154634 [info ] [MainThread]: os info: Linux-5.15.146.1-microsoft-standard-WSL2-x86_64-with-glibc2.35
[0m18:54:15.380647 [info ] [MainThread]: Using profiles dir at /home/deekshagunde/.dbt
[0m18:54:15.381440 [info ] [MainThread]: Using profiles.yml file at /home/deekshagunde/.dbt/profiles.yml
[0m18:54:15.381917 [info ] [MainThread]: Using dbt_project.yml file at /home/deekshagunde/home/mwaa/aws-mwaa-local-runner/dags/dbttest/dbt_project.yml
[0m18:54:15.384661 [info ] [MainThread]: adapter type: snowflake
[0m18:54:15.385358 [info ] [MainThread]: adapter version: 1.7.1
[0m18:54:15.479297 [info ] [MainThread]: Configuration:
[0m18:54:15.479845 [info ] [MainThread]:   profiles.yml file [[32mOK found and valid[0m]
[0m18:54:15.480212 [info ] [MainThread]:   dbt_project.yml file [[32mOK found and valid[0m]
[0m18:54:15.480572 [info ] [MainThread]: Required dependencies:
[0m18:54:15.480958 [debug] [MainThread]: Executing "git --help"
[0m18:54:15.482902 [debug] [MainThread]: STDOUT: "b"usage: git [--version] [--help] [-C <path>] [-c <name>=<value>]\n           [--exec-path[=<path>]] [--html-path] [--man-path] [--info-path]\n           [-p | --paginate | -P | --no-pager] [--no-replace-objects] [--bare]\n           [--git-dir=<path>] [--work-tree=<path>] [--namespace=<name>]\n           [--super-prefix=<path>] [--config-env=<name>=<envvar>]\n           <command> [<args>]\n\nThese are common Git commands used in various situations:\n\nstart a working area (see also: git help tutorial)\n   clone     Clone a repository into a new directory\n   init      Create an empty Git repository or reinitialize an existing one\n\nwork on the current change (see also: git help everyday)\n   add       Add file contents to the index\n   mv        Move or rename a file, a directory, or a symlink\n   restore   Restore working tree files\n   rm        Remove files from the working tree and from the index\n\nexamine the history and state (see also: git help revisions)\n   bisect    Use binary search to find the commit that introduced a bug\n   diff      Show changes between commits, commit and working tree, etc\n   grep      Print lines matching a pattern\n   log       Show commit logs\n   show      Show various types of objects\n   status    Show the working tree status\n\ngrow, mark and tweak your common history\n   branch    List, create, or delete branches\n   commit    Record changes to the repository\n   merge     Join two or more development histories together\n   rebase    Reapply commits on top of another base tip\n   reset     Reset current HEAD to the specified state\n   switch    Switch branches\n   tag       Create, list, delete or verify a tag object signed with GPG\n\ncollaborate (see also: git help workflows)\n   fetch     Download objects and refs from another repository\n   pull      Fetch from and integrate with another repository or a local branch\n   push      Update remote refs along with associated objects\n\n'git help -a' and 'git help -g' list available subcommands and some\nconcept guides. See 'git help <command>' or 'git help <concept>'\nto read about a specific subcommand or concept.\nSee 'git help git' for an overview of the system.\n""
[0m18:54:15.483642 [debug] [MainThread]: STDERR: "b''"
[0m18:54:15.484126 [info ] [MainThread]:  - git [[32mOK found[0m]

[0m18:54:15.484580 [info ] [MainThread]: Connection:
[0m18:54:15.485021 [info ] [MainThread]:   account: im76549.us-east-2.aws
[0m18:54:15.485414 [info ] [MainThread]:   user: dbtairflow
[0m18:54:15.485787 [info ] [MainThread]:   database: AIRFLOW
[0m18:54:15.486157 [info ] [MainThread]:   warehouse: DATA_WH
[0m18:54:15.486573 [info ] [MainThread]:   role: transformation
[0m18:54:15.487064 [info ] [MainThread]:   schema: DEV
[0m18:54:15.488358 [info ] [MainThread]:   authenticator: None
[0m18:54:15.489442 [info ] [MainThread]:   private_key_path: None
[0m18:54:15.489952 [info ] [MainThread]:   token: None
[0m18:54:15.490445 [info ] [MainThread]:   oauth_client_id: None
[0m18:54:15.490871 [info ] [MainThread]:   query_tag: None
[0m18:54:15.491271 [info ] [MainThread]:   client_session_keep_alive: False
[0m18:54:15.491750 [info ] [MainThread]:   host: None
[0m18:54:15.492427 [info ] [MainThread]:   port: None
[0m18:54:15.493161 [info ] [MainThread]:   proxy_host: None
[0m18:54:15.493599 [info ] [MainThread]:   proxy_port: None
[0m18:54:15.494002 [info ] [MainThread]:   protocol: None
[0m18:54:15.494441 [info ] [MainThread]:   connect_retries: 1
[0m18:54:15.494943 [info ] [MainThread]:   connect_timeout: None
[0m18:54:15.495426 [info ] [MainThread]:   retry_on_database_errors: False
[0m18:54:15.495866 [info ] [MainThread]:   retry_all: False
[0m18:54:15.496323 [info ] [MainThread]:   insecure_mode: False
[0m18:54:15.496775 [info ] [MainThread]:   reuse_connections: None
[0m18:54:15.497416 [info ] [MainThread]: Registered adapter: snowflake=1.7.1
[0m18:54:15.498495 [debug] [MainThread]: Acquiring new snowflake connection 'debug'
[0m18:54:15.499945 [debug] [MainThread]: Using snowflake connection "debug"
[0m18:54:15.501082 [debug] [MainThread]: On debug: select 1 as id
[0m18:54:15.501849 [debug] [MainThread]: Opening a new connection, currently in state init
[0m18:54:17.379894 [debug] [MainThread]: SQL status: SUCCESS 1 in 2.0 seconds
[0m18:54:17.381132 [debug] [MainThread]: On debug: Close
[0m18:54:18.410233 [info ] [MainThread]:   Connection test: [[32mOK connection ok[0m]

[0m18:54:18.410992 [info ] [MainThread]: [32mAll checks passed![0m
[0m18:54:18.412154 [debug] [MainThread]: Resource report: {"command_name": "debug", "command_success": true, "command_wall_clock_time": 3.3017576, "process_user_time": 2.034245, "process_kernel_time": 0.089913, "process_mem_max_rss": "111068", "process_in_blocks": "56", "process_out_blocks": "24"}
[0m18:54:18.412735 [debug] [MainThread]: Command `dbt debug` succeeded at 18:54:18.412585 after 3.30 seconds
[0m18:54:18.413105 [debug] [MainThread]: Connection 'debug' was properly closed.
[0m18:54:18.413566 [debug] [MainThread]: Sending event: {'category': 'dbt', 'action': 'invocation', 'label': 'end', 'context': [<snowplow_tracker.self_describing_json.SelfDescribingJson object at 0x7fd923b6b5e0>, <snowplow_tracker.self_describing_json.SelfDescribingJson object at 0x7fd921eb9e40>, <snowplow_tracker.self_describing_json.SelfDescribingJson object at 0x7fd920e5dab0>]}
[0m18:54:18.414027 [debug] [MainThread]: Flushing usage events
[0m19:06:53.285457 [debug] [MainThread]: Sending event: {'category': 'dbt', 'action': 'invocation', 'label': 'start', 'context': [<snowplow_tracker.self_describing_json.SelfDescribingJson object at 0x7f232d5575e0>, <snowplow_tracker.self_describing_json.SelfDescribingJson object at 0x7f232b8adf00>, <snowplow_tracker.self_describing_json.SelfDescribingJson object at 0x7f232b8aded0>]}


============================== 19:06:53.288556 | 4308c5c2-abc1-4e33-b224-88c924b4c5f7 ==============================
[0m19:06:53.288556 [info ] [MainThread]: Running with dbt=1.7.13
[0m19:06:53.289222 [debug] [MainThread]: running dbt with arguments {'printer_width': '80', 'indirect_selection': 'eager', 'log_cache_events': 'False', 'write_json': 'True', 'partial_parse': 'True', 'cache_selected_only': 'False', 'profiles_dir': '/home/deekshagunde/home/mwaa/aws-mwaa-local-runner/dags/dbttest', 'fail_fast': 'False', 'version_check': 'True', 'log_path': '/home/deekshagunde/home/mwaa/aws-mwaa-local-runner/dags/dbttest/logs', 'debug': 'False', 'warn_error': 'None', 'use_colors': 'True', 'use_experimental_parser': 'False', 'no_print': 'None', 'quiet': 'False', 'log_format': 'default', 'static_parser': 'True', 'warn_error_options': 'WarnErrorOptions(include=[], exclude=[])', 'invocation_command': 'dbt debug', 'target_path': 'None', 'introspect': 'True', 'send_anonymous_usage_stats': 'True'}
[0m19:06:53.289713 [info ] [MainThread]: dbt version: 1.7.13
[0m19:06:53.290102 [info ] [MainThread]: python version: 3.10.12
[0m19:06:53.290459 [info ] [MainThread]: python path: /usr/bin/python3
[0m19:06:53.290798 [info ] [MainThread]: os info: Linux-5.15.146.1-microsoft-standard-WSL2-x86_64-with-glibc2.35
[0m19:06:53.295324 [info ] [MainThread]: Using profiles dir at /home/deekshagunde/home/mwaa/aws-mwaa-local-runner/dags/dbttest
[0m19:06:53.295934 [info ] [MainThread]: Using profiles.yml file at /home/deekshagunde/home/mwaa/aws-mwaa-local-runner/dags/dbttest/profiles.yml
[0m19:06:53.297479 [info ] [MainThread]: Using dbt_project.yml file at /home/deekshagunde/home/mwaa/aws-mwaa-local-runner/dags/dbttest/dbt_project.yml
[0m19:06:53.400605 [info ] [MainThread]: Configuration:
[0m19:06:53.401162 [info ] [MainThread]:   profiles.yml file [[31mERROR invalid[0m]
[0m19:06:53.401487 [info ] [MainThread]:   dbt_project.yml file [[32mOK found and valid[0m]
[0m19:06:53.401797 [info ] [MainThread]: Required dependencies:
[0m19:06:53.402237 [debug] [MainThread]: Executing "git --help"
[0m19:06:53.404217 [debug] [MainThread]: STDOUT: "b"usage: git [--version] [--help] [-C <path>] [-c <name>=<value>]\n           [--exec-path[=<path>]] [--html-path] [--man-path] [--info-path]\n           [-p | --paginate | -P | --no-pager] [--no-replace-objects] [--bare]\n           [--git-dir=<path>] [--work-tree=<path>] [--namespace=<name>]\n           [--super-prefix=<path>] [--config-env=<name>=<envvar>]\n           <command> [<args>]\n\nThese are common Git commands used in various situations:\n\nstart a working area (see also: git help tutorial)\n   clone     Clone a repository into a new directory\n   init      Create an empty Git repository or reinitialize an existing one\n\nwork on the current change (see also: git help everyday)\n   add       Add file contents to the index\n   mv        Move or rename a file, a directory, or a symlink\n   restore   Restore working tree files\n   rm        Remove files from the working tree and from the index\n\nexamine the history and state (see also: git help revisions)\n   bisect    Use binary search to find the commit that introduced a bug\n   diff      Show changes between commits, commit and working tree, etc\n   grep      Print lines matching a pattern\n   log       Show commit logs\n   show      Show various types of objects\n   status    Show the working tree status\n\ngrow, mark and tweak your common history\n   branch    List, create, or delete branches\n   commit    Record changes to the repository\n   merge     Join two or more development histories together\n   rebase    Reapply commits on top of another base tip\n   reset     Reset current HEAD to the specified state\n   switch    Switch branches\n   tag       Create, list, delete or verify a tag object signed with GPG\n\ncollaborate (see also: git help workflows)\n   fetch     Download objects and refs from another repository\n   pull      Fetch from and integrate with another repository or a local branch\n   push      Update remote refs along with associated objects\n\n'git help -a' and 'git help -g' list available subcommands and some\nconcept guides. See 'git help <command>' or 'git help <concept>'\nto read about a specific subcommand or concept.\nSee 'git help git' for an overview of the system.\n""
[0m19:06:53.404625 [debug] [MainThread]: STDERR: "b''"
[0m19:06:53.404871 [info ] [MainThread]:  - git [[32mOK found[0m]

[0m19:06:53.405203 [info ] [MainThread]: Connection test skipped since no profile was found
[0m19:06:53.405599 [info ] [MainThread]: [31m1 check failed:[0m
[0m19:06:53.405887 [info ] [MainThread]: Profile loading failed for the following reason:
Runtime Error
  Could not find profile named 'dbttest'


[0m19:06:53.406831 [debug] [MainThread]: Resource report: {"command_name": "debug", "command_wall_clock_time": 0.17027286, "process_user_time": 1.878362, "process_kernel_time": 0.119895, "process_mem_max_rss": "90144", "process_out_blocks": "32", "command_success": false, "process_in_blocks": "0"}
[0m19:06:53.407456 [debug] [MainThread]: Command `dbt debug` failed at 19:06:53.407318 after 0.17 seconds
[0m19:06:53.407897 [debug] [MainThread]: Sending event: {'category': 'dbt', 'action': 'invocation', 'label': 'end', 'context': [<snowplow_tracker.self_describing_json.SelfDescribingJson object at 0x7f232d5575e0>, <snowplow_tracker.self_describing_json.SelfDescribingJson object at 0x7f232b88ae00>, <snowplow_tracker.self_describing_json.SelfDescribingJson object at 0x7f232b88bc10>]}
[0m19:06:53.408395 [debug] [MainThread]: Flushing usage events
[0m19:07:07.589117 [debug] [MainThread]: Sending event: {'category': 'dbt', 'action': 'invocation', 'label': 'start', 'context': [<snowplow_tracker.self_describing_json.SelfDescribingJson object at 0x7f5d760b7160>, <snowplow_tracker.self_describing_json.SelfDescribingJson object at 0x7f5d743b9f60>, <snowplow_tracker.self_describing_json.SelfDescribingJson object at 0x7f5d743b9f00>]}


============================== 19:07:07.591679 | d8ab301f-a1d4-4683-a159-35349391ea63 ==============================
[0m19:07:07.591679 [info ] [MainThread]: Running with dbt=1.7.13
[0m19:07:07.592303 [debug] [MainThread]: running dbt with arguments {'printer_width': '80', 'indirect_selection': 'eager', 'write_json': 'True', 'log_cache_events': 'False', 'partial_parse': 'True', 'cache_selected_only': 'False', 'profiles_dir': '/home/deekshagunde/home/mwaa/aws-mwaa-local-runner/dags/dbttest', 'version_check': 'True', 'fail_fast': 'False', 'log_path': '/home/deekshagunde/home/mwaa/aws-mwaa-local-runner/dags/dbttest/logs', 'warn_error': 'None', 'debug': 'False', 'use_colors': 'True', 'use_experimental_parser': 'False', 'no_print': 'None', 'quiet': 'False', 'warn_error_options': 'WarnErrorOptions(include=[], exclude=[])', 'static_parser': 'True', 'introspect': 'True', 'invocation_command': 'dbt debug', 'target_path': 'None', 'log_format': 'default', 'send_anonymous_usage_stats': 'True'}
[0m19:07:07.592790 [info ] [MainThread]: dbt version: 1.7.13
[0m19:07:07.593133 [info ] [MainThread]: python version: 3.10.12
[0m19:07:07.593488 [info ] [MainThread]: python path: /usr/bin/python3
[0m19:07:07.593934 [info ] [MainThread]: os info: Linux-5.15.146.1-microsoft-standard-WSL2-x86_64-with-glibc2.35
[0m19:07:07.793910 [info ] [MainThread]: Using profiles dir at /home/deekshagunde/home/mwaa/aws-mwaa-local-runner/dags/dbttest
[0m19:07:07.794640 [info ] [MainThread]: Using profiles.yml file at /home/deekshagunde/home/mwaa/aws-mwaa-local-runner/dags/dbttest/profiles.yml
[0m19:07:07.795145 [info ] [MainThread]: Using dbt_project.yml file at /home/deekshagunde/home/mwaa/aws-mwaa-local-runner/dags/dbttest/dbt_project.yml
[0m19:07:07.795982 [info ] [MainThread]: adapter type: snowflake
[0m19:07:07.796624 [info ] [MainThread]: adapter version: 1.7.1
[0m19:07:07.898426 [info ] [MainThread]: Configuration:
[0m19:07:07.899063 [info ] [MainThread]:   profiles.yml file [[32mOK found and valid[0m]
[0m19:07:07.899427 [info ] [MainThread]:   dbt_project.yml file [[32mOK found and valid[0m]
[0m19:07:07.899764 [info ] [MainThread]: Required dependencies:
[0m19:07:07.900089 [debug] [MainThread]: Executing "git --help"
[0m19:07:07.901706 [debug] [MainThread]: STDOUT: "b"usage: git [--version] [--help] [-C <path>] [-c <name>=<value>]\n           [--exec-path[=<path>]] [--html-path] [--man-path] [--info-path]\n           [-p | --paginate | -P | --no-pager] [--no-replace-objects] [--bare]\n           [--git-dir=<path>] [--work-tree=<path>] [--namespace=<name>]\n           [--super-prefix=<path>] [--config-env=<name>=<envvar>]\n           <command> [<args>]\n\nThese are common Git commands used in various situations:\n\nstart a working area (see also: git help tutorial)\n   clone     Clone a repository into a new directory\n   init      Create an empty Git repository or reinitialize an existing one\n\nwork on the current change (see also: git help everyday)\n   add       Add file contents to the index\n   mv        Move or rename a file, a directory, or a symlink\n   restore   Restore working tree files\n   rm        Remove files from the working tree and from the index\n\nexamine the history and state (see also: git help revisions)\n   bisect    Use binary search to find the commit that introduced a bug\n   diff      Show changes between commits, commit and working tree, etc\n   grep      Print lines matching a pattern\n   log       Show commit logs\n   show      Show various types of objects\n   status    Show the working tree status\n\ngrow, mark and tweak your common history\n   branch    List, create, or delete branches\n   commit    Record changes to the repository\n   merge     Join two or more development histories together\n   rebase    Reapply commits on top of another base tip\n   reset     Reset current HEAD to the specified state\n   switch    Switch branches\n   tag       Create, list, delete or verify a tag object signed with GPG\n\ncollaborate (see also: git help workflows)\n   fetch     Download objects and refs from another repository\n   pull      Fetch from and integrate with another repository or a local branch\n   push      Update remote refs along with associated objects\n\n'git help -a' and 'git help -g' list available subcommands and some\nconcept guides. See 'git help <command>' or 'git help <concept>'\nto read about a specific subcommand or concept.\nSee 'git help git' for an overview of the system.\n""
[0m19:07:07.902112 [debug] [MainThread]: STDERR: "b''"
[0m19:07:07.902389 [info ] [MainThread]:  - git [[32mOK found[0m]

[0m19:07:07.902699 [info ] [MainThread]: Connection:
[0m19:07:07.903018 [info ] [MainThread]:   account: im76549.us-east-2.aws
[0m19:07:07.903317 [info ] [MainThread]:   user: dbtairflow
[0m19:07:07.903685 [info ] [MainThread]:   database: AIRFLOW
[0m19:07:07.904212 [info ] [MainThread]:   warehouse: DATA_WH
[0m19:07:07.904622 [info ] [MainThread]:   role: transformation
[0m19:07:07.905105 [info ] [MainThread]:   schema: DEV
[0m19:07:07.905520 [info ] [MainThread]:   authenticator: None
[0m19:07:07.905896 [info ] [MainThread]:   private_key_path: None
[0m19:07:07.906444 [info ] [MainThread]:   token: None
[0m19:07:07.907945 [info ] [MainThread]:   oauth_client_id: None
[0m19:07:07.908783 [info ] [MainThread]:   query_tag: None
[0m19:07:07.909613 [info ] [MainThread]:   client_session_keep_alive: False
[0m19:07:07.910455 [info ] [MainThread]:   host: None
[0m19:07:07.911099 [info ] [MainThread]:   port: None
[0m19:07:07.911749 [info ] [MainThread]:   proxy_host: None
[0m19:07:07.912211 [info ] [MainThread]:   proxy_port: None
[0m19:07:07.912668 [info ] [MainThread]:   protocol: None
[0m19:07:07.913060 [info ] [MainThread]:   connect_retries: 1
[0m19:07:07.913540 [info ] [MainThread]:   connect_timeout: None
[0m19:07:07.914024 [info ] [MainThread]:   retry_on_database_errors: False
[0m19:07:07.914502 [info ] [MainThread]:   retry_all: False
[0m19:07:07.914898 [info ] [MainThread]:   insecure_mode: False
[0m19:07:07.915291 [info ] [MainThread]:   reuse_connections: None
[0m19:07:07.915876 [info ] [MainThread]: Registered adapter: snowflake=1.7.1
[0m19:07:07.917003 [debug] [MainThread]: Acquiring new snowflake connection 'debug'
[0m19:07:07.918347 [debug] [MainThread]: Using snowflake connection "debug"
[0m19:07:07.918912 [debug] [MainThread]: On debug: select 1 as id
[0m19:07:07.919619 [debug] [MainThread]: Opening a new connection, currently in state init
[0m19:07:08.650243 [debug] [MainThread]: SQL status: SUCCESS 1 in 1.0 seconds
[0m19:07:08.651516 [debug] [MainThread]: On debug: Close
[0m19:07:08.875972 [info ] [MainThread]:   Connection test: [[32mOK connection ok[0m]

[0m19:07:08.876584 [info ] [MainThread]: [32mAll checks passed![0m
[0m19:07:08.877719 [debug] [MainThread]: Resource report: {"command_name": "debug", "command_success": true, "command_wall_clock_time": 1.3268954, "process_user_time": 2.121925, "process_kernel_time": 0.069408, "process_mem_max_rss": "110696", "process_out_blocks": "32", "process_in_blocks": "0"}
[0m19:07:08.878443 [debug] [MainThread]: Command `dbt debug` succeeded at 19:07:08.878263 after 1.33 seconds
[0m19:07:08.878838 [debug] [MainThread]: Connection 'debug' was properly closed.
[0m19:07:08.879236 [debug] [MainThread]: Sending event: {'category': 'dbt', 'action': 'invocation', 'label': 'end', 'context': [<snowplow_tracker.self_describing_json.SelfDescribingJson object at 0x7f5d760b7160>, <snowplow_tracker.self_describing_json.SelfDescribingJson object at 0x7f5d7395e710>, <snowplow_tracker.self_describing_json.SelfDescribingJson object at 0x7f5d743b9ea0>]}
[0m19:07:08.879667 [debug] [MainThread]: Flushing usage events
[0m19:45:53.612746 [debug] [MainThread]: Sending event: {'category': 'dbt', 'action': 'invocation', 'label': 'start', 'context': [<snowplow_tracker.self_describing_json.SelfDescribingJson object at 0x7f83156ba3b0>, <snowplow_tracker.self_describing_json.SelfDescribingJson object at 0x7f8313a11f30>, <snowplow_tracker.self_describing_json.SelfDescribingJson object at 0x7f8313a11ed0>]}


============================== 19:45:53.615449 | 2c0cfe7c-b8f6-41fc-97e4-bfa3a3069ca0 ==============================
[0m19:45:53.615449 [info ] [MainThread]: Running with dbt=1.7.13
[0m19:45:53.616061 [debug] [MainThread]: running dbt with arguments {'printer_width': '80', 'indirect_selection': 'eager', 'log_cache_events': 'False', 'write_json': 'True', 'partial_parse': 'True', 'cache_selected_only': 'False', 'profiles_dir': '/home/deekshagunde/home/mwaa/aws-mwaa-local-runner/dags/dbttest', 'version_check': 'True', 'debug': 'False', 'log_path': '/home/deekshagunde/home/mwaa/aws-mwaa-local-runner/dags/dbttest/logs', 'warn_error': 'None', 'fail_fast': 'False', 'use_colors': 'True', 'use_experimental_parser': 'False', 'no_print': 'None', 'quiet': 'False', 'log_format': 'default', 'introspect': 'True', 'static_parser': 'True', 'warn_error_options': 'WarnErrorOptions(include=[], exclude=[])', 'target_path': 'None', 'invocation_command': 'dbt debug', 'send_anonymous_usage_stats': 'True'}
[0m19:45:53.616461 [info ] [MainThread]: dbt version: 1.7.13
[0m19:45:53.616749 [info ] [MainThread]: python version: 3.10.12
[0m19:45:53.617053 [info ] [MainThread]: python path: /usr/bin/python3
[0m19:45:53.617310 [info ] [MainThread]: os info: Linux-5.15.146.1-microsoft-standard-WSL2-x86_64-with-glibc2.35
[0m19:45:53.781487 [info ] [MainThread]: Using profiles dir at /home/deekshagunde/home/mwaa/aws-mwaa-local-runner/dags/dbttest
[0m19:45:53.782003 [info ] [MainThread]: Using profiles.yml file at /home/deekshagunde/home/mwaa/aws-mwaa-local-runner/dags/dbttest/profiles.yml
[0m19:45:53.782433 [info ] [MainThread]: Using dbt_project.yml file at /home/deekshagunde/home/mwaa/aws-mwaa-local-runner/dags/dbttest/dbt_project.yml
[0m19:45:53.783054 [info ] [MainThread]: adapter type: snowflake
[0m19:45:53.783362 [info ] [MainThread]: adapter version: 1.7.1
[0m19:45:53.848961 [info ] [MainThread]: Configuration:
[0m19:45:53.849476 [info ] [MainThread]:   profiles.yml file [[32mOK found and valid[0m]
[0m19:45:53.849835 [info ] [MainThread]:   dbt_project.yml file [[32mOK found and valid[0m]
[0m19:45:53.850127 [info ] [MainThread]: Required dependencies:
[0m19:45:53.850423 [debug] [MainThread]: Executing "git --help"
[0m19:45:53.852174 [debug] [MainThread]: STDOUT: "b"usage: git [--version] [--help] [-C <path>] [-c <name>=<value>]\n           [--exec-path[=<path>]] [--html-path] [--man-path] [--info-path]\n           [-p | --paginate | -P | --no-pager] [--no-replace-objects] [--bare]\n           [--git-dir=<path>] [--work-tree=<path>] [--namespace=<name>]\n           [--super-prefix=<path>] [--config-env=<name>=<envvar>]\n           <command> [<args>]\n\nThese are common Git commands used in various situations:\n\nstart a working area (see also: git help tutorial)\n   clone     Clone a repository into a new directory\n   init      Create an empty Git repository or reinitialize an existing one\n\nwork on the current change (see also: git help everyday)\n   add       Add file contents to the index\n   mv        Move or rename a file, a directory, or a symlink\n   restore   Restore working tree files\n   rm        Remove files from the working tree and from the index\n\nexamine the history and state (see also: git help revisions)\n   bisect    Use binary search to find the commit that introduced a bug\n   diff      Show changes between commits, commit and working tree, etc\n   grep      Print lines matching a pattern\n   log       Show commit logs\n   show      Show various types of objects\n   status    Show the working tree status\n\ngrow, mark and tweak your common history\n   branch    List, create, or delete branches\n   commit    Record changes to the repository\n   merge     Join two or more development histories together\n   rebase    Reapply commits on top of another base tip\n   reset     Reset current HEAD to the specified state\n   switch    Switch branches\n   tag       Create, list, delete or verify a tag object signed with GPG\n\ncollaborate (see also: git help workflows)\n   fetch     Download objects and refs from another repository\n   pull      Fetch from and integrate with another repository or a local branch\n   push      Update remote refs along with associated objects\n\n'git help -a' and 'git help -g' list available subcommands and some\nconcept guides. See 'git help <command>' or 'git help <concept>'\nto read about a specific subcommand or concept.\nSee 'git help git' for an overview of the system.\n""
[0m19:45:53.852683 [debug] [MainThread]: STDERR: "b''"
[0m19:45:53.853004 [info ] [MainThread]:  - git [[32mOK found[0m]

[0m19:45:53.853321 [info ] [MainThread]: Connection:
[0m19:45:53.853654 [info ] [MainThread]:   account: im76549.us-east-2.aws
[0m19:45:53.853955 [info ] [MainThread]:   user: dbtairflow
[0m19:45:53.854246 [info ] [MainThread]:   database: AIRFLOW
[0m19:45:53.854537 [info ] [MainThread]:   warehouse: DATA_WH
[0m19:45:53.854805 [info ] [MainThread]:   role: transformation
[0m19:45:53.855054 [info ] [MainThread]:   schema: DEV
[0m19:45:53.855300 [info ] [MainThread]:   authenticator: None
[0m19:45:53.855546 [info ] [MainThread]:   private_key_path: None
[0m19:45:53.855794 [info ] [MainThread]:   token: None
[0m19:45:53.856040 [info ] [MainThread]:   oauth_client_id: None
[0m19:45:53.856287 [info ] [MainThread]:   query_tag: None
[0m19:45:53.856540 [info ] [MainThread]:   client_session_keep_alive: False
[0m19:45:53.856815 [info ] [MainThread]:   host: None
[0m19:45:53.857116 [info ] [MainThread]:   port: None
[0m19:45:53.857554 [info ] [MainThread]:   proxy_host: None
[0m19:45:53.857843 [info ] [MainThread]:   proxy_port: None
[0m19:45:53.858098 [info ] [MainThread]:   protocol: None
[0m19:45:53.858367 [info ] [MainThread]:   connect_retries: 1
[0m19:45:53.858620 [info ] [MainThread]:   connect_timeout: None
[0m19:45:53.858866 [info ] [MainThread]:   retry_on_database_errors: False
[0m19:45:53.859111 [info ] [MainThread]:   retry_all: False
[0m19:45:53.859353 [info ] [MainThread]:   insecure_mode: False
[0m19:45:53.859621 [info ] [MainThread]:   reuse_connections: None
[0m19:45:53.859972 [info ] [MainThread]: Registered adapter: snowflake=1.7.1
[0m19:45:53.860455 [debug] [MainThread]: Acquiring new snowflake connection 'debug'
[0m19:45:53.861090 [debug] [MainThread]: Using snowflake connection "debug"
[0m19:45:53.861370 [debug] [MainThread]: On debug: select 1 as id
[0m19:45:53.861646 [debug] [MainThread]: Opening a new connection, currently in state init
[0m19:45:54.440584 [debug] [MainThread]: SQL status: SUCCESS 1 in 1.0 seconds
[0m19:45:54.441698 [debug] [MainThread]: On debug: Close
[0m19:45:54.571288 [info ] [MainThread]:   Connection test: [[32mOK connection ok[0m]

[0m19:45:54.572304 [info ] [MainThread]: [32mAll checks passed![0m
[0m19:45:54.573835 [debug] [MainThread]: Resource report: {"command_name": "debug", "command_success": true, "command_wall_clock_time": 0.99345005, "process_user_time": 1.710388, "process_kernel_time": 0.069437, "process_mem_max_rss": "111096", "process_out_blocks": "32", "process_in_blocks": "0"}
[0m19:45:54.574485 [debug] [MainThread]: Command `dbt debug` succeeded at 19:45:54.574334 after 0.99 seconds
[0m19:45:54.574902 [debug] [MainThread]: Connection 'debug' was properly closed.
[0m19:45:54.575316 [debug] [MainThread]: Sending event: {'category': 'dbt', 'action': 'invocation', 'label': 'end', 'context': [<snowplow_tracker.self_describing_json.SelfDescribingJson object at 0x7f83156ba3b0>, <snowplow_tracker.self_describing_json.SelfDescribingJson object at 0x7f8313a11e70>, <snowplow_tracker.self_describing_json.SelfDescribingJson object at 0x7f83129edcc0>]}
[0m19:45:54.575758 [debug] [MainThread]: Flushing usage events
[0m20:02:07.783092 [debug] [MainThread]: Sending event: {'category': 'dbt', 'action': 'invocation', 'label': 'start', 'context': [<snowplow_tracker.self_describing_json.SelfDescribingJson object at 0x7f2ca86430d0>, <snowplow_tracker.self_describing_json.SelfDescribingJson object at 0x7f2ca699a050>, <snowplow_tracker.self_describing_json.SelfDescribingJson object at 0x7f2ca6999ff0>]}


============================== 20:02:07.785289 | 088a27da-a01e-463f-b66f-bb08f0cdf2b7 ==============================
[0m20:02:07.785289 [info ] [MainThread]: Running with dbt=1.7.13
[0m20:02:07.785887 [debug] [MainThread]: running dbt with arguments {'printer_width': '80', 'indirect_selection': 'eager', 'write_json': 'True', 'log_cache_events': 'False', 'partial_parse': 'True', 'cache_selected_only': 'False', 'profiles_dir': '.', 'debug': 'False', 'warn_error': 'None', 'log_path': '/home/deekshagunde/home/mwaa/aws-mwaa-local-runner/dags/dbttest/logs', 'fail_fast': 'False', 'version_check': 'True', 'use_colors': 'True', 'use_experimental_parser': 'False', 'no_print': 'None', 'quiet': 'False', 'log_format': 'default', 'invocation_command': 'dbt run --full-refresh --models src.* --profiles-dir .', 'introspect': 'True', 'static_parser': 'True', 'target_path': 'None', 'warn_error_options': 'WarnErrorOptions(include=[], exclude=[])', 'send_anonymous_usage_stats': 'True'}
[0m20:02:08.061589 [debug] [MainThread]: Sending event: {'category': 'dbt', 'action': 'project_id', 'label': '088a27da-a01e-463f-b66f-bb08f0cdf2b7', 'context': [<snowplow_tracker.self_describing_json.SelfDescribingJson object at 0x7f2ca699a140>]}
[0m20:02:08.150993 [debug] [MainThread]: Sending event: {'category': 'dbt', 'action': 'adapter_info', 'label': '088a27da-a01e-463f-b66f-bb08f0cdf2b7', 'context': [<snowplow_tracker.self_describing_json.SelfDescribingJson object at 0x7f2ca7367f70>]}
[0m20:02:08.152516 [info ] [MainThread]: Registered adapter: snowflake=1.7.1
[0m20:02:08.170923 [debug] [MainThread]: checksum: 6c24e2ee36a42cedd7e5de2827d214776eb7a8e8f425f6d8acb06c31add0afef, vars: {}, profile: , target: , version: 1.7.13
[0m20:02:08.172037 [info ] [MainThread]: Unable to do partial parsing because saved manifest not found. Starting full parse.
[0m20:02:08.172818 [debug] [MainThread]: Sending event: {'category': 'dbt', 'action': 'partial_parser', 'label': '088a27da-a01e-463f-b66f-bb08f0cdf2b7', 'context': [<snowplow_tracker.self_describing_json.SelfDescribingJson object at 0x7f2ca59596c0>]}
[0m20:02:09.681649 [debug] [MainThread]: Sending event: {'category': 'dbt', 'action': 'load_project', 'label': '088a27da-a01e-463f-b66f-bb08f0cdf2b7', 'context': [<snowplow_tracker.self_describing_json.SelfDescribingJson object at 0x7f2ca5618c40>]}
[0m20:02:09.693006 [debug] [MainThread]: Sending event: {'category': 'dbt', 'action': 'resource_counts', 'label': '088a27da-a01e-463f-b66f-bb08f0cdf2b7', 'context': [<snowplow_tracker.self_describing_json.SelfDescribingJson object at 0x7f2ca43ce950>]}
[0m20:02:09.693684 [info ] [MainThread]: Found 8 models, 2 snapshots, 9 tests, 1 seed, 3 sources, 0 exposures, 0 metrics, 432 macros, 0 groups, 0 semantic models
[0m20:02:09.694233 [debug] [MainThread]: Sending event: {'category': 'dbt', 'action': 'runnable_timing', 'label': '088a27da-a01e-463f-b66f-bb08f0cdf2b7', 'context': [<snowplow_tracker.self_describing_json.SelfDescribingJson object at 0x7f2ca58f9de0>]}
[0m20:02:09.696635 [info ] [MainThread]: 
[0m20:02:09.697707 [debug] [MainThread]: Acquiring new snowflake connection 'master'
[0m20:02:09.700225 [debug] [ThreadPool]: Acquiring new snowflake connection 'list_AIRFLOW'
[0m20:02:09.722623 [debug] [ThreadPool]: Using snowflake connection "list_AIRFLOW"
[0m20:02:09.723284 [debug] [ThreadPool]: On list_AIRFLOW: /* {"app": "dbt", "dbt_version": "1.7.13", "profile_name": "dbttest", "target_name": "dev", "connection_name": "list_AIRFLOW"} */
show terse schemas in database AIRFLOW
    limit 10000
[0m20:02:09.723684 [debug] [ThreadPool]: Opening a new connection, currently in state init
[0m20:02:10.640511 [debug] [ThreadPool]: SQL status: SUCCESS 4 in 1.0 seconds
[0m20:02:10.642506 [debug] [ThreadPool]: On list_AIRFLOW: Close
[0m20:02:10.948983 [debug] [ThreadPool]: Re-using an available connection from the pool (formerly list_AIRFLOW, now list_AIRFLOW_dev)
[0m20:02:10.956219 [debug] [ThreadPool]: Using snowflake connection "list_AIRFLOW_dev"
[0m20:02:10.956625 [debug] [ThreadPool]: On list_AIRFLOW_dev: /* {"app": "dbt", "dbt_version": "1.7.13", "profile_name": "dbttest", "target_name": "dev", "connection_name": "list_AIRFLOW_dev"} */
show terse objects in AIRFLOW.dev limit 10000
[0m20:02:10.956978 [debug] [ThreadPool]: Opening a new connection, currently in state closed
[0m20:02:11.764714 [debug] [ThreadPool]: SQL status: SUCCESS 0 in 1.0 seconds
[0m20:02:11.766615 [debug] [ThreadPool]: On list_AIRFLOW_dev: Close
[0m20:02:11.949004 [debug] [ThreadPool]: Re-using an available connection from the pool (formerly list_AIRFLOW_dev, now list_AIRFLOW_DEV)
[0m20:02:11.951746 [debug] [ThreadPool]: Using snowflake connection "list_AIRFLOW_DEV"
[0m20:02:11.952148 [debug] [ThreadPool]: On list_AIRFLOW_DEV: /* {"app": "dbt", "dbt_version": "1.7.13", "profile_name": "dbttest", "target_name": "dev", "connection_name": "list_AIRFLOW_DEV"} */
show terse objects in AIRFLOW.DEV limit 10000
[0m20:02:11.952475 [debug] [ThreadPool]: Opening a new connection, currently in state closed
[0m20:02:12.574500 [debug] [ThreadPool]: SQL status: SUCCESS 0 in 1.0 seconds
[0m20:02:12.576542 [debug] [ThreadPool]: On list_AIRFLOW_DEV: Close
[0m20:02:15.705751 [debug] [MainThread]: Sending event: {'category': 'dbt', 'action': 'runnable_timing', 'label': '088a27da-a01e-463f-b66f-bb08f0cdf2b7', 'context': [<snowplow_tracker.self_describing_json.SelfDescribingJson object at 0x7f2ca5f327d0>]}
[0m20:02:15.706799 [info ] [MainThread]: Concurrency: 1 threads (target='dev')
[0m20:02:15.707309 [info ] [MainThread]: 
[0m20:02:15.711418 [debug] [Thread-1 (]: Began running node model.dbttest.src_hosts
[0m20:02:15.712077 [info ] [Thread-1 (]: 1 of 3 START sql view model DEV.src_hosts ...................................... [RUN]
[0m20:02:15.713051 [debug] [Thread-1 (]: Re-using an available connection from the pool (formerly list_AIRFLOW_DEV, now model.dbttest.src_hosts)
[0m20:02:15.713545 [debug] [Thread-1 (]: Began compiling node model.dbttest.src_hosts
[0m20:02:15.722896 [debug] [Thread-1 (]: Writing injected SQL for node "model.dbttest.src_hosts"
[0m20:02:15.730992 [debug] [Thread-1 (]: Timing info for model.dbttest.src_hosts (compile): 20:02:15.713802 => 20:02:15.728718
[0m20:02:15.732379 [debug] [Thread-1 (]: Began executing node model.dbttest.src_hosts
[0m20:02:15.765094 [debug] [Thread-1 (]: Writing runtime sql for node "model.dbttest.src_hosts"
[0m20:02:15.767275 [debug] [Thread-1 (]: Using snowflake connection "model.dbttest.src_hosts"
[0m20:02:15.767799 [debug] [Thread-1 (]: On model.dbttest.src_hosts: /* {"app": "dbt", "dbt_version": "1.7.13", "profile_name": "dbttest", "target_name": "dev", "node_id": "model.dbttest.src_hosts"} */
create or replace   view AIRFLOW.DEV.src_hosts
  
   as (
    WITH raw_hosts AS (
    SELECT * FROM AIRFLOW.raw.raw_hosts
)
SELECT 
    id AS host_id,
    name AS host_name,
    is_superhost,
    created_at,
    updated_at
FROM 
    raw_hosts
  );
[0m20:02:15.768288 [debug] [Thread-1 (]: Opening a new connection, currently in state closed
[0m20:02:16.918514 [debug] [Thread-1 (]: SQL status: SUCCESS 1 in 1.0 seconds
[0m20:02:16.940116 [debug] [Thread-1 (]: Timing info for model.dbttest.src_hosts (execute): 20:02:15.733246 => 20:02:16.939814
[0m20:02:16.940797 [debug] [Thread-1 (]: On model.dbttest.src_hosts: Close
[0m20:02:17.051566 [debug] [Thread-1 (]: Sending event: {'category': 'dbt', 'action': 'run_model', 'label': '088a27da-a01e-463f-b66f-bb08f0cdf2b7', 'context': [<snowplow_tracker.self_describing_json.SelfDescribingJson object at 0x7f2ca409bd90>]}
[0m20:02:17.052787 [info ] [Thread-1 (]: 1 of 3 OK created sql view model DEV.src_hosts ................................. [[32mSUCCESS 1[0m in 1.34s]
[0m20:02:17.053890 [debug] [Thread-1 (]: Finished running node model.dbttest.src_hosts
[0m20:02:17.054562 [debug] [Thread-1 (]: Began running node model.dbttest.src_listings
[0m20:02:17.055391 [info ] [Thread-1 (]: 2 of 3 START sql view model DEV.src_listings ................................... [RUN]
[0m20:02:17.056429 [debug] [Thread-1 (]: Re-using an available connection from the pool (formerly model.dbttest.src_hosts, now model.dbttest.src_listings)
[0m20:02:17.057010 [debug] [Thread-1 (]: Began compiling node model.dbttest.src_listings
[0m20:02:17.063261 [debug] [Thread-1 (]: Writing injected SQL for node "model.dbttest.src_listings"
[0m20:02:17.065038 [debug] [Thread-1 (]: Timing info for model.dbttest.src_listings (compile): 20:02:17.057299 => 20:02:17.064544
[0m20:02:17.065605 [debug] [Thread-1 (]: Began executing node model.dbttest.src_listings
[0m20:02:17.070689 [debug] [Thread-1 (]: Writing runtime sql for node "model.dbttest.src_listings"
[0m20:02:17.072514 [debug] [Thread-1 (]: Using snowflake connection "model.dbttest.src_listings"
[0m20:02:17.073216 [debug] [Thread-1 (]: On model.dbttest.src_listings: /* {"app": "dbt", "dbt_version": "1.7.13", "profile_name": "dbttest", "target_name": "dev", "node_id": "model.dbttest.src_listings"} */
create or replace   view AIRFLOW.DEV.src_listings
  
   as (
    WITH raw_listings AS (
    SELECT * FROM AIRFLOW.raw.raw_listings
)
SELECT 
    id AS listing_id,
    name AS listing_name,
    listing_url,
    room_type,
    minimum_nights,
    host_id,
    price AS price_str,
    created_at,
    updated_at
FROM
    raw_listings
  );
[0m20:02:17.073756 [debug] [Thread-1 (]: Opening a new connection, currently in state closed
[0m20:02:17.812839 [debug] [Thread-1 (]: SQL status: SUCCESS 1 in 1.0 seconds
[0m20:02:17.815766 [debug] [Thread-1 (]: Timing info for model.dbttest.src_listings (execute): 20:02:17.065877 => 20:02:17.815587
[0m20:02:17.816130 [debug] [Thread-1 (]: On model.dbttest.src_listings: Close
[0m20:02:18.666947 [debug] [Thread-1 (]: Sending event: {'category': 'dbt', 'action': 'run_model', 'label': '088a27da-a01e-463f-b66f-bb08f0cdf2b7', 'context': [<snowplow_tracker.self_describing_json.SelfDescribingJson object at 0x7f2ca4070970>]}
[0m20:02:18.667975 [info ] [Thread-1 (]: 2 of 3 OK created sql view model DEV.src_listings .............................. [[32mSUCCESS 1[0m in 1.61s]
[0m20:02:18.669293 [debug] [Thread-1 (]: Finished running node model.dbttest.src_listings
[0m20:02:18.670075 [debug] [Thread-1 (]: Began running node model.dbttest.src_reviews
[0m20:02:18.670891 [info ] [Thread-1 (]: 3 of 3 START sql view model DEV.src_reviews .................................... [RUN]
[0m20:02:18.672218 [debug] [Thread-1 (]: Re-using an available connection from the pool (formerly model.dbttest.src_listings, now model.dbttest.src_reviews)
[0m20:02:18.672767 [debug] [Thread-1 (]: Began compiling node model.dbttest.src_reviews
[0m20:02:18.679250 [debug] [Thread-1 (]: Writing injected SQL for node "model.dbttest.src_reviews"
[0m20:02:18.680508 [debug] [Thread-1 (]: Timing info for model.dbttest.src_reviews (compile): 20:02:18.673193 => 20:02:18.679943
[0m20:02:18.681260 [debug] [Thread-1 (]: Began executing node model.dbttest.src_reviews
[0m20:02:18.685923 [debug] [Thread-1 (]: Writing runtime sql for node "model.dbttest.src_reviews"
[0m20:02:18.688580 [debug] [Thread-1 (]: Using snowflake connection "model.dbttest.src_reviews"
[0m20:02:18.689518 [debug] [Thread-1 (]: On model.dbttest.src_reviews: /* {"app": "dbt", "dbt_version": "1.7.13", "profile_name": "dbttest", "target_name": "dev", "node_id": "model.dbttest.src_reviews"} */
create or replace   view AIRFLOW.DEV.src_reviews
  
   as (
    WITH raw_reviews AS(
    SELECT * FROM AIRFLOW.raw.raw_reviews
)
SELECT 
    listing_id,
    date AS review_date,
    reviewer_name,
    comments AS review_text,
    sentiment AS review_sentiment
FROM
    raw_reviews
  );
[0m20:02:18.690061 [debug] [Thread-1 (]: Opening a new connection, currently in state closed
[0m20:02:20.058633 [debug] [Thread-1 (]: SQL status: SUCCESS 1 in 1.0 seconds
[0m20:02:20.061651 [debug] [Thread-1 (]: Timing info for model.dbttest.src_reviews (execute): 20:02:18.681736 => 20:02:20.061192
[0m20:02:20.062440 [debug] [Thread-1 (]: On model.dbttest.src_reviews: Close
[0m20:02:20.367092 [debug] [Thread-1 (]: Sending event: {'category': 'dbt', 'action': 'run_model', 'label': '088a27da-a01e-463f-b66f-bb08f0cdf2b7', 'context': [<snowplow_tracker.self_describing_json.SelfDescribingJson object at 0x7f2ca4072980>]}
[0m20:02:20.368183 [info ] [Thread-1 (]: 3 of 3 OK created sql view model DEV.src_reviews ............................... [[32mSUCCESS 1[0m in 1.70s]
[0m20:02:20.369069 [debug] [Thread-1 (]: Finished running node model.dbttest.src_reviews
[0m20:02:20.371147 [debug] [MainThread]: Connection 'master' was properly closed.
[0m20:02:20.371564 [debug] [MainThread]: Connection 'model.dbttest.src_reviews' was properly closed.
[0m20:02:20.371969 [info ] [MainThread]: 
[0m20:02:20.372417 [info ] [MainThread]: Finished running 3 view models in 0 hours 0 minutes and 10.67 seconds (10.67s).
[0m20:02:20.373437 [debug] [MainThread]: Command end result
[0m20:02:20.390362 [info ] [MainThread]: 
[0m20:02:20.391213 [info ] [MainThread]: [32mCompleted successfully[0m
[0m20:02:20.391900 [info ] [MainThread]: 
[0m20:02:20.392576 [info ] [MainThread]: Done. PASS=3 WARN=0 ERROR=0 SKIP=0 TOTAL=3
[0m20:02:20.393996 [debug] [MainThread]: Resource report: {"command_name": "run", "command_success": true, "command_wall_clock_time": 12.651941, "process_user_time": 3.986194, "process_kernel_time": 0.130202, "process_mem_max_rss": "132100", "process_out_blocks": "2888", "process_in_blocks": "0"}
[0m20:02:20.394814 [debug] [MainThread]: Command `dbt run` succeeded at 20:02:20.394664 after 12.65 seconds
[0m20:02:20.395195 [debug] [MainThread]: Sending event: {'category': 'dbt', 'action': 'invocation', 'label': 'end', 'context': [<snowplow_tracker.self_describing_json.SelfDescribingJson object at 0x7f2ca86430d0>, <snowplow_tracker.self_describing_json.SelfDescribingJson object at 0x7f2ca43ce950>, <snowplow_tracker.self_describing_json.SelfDescribingJson object at 0x7f2ca473d420>]}
[0m20:02:20.395582 [debug] [MainThread]: Flushing usage events
[0m00:08:25.812499 [debug] [MainThread]: Sending event: {'category': 'dbt', 'action': 'invocation', 'label': 'start', 'context': [<snowplow_tracker.self_describing_json.SelfDescribingJson object at 0x7f93c9618150>, <snowplow_tracker.self_describing_json.SelfDescribingJson object at 0x7f93c96189d0>, <snowplow_tracker.self_describing_json.SelfDescribingJson object at 0x7f93c961a2d0>]}


============================== 00:08:25.821452 | 80d1626c-7694-4446-b08e-218c9a7c9412 ==============================
[0m00:08:25.821452 [info ] [MainThread]: Running with dbt=1.7.13
[0m00:08:25.822298 [debug] [MainThread]: running dbt with arguments {'printer_width': '80', 'indirect_selection': 'eager', 'log_cache_events': 'False', 'write_json': 'True', 'partial_parse': 'True', 'cache_selected_only': 'False', 'warn_error': 'None', 'version_check': 'True', 'fail_fast': 'False', 'log_path': '/usr/local/airflow/dags/dbttest/logs', 'profiles_dir': '.', 'debug': 'False', 'use_colors': 'True', 'use_experimental_parser': 'False', 'no_print': 'None', 'quiet': 'False', 'log_format': 'default', 'introspect': 'True', 'static_parser': 'True', 'invocation_command': 'dbt run --full-refresh --models dim.* --profiles-dir .', 'target_path': 'None', 'warn_error_options': 'WarnErrorOptions(include=[], exclude=[])', 'send_anonymous_usage_stats': 'True'}
[0m00:08:26.416100 [debug] [MainThread]: Sending event: {'category': 'dbt', 'action': 'project_id', 'label': '80d1626c-7694-4446-b08e-218c9a7c9412', 'context': [<snowplow_tracker.self_describing_json.SelfDescribingJson object at 0x7f93c85d6010>]}
[0m00:08:26.546642 [debug] [MainThread]: Sending event: {'category': 'dbt', 'action': 'adapter_info', 'label': '80d1626c-7694-4446-b08e-218c9a7c9412', 'context': [<snowplow_tracker.self_describing_json.SelfDescribingJson object at 0x7f93c87714d0>]}
[0m00:08:26.547904 [info ] [MainThread]: Registered adapter: snowflake=1.7.1
[0m00:08:26.559699 [debug] [MainThread]: checksum: 6c24e2ee36a42cedd7e5de2827d214776eb7a8e8f425f6d8acb06c31add0afef, vars: {}, profile: , target: , version: 1.7.13
[0m00:08:26.584450 [info ] [MainThread]: Unable to do partial parsing because a project config has changed
[0m00:08:26.585201 [debug] [MainThread]: Sending event: {'category': 'dbt', 'action': 'partial_parser', 'label': '80d1626c-7694-4446-b08e-218c9a7c9412', 'context': [<snowplow_tracker.self_describing_json.SelfDescribingJson object at 0x7f93c9668d50>]}
[0m00:08:28.518946 [debug] [MainThread]: Sending event: {'category': 'dbt', 'action': 'load_project', 'label': '80d1626c-7694-4446-b08e-218c9a7c9412', 'context': [<snowplow_tracker.self_describing_json.SelfDescribingJson object at 0x7f93c6e5bf10>]}
[0m00:08:28.620732 [debug] [MainThread]: Sending event: {'category': 'dbt', 'action': 'resource_counts', 'label': '80d1626c-7694-4446-b08e-218c9a7c9412', 'context': [<snowplow_tracker.self_describing_json.SelfDescribingJson object at 0x7f93c81865d0>]}
[0m00:08:28.621524 [info ] [MainThread]: Found 8 models, 2 snapshots, 9 tests, 1 seed, 3 sources, 0 exposures, 0 metrics, 432 macros, 0 groups, 0 semantic models
[0m00:08:28.622012 [debug] [MainThread]: Sending event: {'category': 'dbt', 'action': 'runnable_timing', 'label': '80d1626c-7694-4446-b08e-218c9a7c9412', 'context': [<snowplow_tracker.self_describing_json.SelfDescribingJson object at 0x7f93c6e1f1d0>]}
[0m00:08:28.624495 [info ] [MainThread]: 
[0m00:08:28.625345 [debug] [MainThread]: Acquiring new snowflake connection 'master'
[0m00:08:28.627028 [debug] [ThreadPool]: Acquiring new snowflake connection 'list_AIRFLOW'
[0m00:08:28.643129 [debug] [ThreadPool]: Using snowflake connection "list_AIRFLOW"
[0m00:08:28.643727 [debug] [ThreadPool]: On list_AIRFLOW: /* {"app": "dbt", "dbt_version": "1.7.13", "profile_name": "dbttest", "target_name": "dev", "connection_name": "list_AIRFLOW"} */
show terse schemas in database AIRFLOW
    limit 10000
[0m00:08:28.644485 [debug] [ThreadPool]: Opening a new connection, currently in state init
[0m00:08:29.710284 [debug] [ThreadPool]: SQL status: SUCCESS 4 in 1.0 seconds
[0m00:08:29.713168 [debug] [ThreadPool]: On list_AIRFLOW: Close
[0m00:08:29.844451 [debug] [ThreadPool]: Re-using an available connection from the pool (formerly list_AIRFLOW, now list_AIRFLOW_DEV)
[0m00:08:29.858257 [debug] [ThreadPool]: Using snowflake connection "list_AIRFLOW_DEV"
[0m00:08:29.858888 [debug] [ThreadPool]: On list_AIRFLOW_DEV: /* {"app": "dbt", "dbt_version": "1.7.13", "profile_name": "dbttest", "target_name": "dev", "connection_name": "list_AIRFLOW_DEV"} */
show terse objects in AIRFLOW.DEV limit 10000
[0m00:08:29.859380 [debug] [ThreadPool]: Opening a new connection, currently in state closed
[0m00:08:30.440260 [debug] [ThreadPool]: SQL status: SUCCESS 3 in 1.0 seconds
[0m00:08:30.442898 [debug] [ThreadPool]: On list_AIRFLOW_DEV: Close
[0m00:08:30.644337 [debug] [ThreadPool]: Re-using an available connection from the pool (formerly list_AIRFLOW_DEV, now list_AIRFLOW_dev)
[0m00:08:30.651251 [debug] [ThreadPool]: Using snowflake connection "list_AIRFLOW_dev"
[0m00:08:30.651814 [debug] [ThreadPool]: On list_AIRFLOW_dev: /* {"app": "dbt", "dbt_version": "1.7.13", "profile_name": "dbttest", "target_name": "dev", "connection_name": "list_AIRFLOW_dev"} */
show terse objects in AIRFLOW.dev limit 10000
[0m00:08:30.653185 [debug] [ThreadPool]: Opening a new connection, currently in state closed
[0m00:08:31.360156 [debug] [ThreadPool]: SQL status: SUCCESS 3 in 1.0 seconds
[0m00:08:31.362274 [debug] [ThreadPool]: On list_AIRFLOW_dev: Close
[0m00:08:31.531005 [debug] [MainThread]: Sending event: {'category': 'dbt', 'action': 'runnable_timing', 'label': '80d1626c-7694-4446-b08e-218c9a7c9412', 'context': [<snowplow_tracker.self_describing_json.SelfDescribingJson object at 0x7f93c702c410>]}
[0m00:08:31.532112 [info ] [MainThread]: Concurrency: 1 threads (target='dev')
[0m00:08:31.532561 [info ] [MainThread]: 
[0m00:08:31.537351 [debug] [Thread-1 (]: Began running node model.dbttest.dim_hosts_cleansed
[0m00:08:31.538091 [info ] [Thread-1 (]: 1 of 3 START sql view model DEV.dim_hosts_cleansed ............................. [RUN]
[0m00:08:31.539259 [debug] [Thread-1 (]: Re-using an available connection from the pool (formerly list_AIRFLOW_dev, now model.dbttest.dim_hosts_cleansed)
[0m00:08:31.539841 [debug] [Thread-1 (]: Began compiling node model.dbttest.dim_hosts_cleansed
[0m00:08:31.550247 [debug] [Thread-1 (]: Writing injected SQL for node "model.dbttest.dim_hosts_cleansed"
[0m00:08:31.554887 [debug] [Thread-1 (]: Writing injected SQL for node "model.dbttest.dim_hosts_cleansed"
[0m00:08:31.557413 [debug] [Thread-1 (]: Timing info for model.dbttest.dim_hosts_cleansed (compile): 00:08:31.540194 => 00:08:31.556849
[0m00:08:31.558280 [debug] [Thread-1 (]: Began executing node model.dbttest.dim_hosts_cleansed
[0m00:08:31.599891 [debug] [Thread-1 (]: Writing runtime sql for node "model.dbttest.dim_hosts_cleansed"
[0m00:08:31.601681 [debug] [Thread-1 (]: Using snowflake connection "model.dbttest.dim_hosts_cleansed"
[0m00:08:31.602296 [debug] [Thread-1 (]: On model.dbttest.dim_hosts_cleansed: /* {"app": "dbt", "dbt_version": "1.7.13", "profile_name": "dbttest", "target_name": "dev", "node_id": "model.dbttest.dim_hosts_cleansed"} */
create or replace   view AIRFLOW.DEV.dim_hosts_cleansed
  
   as (
    

WITH  __dbt__cte__src_hosts as (
WITH raw_hosts AS (
    SELECT * FROM AIRFLOW.raw.raw_hosts
)
SELECT 
    id AS host_id,
    name AS host_name,
    is_superhost,
    created_at,
    updated_at
FROM 
    raw_hosts
), src_hosts AS (
    SELECT * FROM __dbt__cte__src_hosts
)
SELECT 
    host_id,
    NVL( host_name, 'Anonymous') AS host_name, -- similar to below
    
    is_superhost,
    created_at,
    updated_at
FROM
    src_hosts
  );
[0m00:08:31.602790 [debug] [Thread-1 (]: Opening a new connection, currently in state closed
[0m00:08:32.107688 [debug] [Thread-1 (]: SQL status: SUCCESS 1 in 1.0 seconds
[0m00:08:32.131407 [debug] [Thread-1 (]: Timing info for model.dbttest.dim_hosts_cleansed (execute): 00:08:31.558979 => 00:08:32.131216
[0m00:08:32.131867 [debug] [Thread-1 (]: On model.dbttest.dim_hosts_cleansed: Close
[0m00:08:32.235933 [debug] [Thread-1 (]: Sending event: {'category': 'dbt', 'action': 'run_model', 'label': '80d1626c-7694-4446-b08e-218c9a7c9412', 'context': [<snowplow_tracker.self_describing_json.SelfDescribingJson object at 0x7f93c6e5d490>]}
[0m00:08:32.237945 [info ] [Thread-1 (]: 1 of 3 OK created sql view model DEV.dim_hosts_cleansed ........................ [[32mSUCCESS 1[0m in 0.70s]
[0m00:08:32.239246 [debug] [Thread-1 (]: Finished running node model.dbttest.dim_hosts_cleansed
[0m00:08:32.240170 [debug] [Thread-1 (]: Began running node model.dbttest.dim_listings_cleansed
[0m00:08:32.241380 [info ] [Thread-1 (]: 2 of 3 START sql view model DEV.dim_listings_cleansed .......................... [RUN]
[0m00:08:32.242774 [debug] [Thread-1 (]: Re-using an available connection from the pool (formerly model.dbttest.dim_hosts_cleansed, now model.dbttest.dim_listings_cleansed)
[0m00:08:32.243572 [debug] [Thread-1 (]: Began compiling node model.dbttest.dim_listings_cleansed
[0m00:08:32.254931 [debug] [Thread-1 (]: Writing injected SQL for node "model.dbttest.dim_listings_cleansed"
[0m00:08:32.261306 [debug] [Thread-1 (]: Writing injected SQL for node "model.dbttest.dim_listings_cleansed"
[0m00:08:32.262616 [debug] [Thread-1 (]: Timing info for model.dbttest.dim_listings_cleansed (compile): 00:08:32.243963 => 00:08:32.262138
[0m00:08:32.264238 [debug] [Thread-1 (]: Began executing node model.dbttest.dim_listings_cleansed
[0m00:08:32.272704 [debug] [Thread-1 (]: Writing runtime sql for node "model.dbttest.dim_listings_cleansed"
[0m00:08:32.279712 [debug] [Thread-1 (]: Using snowflake connection "model.dbttest.dim_listings_cleansed"
[0m00:08:32.280536 [debug] [Thread-1 (]: On model.dbttest.dim_listings_cleansed: /* {"app": "dbt", "dbt_version": "1.7.13", "profile_name": "dbttest", "target_name": "dev", "node_id": "model.dbttest.dim_listings_cleansed"} */
create or replace   view AIRFLOW.DEV.dim_listings_cleansed
  
   as (
    

WITH  __dbt__cte__src_listings as (
WITH raw_listings AS (
    SELECT * FROM AIRFLOW.raw.raw_listings
)
SELECT 
    id AS listing_id,
    name AS listing_name,
    listing_url,
    room_type,
    minimum_nights,
    host_id,
    price AS price_str,
    created_at,
    updated_at
FROM
    raw_listings
), src_listings AS (
    SELECT * FROM __dbt__cte__src_listings
)
SELECT
    listing_id,
    listing_name,
    listing_url,
    room_type,
    CASE 
        WHEN minimum_nights = 0 THEN 1
        ELSE minimum_nights
    END AS minimum_nights,
    host_id,
    REPLACE (price_str, '$') :: NUMBER(10,2) AS price,
    created_at,
    updated_at
FROM
    src_listings
  );
[0m00:08:32.281197 [debug] [Thread-1 (]: Opening a new connection, currently in state closed
[0m00:08:33.206268 [debug] [Thread-1 (]: SQL status: SUCCESS 1 in 1.0 seconds
[0m00:08:33.210062 [debug] [Thread-1 (]: Timing info for model.dbttest.dim_listings_cleansed (execute): 00:08:32.264740 => 00:08:33.209791
[0m00:08:33.210477 [debug] [Thread-1 (]: On model.dbttest.dim_listings_cleansed: Close
[0m00:08:33.322586 [debug] [Thread-1 (]: Sending event: {'category': 'dbt', 'action': 'run_model', 'label': '80d1626c-7694-4446-b08e-218c9a7c9412', 'context': [<snowplow_tracker.self_describing_json.SelfDescribingJson object at 0x7f93c6b2b2d0>]}
[0m00:08:33.323588 [info ] [Thread-1 (]: 2 of 3 OK created sql view model DEV.dim_listings_cleansed ..................... [[32mSUCCESS 1[0m in 1.08s]
[0m00:08:33.324610 [debug] [Thread-1 (]: Finished running node model.dbttest.dim_listings_cleansed
[0m00:08:33.326338 [debug] [Thread-1 (]: Began running node model.dbttest.dim_listings_w_hosts
[0m00:08:33.327027 [info ] [Thread-1 (]: 3 of 3 START sql table model DEV.dim_listings_w_hosts .......................... [RUN]
[0m00:08:33.328184 [debug] [Thread-1 (]: Re-using an available connection from the pool (formerly model.dbttest.dim_listings_cleansed, now model.dbttest.dim_listings_w_hosts)
[0m00:08:33.328644 [debug] [Thread-1 (]: Began compiling node model.dbttest.dim_listings_w_hosts
[0m00:08:33.332884 [debug] [Thread-1 (]: Writing injected SQL for node "model.dbttest.dim_listings_w_hosts"
[0m00:08:33.333554 [debug] [Thread-1 (]: Timing info for model.dbttest.dim_listings_w_hosts (compile): 00:08:33.328934 => 00:08:33.333330
[0m00:08:33.333960 [debug] [Thread-1 (]: Began executing node model.dbttest.dim_listings_w_hosts
[0m00:08:33.362469 [debug] [Thread-1 (]: Writing runtime sql for node "model.dbttest.dim_listings_w_hosts"
[0m00:08:33.364216 [debug] [Thread-1 (]: Using snowflake connection "model.dbttest.dim_listings_w_hosts"
[0m00:08:33.364787 [debug] [Thread-1 (]: On model.dbttest.dim_listings_w_hosts: /* {"app": "dbt", "dbt_version": "1.7.13", "profile_name": "dbttest", "target_name": "dev", "node_id": "model.dbttest.dim_listings_w_hosts"} */
create or replace transient table AIRFLOW.DEV.dim_listings_w_hosts
         as
        (WITH l AS (
    SELECT * FROM AIRFLOW.DEV.dim_listings_cleansed
), 
h AS (
    SELECT * FROM AIRFLOW.DEV.dim_hosts_cleansed
)

SELECT 
    l.listing_id,
    l.listing_name,
    l.room_type,
    l.minimum_nights,
    l.price,
    l.host_id,
    h.host_name,
    h.is_superhost AS host_is_superhost,
    l.created_at,
    GREATEST(l.updated_at, h.updated_at) as updated_at
FROM l
LEFT JOIN h ON (h.host_id = l.host_id)
        );
[0m00:08:33.365210 [debug] [Thread-1 (]: Opening a new connection, currently in state closed
[0m00:08:37.101008 [debug] [Thread-1 (]: SQL status: SUCCESS 1 in 4.0 seconds
[0m00:08:37.104712 [debug] [Thread-1 (]: Timing info for model.dbttest.dim_listings_w_hosts (execute): 00:08:33.334282 => 00:08:37.104393
[0m00:08:37.105287 [debug] [Thread-1 (]: On model.dbttest.dim_listings_w_hosts: Close
[0m00:08:37.237675 [debug] [Thread-1 (]: Sending event: {'category': 'dbt', 'action': 'run_model', 'label': '80d1626c-7694-4446-b08e-218c9a7c9412', 'context': [<snowplow_tracker.self_describing_json.SelfDescribingJson object at 0x7f93c6b2cf10>]}
[0m00:08:37.238696 [info ] [Thread-1 (]: 3 of 3 OK created sql table model DEV.dim_listings_w_hosts ..................... [[32mSUCCESS 1[0m in 3.91s]
[0m00:08:37.239573 [debug] [Thread-1 (]: Finished running node model.dbttest.dim_listings_w_hosts
[0m00:08:37.242801 [debug] [MainThread]: Connection 'master' was properly closed.
[0m00:08:37.243406 [debug] [MainThread]: Connection 'model.dbttest.dim_listings_w_hosts' was properly closed.
[0m00:08:37.243905 [info ] [MainThread]: 
[0m00:08:37.244831 [info ] [MainThread]: Finished running 2 view models, 1 table model in 0 hours 0 minutes and 8.62 seconds (8.62s).
[0m00:08:37.246069 [debug] [MainThread]: Command end result
[0m00:08:37.259923 [info ] [MainThread]: 
[0m00:08:37.260657 [info ] [MainThread]: [32mCompleted successfully[0m
[0m00:08:37.261160 [info ] [MainThread]: 
[0m00:08:37.261626 [info ] [MainThread]: Done. PASS=3 WARN=0 ERROR=0 SKIP=0 TOTAL=3
[0m00:08:37.262919 [debug] [MainThread]: Resource report: {"command_name": "run", "command_success": true, "command_wall_clock_time": 11.506469, "process_user_time": 5.799738, "process_kernel_time": 0.933175, "process_mem_max_rss": "137976", "process_in_blocks": "13784", "process_out_blocks": "3768"}
[0m00:08:37.263869 [debug] [MainThread]: Command `dbt run` succeeded at 00:08:37.263676 after 11.51 seconds
[0m00:08:37.264380 [debug] [MainThread]: Sending event: {'category': 'dbt', 'action': 'invocation', 'label': 'end', 'context': [<snowplow_tracker.self_describing_json.SelfDescribingJson object at 0x7f93c9623750>, <snowplow_tracker.self_describing_json.SelfDescribingJson object at 0x7f93cd9d7d10>, <snowplow_tracker.self_describing_json.SelfDescribingJson object at 0x7f93cd9d7290>]}
[0m00:08:37.264874 [debug] [MainThread]: Flushing usage events
[0m00:11:08.865696 [debug] [MainThread]: Sending event: {'category': 'dbt', 'action': 'invocation', 'label': 'start', 'context': [<snowplow_tracker.self_describing_json.SelfDescribingJson object at 0x7fcb403fd4d0>, <snowplow_tracker.self_describing_json.SelfDescribingJson object at 0x7fcb403fe110>, <snowplow_tracker.self_describing_json.SelfDescribingJson object at 0x7fcb403fc9d0>]}


============================== 00:11:08.869722 | ebc4a070-1103-49ec-aa6a-f57c67496359 ==============================
[0m00:11:08.869722 [info ] [MainThread]: Running with dbt=1.7.13
[0m00:11:08.870599 [debug] [MainThread]: running dbt with arguments {'printer_width': '80', 'indirect_selection': 'eager', 'log_cache_events': 'False', 'write_json': 'True', 'partial_parse': 'True', 'cache_selected_only': 'False', 'warn_error': 'None', 'version_check': 'True', 'debug': 'False', 'log_path': '/usr/local/airflow/dags/dbttest/logs', 'profiles_dir': '.', 'fail_fast': 'False', 'use_colors': 'True', 'use_experimental_parser': 'False', 'no_print': 'None', 'quiet': 'False', 'warn_error_options': 'WarnErrorOptions(include=[], exclude=[])', 'introspect': 'True', 'invocation_command': 'dbt run --full-refresh --models dim.* --profiles-dir .', 'static_parser': 'True', 'target_path': 'None', 'log_format': 'default', 'send_anonymous_usage_stats': 'True'}
[0m00:11:09.290068 [debug] [MainThread]: Sending event: {'category': 'dbt', 'action': 'project_id', 'label': 'ebc4a070-1103-49ec-aa6a-f57c67496359', 'context': [<snowplow_tracker.self_describing_json.SelfDescribingJson object at 0x7fcb3f3b9590>]}
[0m00:11:09.414945 [debug] [MainThread]: Sending event: {'category': 'dbt', 'action': 'adapter_info', 'label': 'ebc4a070-1103-49ec-aa6a-f57c67496359', 'context': [<snowplow_tracker.self_describing_json.SelfDescribingJson object at 0x7fcb3f88af90>]}
[0m00:11:09.416180 [info ] [MainThread]: Registered adapter: snowflake=1.7.1
[0m00:11:09.430782 [debug] [MainThread]: checksum: 6c24e2ee36a42cedd7e5de2827d214776eb7a8e8f425f6d8acb06c31add0afef, vars: {}, profile: , target: , version: 1.7.13
[0m00:11:09.462929 [debug] [MainThread]: Partial parsing enabled: 0 files deleted, 0 files added, 0 files changed.
[0m00:11:09.463407 [debug] [MainThread]: Partial parsing enabled, no changes found, skipping parsing
[0m00:11:09.469851 [debug] [MainThread]: Sending event: {'category': 'dbt', 'action': 'load_project', 'label': 'ebc4a070-1103-49ec-aa6a-f57c67496359', 'context': [<snowplow_tracker.self_describing_json.SelfDescribingJson object at 0x7fcb3f22e9d0>]}
[0m00:11:09.549716 [debug] [MainThread]: Sending event: {'category': 'dbt', 'action': 'resource_counts', 'label': 'ebc4a070-1103-49ec-aa6a-f57c67496359', 'context': [<snowplow_tracker.self_describing_json.SelfDescribingJson object at 0x7fcb40d61e50>]}
[0m00:11:09.550441 [info ] [MainThread]: Found 8 models, 2 snapshots, 9 tests, 1 seed, 3 sources, 0 exposures, 0 metrics, 432 macros, 0 groups, 0 semantic models
[0m00:11:09.550935 [debug] [MainThread]: Sending event: {'category': 'dbt', 'action': 'runnable_timing', 'label': 'ebc4a070-1103-49ec-aa6a-f57c67496359', 'context': [<snowplow_tracker.self_describing_json.SelfDescribingJson object at 0x7fcb3f3bd790>]}
[0m00:11:09.552868 [info ] [MainThread]: 
[0m00:11:09.553768 [debug] [MainThread]: Acquiring new snowflake connection 'master'
[0m00:11:09.555886 [debug] [ThreadPool]: Acquiring new snowflake connection 'list_AIRFLOW'
[0m00:11:09.571049 [debug] [ThreadPool]: Using snowflake connection "list_AIRFLOW"
[0m00:11:09.571609 [debug] [ThreadPool]: On list_AIRFLOW: /* {"app": "dbt", "dbt_version": "1.7.13", "profile_name": "dbttest", "target_name": "dev", "connection_name": "list_AIRFLOW"} */
show terse schemas in database AIRFLOW
    limit 10000
[0m00:11:09.571988 [debug] [ThreadPool]: Opening a new connection, currently in state init
[0m00:11:12.480987 [debug] [ThreadPool]: SQL status: SUCCESS 4 in 3.0 seconds
[0m00:11:12.483544 [debug] [ThreadPool]: On list_AIRFLOW: Close
[0m00:11:12.722056 [debug] [ThreadPool]: Re-using an available connection from the pool (formerly list_AIRFLOW, now list_AIRFLOW_dev)
[0m00:11:12.735438 [debug] [ThreadPool]: Using snowflake connection "list_AIRFLOW_dev"
[0m00:11:12.735977 [debug] [ThreadPool]: On list_AIRFLOW_dev: /* {"app": "dbt", "dbt_version": "1.7.13", "profile_name": "dbttest", "target_name": "dev", "connection_name": "list_AIRFLOW_dev"} */
show terse objects in AIRFLOW.dev limit 10000
[0m00:11:12.736336 [debug] [ThreadPool]: Opening a new connection, currently in state closed
[0m00:11:13.366516 [debug] [ThreadPool]: SQL status: SUCCESS 0 in 1.0 seconds
[0m00:11:13.368745 [debug] [ThreadPool]: On list_AIRFLOW_dev: Close
[0m00:11:13.552612 [debug] [ThreadPool]: Re-using an available connection from the pool (formerly list_AIRFLOW_dev, now list_AIRFLOW_DEV)
[0m00:11:13.556838 [debug] [ThreadPool]: Using snowflake connection "list_AIRFLOW_DEV"
[0m00:11:13.557583 [debug] [ThreadPool]: On list_AIRFLOW_DEV: /* {"app": "dbt", "dbt_version": "1.7.13", "profile_name": "dbttest", "target_name": "dev", "connection_name": "list_AIRFLOW_DEV"} */
show terse objects in AIRFLOW.DEV limit 10000
[0m00:11:13.559012 [debug] [ThreadPool]: Opening a new connection, currently in state closed
[0m00:11:14.132422 [debug] [ThreadPool]: SQL status: SUCCESS 0 in 1.0 seconds
[0m00:11:14.134638 [debug] [ThreadPool]: On list_AIRFLOW_DEV: Close
[0m00:11:14.266790 [debug] [MainThread]: Sending event: {'category': 'dbt', 'action': 'runnable_timing', 'label': 'ebc4a070-1103-49ec-aa6a-f57c67496359', 'context': [<snowplow_tracker.self_describing_json.SelfDescribingJson object at 0x7fcb3f2822d0>]}
[0m00:11:14.268294 [info ] [MainThread]: Concurrency: 1 threads (target='dev')
[0m00:11:14.268993 [info ] [MainThread]: 
[0m00:11:14.272582 [debug] [Thread-1 (]: Began running node model.dbttest.dim_hosts_cleansed
[0m00:11:14.273411 [info ] [Thread-1 (]: 1 of 3 START sql view model DEV.dim_hosts_cleansed ............................. [RUN]
[0m00:11:14.275273 [debug] [Thread-1 (]: Re-using an available connection from the pool (formerly list_AIRFLOW_DEV, now model.dbttest.dim_hosts_cleansed)
[0m00:11:14.276991 [debug] [Thread-1 (]: Began compiling node model.dbttest.dim_hosts_cleansed
[0m00:11:14.296030 [debug] [Thread-1 (]: Writing injected SQL for node "model.dbttest.dim_hosts_cleansed"
[0m00:11:14.301417 [debug] [Thread-1 (]: Writing injected SQL for node "model.dbttest.dim_hosts_cleansed"
[0m00:11:14.302972 [debug] [Thread-1 (]: Timing info for model.dbttest.dim_hosts_cleansed (compile): 00:11:14.278331 => 00:11:14.302569
[0m00:11:14.303576 [debug] [Thread-1 (]: Began executing node model.dbttest.dim_hosts_cleansed
[0m00:11:14.349907 [debug] [Thread-1 (]: Writing runtime sql for node "model.dbttest.dim_hosts_cleansed"
[0m00:11:14.351604 [debug] [Thread-1 (]: Using snowflake connection "model.dbttest.dim_hosts_cleansed"
[0m00:11:14.352285 [debug] [Thread-1 (]: On model.dbttest.dim_hosts_cleansed: /* {"app": "dbt", "dbt_version": "1.7.13", "profile_name": "dbttest", "target_name": "dev", "node_id": "model.dbttest.dim_hosts_cleansed"} */
create or replace   view AIRFLOW.DEV.dim_hosts_cleansed
  
   as (
    

WITH  __dbt__cte__src_hosts as (
WITH raw_hosts AS (
    SELECT * FROM AIRFLOW.raw.raw_hosts
)
SELECT 
    id AS host_id,
    name AS host_name,
    is_superhost,
    created_at,
    updated_at
FROM 
    raw_hosts
), src_hosts AS (
    SELECT * FROM __dbt__cte__src_hosts
)
SELECT 
    host_id,
    NVL( host_name, 'Anonymous') AS host_name, -- similar to below
    
    is_superhost,
    created_at,
    updated_at
FROM
    src_hosts
  );
[0m00:11:14.352819 [debug] [Thread-1 (]: Opening a new connection, currently in state closed
[0m00:11:15.405508 [debug] [Thread-1 (]: SQL status: SUCCESS 1 in 1.0 seconds
[0m00:11:15.434515 [debug] [Thread-1 (]: Timing info for model.dbttest.dim_hosts_cleansed (execute): 00:11:14.304458 => 00:11:15.434280
[0m00:11:15.435302 [debug] [Thread-1 (]: On model.dbttest.dim_hosts_cleansed: Close
[0m00:11:15.621997 [debug] [Thread-1 (]: Sending event: {'category': 'dbt', 'action': 'run_model', 'label': 'ebc4a070-1103-49ec-aa6a-f57c67496359', 'context': [<snowplow_tracker.self_describing_json.SelfDescribingJson object at 0x7fcb3f88af10>]}
[0m00:11:15.622929 [info ] [Thread-1 (]: 1 of 3 OK created sql view model DEV.dim_hosts_cleansed ........................ [[32mSUCCESS 1[0m in 1.35s]
[0m00:11:15.623692 [debug] [Thread-1 (]: Finished running node model.dbttest.dim_hosts_cleansed
[0m00:11:15.624625 [debug] [Thread-1 (]: Began running node model.dbttest.dim_listings_cleansed
[0m00:11:15.625673 [info ] [Thread-1 (]: 2 of 3 START sql view model DEV.dim_listings_cleansed .......................... [RUN]
[0m00:11:15.627773 [debug] [Thread-1 (]: Re-using an available connection from the pool (formerly model.dbttest.dim_hosts_cleansed, now model.dbttest.dim_listings_cleansed)
[0m00:11:15.628820 [debug] [Thread-1 (]: Began compiling node model.dbttest.dim_listings_cleansed
[0m00:11:15.635961 [debug] [Thread-1 (]: Writing injected SQL for node "model.dbttest.dim_listings_cleansed"
[0m00:11:15.640650 [debug] [Thread-1 (]: Writing injected SQL for node "model.dbttest.dim_listings_cleansed"
[0m00:11:15.642824 [debug] [Thread-1 (]: Timing info for model.dbttest.dim_listings_cleansed (compile): 00:11:15.629162 => 00:11:15.642234
[0m00:11:15.643604 [debug] [Thread-1 (]: Began executing node model.dbttest.dim_listings_cleansed
[0m00:11:15.650368 [debug] [Thread-1 (]: Writing runtime sql for node "model.dbttest.dim_listings_cleansed"
[0m00:11:15.652186 [debug] [Thread-1 (]: Using snowflake connection "model.dbttest.dim_listings_cleansed"
[0m00:11:15.652681 [debug] [Thread-1 (]: On model.dbttest.dim_listings_cleansed: /* {"app": "dbt", "dbt_version": "1.7.13", "profile_name": "dbttest", "target_name": "dev", "node_id": "model.dbttest.dim_listings_cleansed"} */
create or replace   view AIRFLOW.DEV.dim_listings_cleansed
  
   as (
    

WITH  __dbt__cte__src_listings as (
WITH raw_listings AS (
    SELECT * FROM AIRFLOW.raw.raw_listings
)
SELECT 
    id AS listing_id,
    name AS listing_name,
    listing_url,
    room_type,
    minimum_nights,
    host_id,
    price AS price_str,
    created_at,
    updated_at
FROM
    raw_listings
), src_listings AS (
    SELECT * FROM __dbt__cte__src_listings
)
SELECT
    listing_id,
    listing_name,
    listing_url,
    room_type,
    CASE 
        WHEN minimum_nights = 0 THEN 1
        ELSE minimum_nights
    END AS minimum_nights,
    host_id,
    REPLACE (price_str, '$') :: NUMBER(10,2) AS price,
    created_at,
    updated_at
FROM
    src_listings
  );
[0m00:11:15.653082 [debug] [Thread-1 (]: Opening a new connection, currently in state closed
[0m00:11:16.327539 [debug] [Thread-1 (]: SQL status: SUCCESS 1 in 1.0 seconds
[0m00:11:16.330443 [debug] [Thread-1 (]: Timing info for model.dbttest.dim_listings_cleansed (execute): 00:11:15.643989 => 00:11:16.330216
[0m00:11:16.330902 [debug] [Thread-1 (]: On model.dbttest.dim_listings_cleansed: Close
[0m00:11:16.439185 [debug] [Thread-1 (]: Sending event: {'category': 'dbt', 'action': 'run_model', 'label': 'ebc4a070-1103-49ec-aa6a-f57c67496359', 'context': [<snowplow_tracker.self_describing_json.SelfDescribingJson object at 0x7fcb3effbc50>]}
[0m00:11:16.440193 [info ] [Thread-1 (]: 2 of 3 OK created sql view model DEV.dim_listings_cleansed ..................... [[32mSUCCESS 1[0m in 0.81s]
[0m00:11:16.441481 [debug] [Thread-1 (]: Finished running node model.dbttest.dim_listings_cleansed
[0m00:11:16.443171 [debug] [Thread-1 (]: Began running node model.dbttest.dim_listings_w_hosts
[0m00:11:16.443766 [info ] [Thread-1 (]: 3 of 3 START sql table model DEV.dim_listings_w_hosts .......................... [RUN]
[0m00:11:16.444697 [debug] [Thread-1 (]: Re-using an available connection from the pool (formerly model.dbttest.dim_listings_cleansed, now model.dbttest.dim_listings_w_hosts)
[0m00:11:16.445130 [debug] [Thread-1 (]: Began compiling node model.dbttest.dim_listings_w_hosts
[0m00:11:16.448879 [debug] [Thread-1 (]: Writing injected SQL for node "model.dbttest.dim_listings_w_hosts"
[0m00:11:16.449601 [debug] [Thread-1 (]: Timing info for model.dbttest.dim_listings_w_hosts (compile): 00:11:16.445390 => 00:11:16.449364
[0m00:11:16.450020 [debug] [Thread-1 (]: Began executing node model.dbttest.dim_listings_w_hosts
[0m00:11:16.479089 [debug] [Thread-1 (]: Writing runtime sql for node "model.dbttest.dim_listings_w_hosts"
[0m00:11:16.480626 [debug] [Thread-1 (]: Using snowflake connection "model.dbttest.dim_listings_w_hosts"
[0m00:11:16.481143 [debug] [Thread-1 (]: On model.dbttest.dim_listings_w_hosts: /* {"app": "dbt", "dbt_version": "1.7.13", "profile_name": "dbttest", "target_name": "dev", "node_id": "model.dbttest.dim_listings_w_hosts"} */
create or replace transient table AIRFLOW.DEV.dim_listings_w_hosts
         as
        (WITH l AS (
    SELECT * FROM AIRFLOW.DEV.dim_listings_cleansed
), 
h AS (
    SELECT * FROM AIRFLOW.DEV.dim_hosts_cleansed
)

SELECT 
    l.listing_id,
    l.listing_name,
    l.room_type,
    l.minimum_nights,
    l.price,
    l.host_id,
    h.host_name,
    h.is_superhost AS host_is_superhost,
    l.created_at,
    GREATEST(l.updated_at, h.updated_at) as updated_at
FROM l
LEFT JOIN h ON (h.host_id = l.host_id)
        );
[0m00:11:16.481585 [debug] [Thread-1 (]: Opening a new connection, currently in state closed
[0m00:11:18.683510 [debug] [Thread-1 (]: SQL status: SUCCESS 1 in 2.0 seconds
[0m00:11:18.687361 [debug] [Thread-1 (]: Timing info for model.dbttest.dim_listings_w_hosts (execute): 00:11:16.450284 => 00:11:18.687019
[0m00:11:18.688035 [debug] [Thread-1 (]: On model.dbttest.dim_listings_w_hosts: Close
[0m00:11:18.806312 [debug] [Thread-1 (]: Sending event: {'category': 'dbt', 'action': 'run_model', 'label': 'ebc4a070-1103-49ec-aa6a-f57c67496359', 'context': [<snowplow_tracker.self_describing_json.SelfDescribingJson object at 0x7fcb3f3f2910>]}
[0m00:11:18.807383 [info ] [Thread-1 (]: 3 of 3 OK created sql table model DEV.dim_listings_w_hosts ..................... [[32mSUCCESS 1[0m in 2.36s]
[0m00:11:18.808377 [debug] [Thread-1 (]: Finished running node model.dbttest.dim_listings_w_hosts
[0m00:11:18.812340 [debug] [MainThread]: Connection 'master' was properly closed.
[0m00:11:18.812904 [debug] [MainThread]: Connection 'model.dbttest.dim_listings_w_hosts' was properly closed.
[0m00:11:18.813334 [info ] [MainThread]: 
[0m00:11:18.813786 [info ] [MainThread]: Finished running 2 view models, 1 table model in 0 hours 0 minutes and 9.26 seconds (9.26s).
[0m00:11:18.814949 [debug] [MainThread]: Command end result
[0m00:11:18.824344 [info ] [MainThread]: 
[0m00:11:18.825315 [info ] [MainThread]: [32mCompleted successfully[0m
[0m00:11:18.826029 [info ] [MainThread]: 
[0m00:11:18.826555 [info ] [MainThread]: Done. PASS=3 WARN=0 ERROR=0 SKIP=0 TOTAL=3
[0m00:11:18.827618 [debug] [MainThread]: Resource report: {"command_name": "run", "command_success": true, "command_wall_clock_time": 10.016184, "process_user_time": 3.463875, "process_kernel_time": 0.222172, "process_mem_max_rss": "128976", "process_in_blocks": "3416", "process_out_blocks": "2016"}
[0m00:11:18.828201 [debug] [MainThread]: Command `dbt run` succeeded at 00:11:18.828016 after 10.02 seconds
[0m00:11:18.828761 [debug] [MainThread]: Sending event: {'category': 'dbt', 'action': 'invocation', 'label': 'end', 'context': [<snowplow_tracker.self_describing_json.SelfDescribingJson object at 0x7fcb408157d0>, <snowplow_tracker.self_describing_json.SelfDescribingJson object at 0x7fcb403f3fd0>, <snowplow_tracker.self_describing_json.SelfDescribingJson object at 0x7fcb4493f290>]}
[0m00:11:18.829203 [debug] [MainThread]: Flushing usage events
[0m00:17:43.973002 [debug] [MainThread]: Sending event: {'category': 'dbt', 'action': 'invocation', 'label': 'start', 'context': [<snowplow_tracker.self_describing_json.SelfDescribingJson object at 0x7ff65b487c10>, <snowplow_tracker.self_describing_json.SelfDescribingJson object at 0x7ff65a6d95d0>, <snowplow_tracker.self_describing_json.SelfDescribingJson object at 0x7ff65a71ab10>]}


============================== 00:17:43.977974 | d34672e3-5a41-44d0-b39d-96534d08a5c9 ==============================
[0m00:17:43.977974 [info ] [MainThread]: Running with dbt=1.7.13
[0m00:17:43.978668 [debug] [MainThread]: running dbt with arguments {'printer_width': '80', 'indirect_selection': 'eager', 'write_json': 'True', 'log_cache_events': 'False', 'partial_parse': 'True', 'cache_selected_only': 'False', 'profiles_dir': '.', 'debug': 'False', 'version_check': 'True', 'log_path': '/usr/local/airflow/dags/dbttest/logs', 'fail_fast': 'False', 'warn_error': 'None', 'use_colors': 'True', 'use_experimental_parser': 'False', 'no_print': 'None', 'quiet': 'False', 'log_format': 'default', 'static_parser': 'True', 'introspect': 'True', 'warn_error_options': 'WarnErrorOptions(include=[], exclude=[])', 'target_path': 'None', 'invocation_command': 'dbt run --full-refresh --models dim.* --profiles-dir .', 'send_anonymous_usage_stats': 'True'}
[0m00:17:44.591221 [debug] [MainThread]: Sending event: {'category': 'dbt', 'action': 'project_id', 'label': 'd34672e3-5a41-44d0-b39d-96534d08a5c9', 'context': [<snowplow_tracker.self_describing_json.SelfDescribingJson object at 0x7ff6596a0b10>]}
[0m00:17:44.719835 [debug] [MainThread]: Sending event: {'category': 'dbt', 'action': 'adapter_info', 'label': 'd34672e3-5a41-44d0-b39d-96534d08a5c9', 'context': [<snowplow_tracker.self_describing_json.SelfDescribingJson object at 0x7ff65b09f710>]}
[0m00:17:44.720962 [info ] [MainThread]: Registered adapter: snowflake=1.7.1
[0m00:17:44.730227 [debug] [MainThread]: checksum: 6c24e2ee36a42cedd7e5de2827d214776eb7a8e8f425f6d8acb06c31add0afef, vars: {}, profile: , target: , version: 1.7.13
[0m00:17:44.793962 [debug] [MainThread]: Partial parsing enabled: 0 files deleted, 0 files added, 0 files changed.
[0m00:17:44.794475 [debug] [MainThread]: Partial parsing enabled, no changes found, skipping parsing
[0m00:17:44.801648 [debug] [MainThread]: Sending event: {'category': 'dbt', 'action': 'load_project', 'label': 'd34672e3-5a41-44d0-b39d-96534d08a5c9', 'context': [<snowplow_tracker.self_describing_json.SelfDescribingJson object at 0x7ff6594f6d90>]}
[0m00:17:44.896727 [debug] [MainThread]: Sending event: {'category': 'dbt', 'action': 'resource_counts', 'label': 'd34672e3-5a41-44d0-b39d-96534d08a5c9', 'context': [<snowplow_tracker.self_describing_json.SelfDescribingJson object at 0x7ff65962bd90>]}
[0m00:17:44.897336 [info ] [MainThread]: Found 8 models, 2 snapshots, 9 tests, 1 seed, 3 sources, 0 exposures, 0 metrics, 432 macros, 0 groups, 0 semantic models
[0m00:17:44.897756 [debug] [MainThread]: Sending event: {'category': 'dbt', 'action': 'runnable_timing', 'label': 'd34672e3-5a41-44d0-b39d-96534d08a5c9', 'context': [<snowplow_tracker.self_describing_json.SelfDescribingJson object at 0x7ff6596e5250>]}
[0m00:17:44.900239 [info ] [MainThread]: 
[0m00:17:44.901338 [debug] [MainThread]: Acquiring new snowflake connection 'master'
[0m00:17:44.903914 [debug] [ThreadPool]: Acquiring new snowflake connection 'list_AIRFLOW'
[0m00:17:44.919447 [debug] [ThreadPool]: Using snowflake connection "list_AIRFLOW"
[0m00:17:44.920158 [debug] [ThreadPool]: On list_AIRFLOW: /* {"app": "dbt", "dbt_version": "1.7.13", "profile_name": "dbttest", "target_name": "dev", "connection_name": "list_AIRFLOW"} */
show terse schemas in database AIRFLOW
    limit 10000
[0m00:17:44.920615 [debug] [ThreadPool]: Opening a new connection, currently in state init
[0m00:17:45.526181 [debug] [ThreadPool]: SQL status: SUCCESS 4 in 1.0 seconds
[0m00:17:45.528606 [debug] [ThreadPool]: On list_AIRFLOW: Close
[0m00:17:45.673817 [debug] [ThreadPool]: Re-using an available connection from the pool (formerly list_AIRFLOW, now list_AIRFLOW_DEV)
[0m00:17:45.692002 [debug] [ThreadPool]: Using snowflake connection "list_AIRFLOW_DEV"
[0m00:17:45.692476 [debug] [ThreadPool]: On list_AIRFLOW_DEV: /* {"app": "dbt", "dbt_version": "1.7.13", "profile_name": "dbttest", "target_name": "dev", "connection_name": "list_AIRFLOW_DEV"} */
show terse objects in AIRFLOW.DEV limit 10000
[0m00:17:45.692779 [debug] [ThreadPool]: Opening a new connection, currently in state closed
[0m00:17:46.256637 [debug] [ThreadPool]: SQL status: SUCCESS 0 in 1.0 seconds
[0m00:17:46.259092 [debug] [ThreadPool]: On list_AIRFLOW_DEV: Close
[0m00:17:46.400366 [debug] [ThreadPool]: Re-using an available connection from the pool (formerly list_AIRFLOW_DEV, now list_AIRFLOW_dev)
[0m00:17:46.406122 [debug] [ThreadPool]: Using snowflake connection "list_AIRFLOW_dev"
[0m00:17:46.406803 [debug] [ThreadPool]: On list_AIRFLOW_dev: /* {"app": "dbt", "dbt_version": "1.7.13", "profile_name": "dbttest", "target_name": "dev", "connection_name": "list_AIRFLOW_dev"} */
show terse objects in AIRFLOW.dev limit 10000
[0m00:17:46.407391 [debug] [ThreadPool]: Opening a new connection, currently in state closed
[0m00:17:46.897055 [debug] [ThreadPool]: SQL status: SUCCESS 0 in 0.0 seconds
[0m00:17:46.899224 [debug] [ThreadPool]: On list_AIRFLOW_dev: Close
[0m00:17:47.190547 [debug] [MainThread]: Sending event: {'category': 'dbt', 'action': 'runnable_timing', 'label': 'd34672e3-5a41-44d0-b39d-96534d08a5c9', 'context': [<snowplow_tracker.self_describing_json.SelfDescribingJson object at 0x7ff6594c2290>]}
[0m00:17:47.191731 [info ] [MainThread]: Concurrency: 1 threads (target='dev')
[0m00:17:47.192179 [info ] [MainThread]: 
[0m00:17:47.197120 [debug] [Thread-1 (]: Began running node model.dbttest.dim_hosts_cleansed
[0m00:17:47.198179 [info ] [Thread-1 (]: 1 of 3 START sql view model DEV.dim_hosts_cleansed ............................. [RUN]
[0m00:17:47.199505 [debug] [Thread-1 (]: Re-using an available connection from the pool (formerly list_AIRFLOW_dev, now model.dbttest.dim_hosts_cleansed)
[0m00:17:47.200023 [debug] [Thread-1 (]: Began compiling node model.dbttest.dim_hosts_cleansed
[0m00:17:47.214990 [debug] [Thread-1 (]: Writing injected SQL for node "model.dbttest.dim_hosts_cleansed"
[0m00:17:47.218744 [debug] [Thread-1 (]: Writing injected SQL for node "model.dbttest.dim_hosts_cleansed"
[0m00:17:47.220209 [debug] [Thread-1 (]: Timing info for model.dbttest.dim_hosts_cleansed (compile): 00:17:47.200312 => 00:17:47.219694
[0m00:17:47.221134 [debug] [Thread-1 (]: Began executing node model.dbttest.dim_hosts_cleansed
[0m00:17:47.267933 [debug] [Thread-1 (]: Writing runtime sql for node "model.dbttest.dim_hosts_cleansed"
[0m00:17:47.270531 [debug] [Thread-1 (]: Using snowflake connection "model.dbttest.dim_hosts_cleansed"
[0m00:17:47.271122 [debug] [Thread-1 (]: On model.dbttest.dim_hosts_cleansed: /* {"app": "dbt", "dbt_version": "1.7.13", "profile_name": "dbttest", "target_name": "dev", "node_id": "model.dbttest.dim_hosts_cleansed"} */
create or replace   view AIRFLOW.DEV.dim_hosts_cleansed
  
   as (
    

WITH  __dbt__cte__src_hosts as (
WITH raw_hosts AS (
    SELECT * FROM AIRFLOW.raw.raw_hosts
)
SELECT 
    id AS host_id,
    name AS host_name,
    is_superhost,
    created_at,
    updated_at
FROM 
    raw_hosts
), src_hosts AS (
    SELECT * FROM __dbt__cte__src_hosts
)
SELECT 
    host_id,
    NVL( host_name, 'Anonymous') AS host_name, -- similar to below
    
    is_superhost,
    created_at,
    updated_at
FROM
    src_hosts
  );
[0m00:17:47.271599 [debug] [Thread-1 (]: Opening a new connection, currently in state closed
[0m00:17:47.905564 [debug] [Thread-1 (]: SQL status: SUCCESS 1 in 1.0 seconds
[0m00:17:47.929414 [debug] [Thread-1 (]: Timing info for model.dbttest.dim_hosts_cleansed (execute): 00:17:47.221537 => 00:17:47.929088
[0m00:17:47.930058 [debug] [Thread-1 (]: On model.dbttest.dim_hosts_cleansed: Close
[0m00:17:48.045105 [debug] [Thread-1 (]: Sending event: {'category': 'dbt', 'action': 'run_model', 'label': 'd34672e3-5a41-44d0-b39d-96534d08a5c9', 'context': [<snowplow_tracker.self_describing_json.SelfDescribingJson object at 0x7ff65959f810>]}
[0m00:17:48.046419 [info ] [Thread-1 (]: 1 of 3 OK created sql view model DEV.dim_hosts_cleansed ........................ [[32mSUCCESS 1[0m in 0.85s]
[0m00:17:48.048064 [debug] [Thread-1 (]: Finished running node model.dbttest.dim_hosts_cleansed
[0m00:17:48.048940 [debug] [Thread-1 (]: Began running node model.dbttest.dim_listings_cleansed
[0m00:17:48.049873 [info ] [Thread-1 (]: 2 of 3 START sql view model DEV.dim_listings_cleansed .......................... [RUN]
[0m00:17:48.051037 [debug] [Thread-1 (]: Re-using an available connection from the pool (formerly model.dbttest.dim_hosts_cleansed, now model.dbttest.dim_listings_cleansed)
[0m00:17:48.051516 [debug] [Thread-1 (]: Began compiling node model.dbttest.dim_listings_cleansed
[0m00:17:48.059646 [debug] [Thread-1 (]: Writing injected SQL for node "model.dbttest.dim_listings_cleansed"
[0m00:17:48.064834 [debug] [Thread-1 (]: Writing injected SQL for node "model.dbttest.dim_listings_cleansed"
[0m00:17:48.065513 [debug] [Thread-1 (]: Timing info for model.dbttest.dim_listings_cleansed (compile): 00:17:48.051809 => 00:17:48.065298
[0m00:17:48.066085 [debug] [Thread-1 (]: Began executing node model.dbttest.dim_listings_cleansed
[0m00:17:48.072713 [debug] [Thread-1 (]: Writing runtime sql for node "model.dbttest.dim_listings_cleansed"
[0m00:17:48.074505 [debug] [Thread-1 (]: Using snowflake connection "model.dbttest.dim_listings_cleansed"
[0m00:17:48.075206 [debug] [Thread-1 (]: On model.dbttest.dim_listings_cleansed: /* {"app": "dbt", "dbt_version": "1.7.13", "profile_name": "dbttest", "target_name": "dev", "node_id": "model.dbttest.dim_listings_cleansed"} */
create or replace   view AIRFLOW.DEV.dim_listings_cleansed
  
   as (
    

WITH  __dbt__cte__src_listings as (
WITH raw_listings AS (
    SELECT * FROM AIRFLOW.raw.raw_listings
)
SELECT 
    id AS listing_id,
    name AS listing_name,
    listing_url,
    room_type,
    minimum_nights,
    host_id,
    price AS price_str,
    created_at,
    updated_at
FROM
    raw_listings
), src_listings AS (
    SELECT * FROM __dbt__cte__src_listings
)
SELECT
    listing_id,
    listing_name,
    listing_url,
    room_type,
    CASE 
        WHEN minimum_nights = 0 THEN 1
        ELSE minimum_nights
    END AS minimum_nights,
    host_id,
    REPLACE (price_str, '$') :: NUMBER(10,2) AS price,
    created_at,
    updated_at
FROM
    src_listings
  );
[0m00:17:48.076422 [debug] [Thread-1 (]: Opening a new connection, currently in state closed
[0m00:17:48.721221 [debug] [Thread-1 (]: SQL status: SUCCESS 1 in 1.0 seconds
[0m00:17:48.724872 [debug] [Thread-1 (]: Timing info for model.dbttest.dim_listings_cleansed (execute): 00:17:48.066366 => 00:17:48.724505
[0m00:17:48.725517 [debug] [Thread-1 (]: On model.dbttest.dim_listings_cleansed: Close
[0m00:17:48.838196 [debug] [Thread-1 (]: Sending event: {'category': 'dbt', 'action': 'run_model', 'label': 'd34672e3-5a41-44d0-b39d-96534d08a5c9', 'context': [<snowplow_tracker.self_describing_json.SelfDescribingJson object at 0x7ff659310d50>]}
[0m00:17:48.839435 [info ] [Thread-1 (]: 2 of 3 OK created sql view model DEV.dim_listings_cleansed ..................... [[32mSUCCESS 1[0m in 0.79s]
[0m00:17:48.840279 [debug] [Thread-1 (]: Finished running node model.dbttest.dim_listings_cleansed
[0m00:17:48.842211 [debug] [Thread-1 (]: Began running node model.dbttest.dim_listings_w_hosts
[0m00:17:48.842872 [info ] [Thread-1 (]: 3 of 3 START sql table model DEV.dim_listings_w_hosts .......................... [RUN]
[0m00:17:48.843844 [debug] [Thread-1 (]: Re-using an available connection from the pool (formerly model.dbttest.dim_listings_cleansed, now model.dbttest.dim_listings_w_hosts)
[0m00:17:48.844352 [debug] [Thread-1 (]: Began compiling node model.dbttest.dim_listings_w_hosts
[0m00:17:48.851723 [debug] [Thread-1 (]: Writing injected SQL for node "model.dbttest.dim_listings_w_hosts"
[0m00:17:48.853391 [debug] [Thread-1 (]: Timing info for model.dbttest.dim_listings_w_hosts (compile): 00:17:48.844710 => 00:17:48.852954
[0m00:17:48.854043 [debug] [Thread-1 (]: Began executing node model.dbttest.dim_listings_w_hosts
[0m00:17:48.887615 [debug] [Thread-1 (]: Writing runtime sql for node "model.dbttest.dim_listings_w_hosts"
[0m00:17:48.890192 [debug] [Thread-1 (]: Using snowflake connection "model.dbttest.dim_listings_w_hosts"
[0m00:17:48.890737 [debug] [Thread-1 (]: On model.dbttest.dim_listings_w_hosts: /* {"app": "dbt", "dbt_version": "1.7.13", "profile_name": "dbttest", "target_name": "dev", "node_id": "model.dbttest.dim_listings_w_hosts"} */
create or replace transient table AIRFLOW.DEV.dim_listings_w_hosts
         as
        (WITH l AS (
    SELECT * FROM AIRFLOW.DEV.dim_listings_cleansed
), 
h AS (
    SELECT * FROM AIRFLOW.DEV.dim_hosts_cleansed
)

SELECT 
    l.listing_id,
    l.listing_name,
    l.room_type,
    l.minimum_nights,
    l.price,
    l.host_id,
    h.host_name,
    h.is_superhost AS host_is_superhost,
    l.created_at,
    GREATEST(l.updated_at, h.updated_at) as updated_at
FROM l
LEFT JOIN h ON (h.host_id = l.host_id)
        );
[0m00:17:48.891253 [debug] [Thread-1 (]: Opening a new connection, currently in state closed
[0m00:17:50.362379 [debug] [Thread-1 (]: SQL status: SUCCESS 1 in 1.0 seconds
[0m00:17:50.365005 [debug] [Thread-1 (]: Timing info for model.dbttest.dim_listings_w_hosts (execute): 00:17:48.854340 => 00:17:50.364813
[0m00:17:50.365388 [debug] [Thread-1 (]: On model.dbttest.dim_listings_w_hosts: Close
[0m00:17:50.465552 [debug] [Thread-1 (]: Sending event: {'category': 'dbt', 'action': 'run_model', 'label': 'd34672e3-5a41-44d0-b39d-96534d08a5c9', 'context': [<snowplow_tracker.self_describing_json.SelfDescribingJson object at 0x7ff6592e10d0>]}
[0m00:17:50.466573 [info ] [Thread-1 (]: 3 of 3 OK created sql table model DEV.dim_listings_w_hosts ..................... [[32mSUCCESS 1[0m in 1.62s]
[0m00:17:50.467565 [debug] [Thread-1 (]: Finished running node model.dbttest.dim_listings_w_hosts
[0m00:17:50.471747 [debug] [MainThread]: Connection 'master' was properly closed.
[0m00:17:50.472376 [debug] [MainThread]: Connection 'model.dbttest.dim_listings_w_hosts' was properly closed.
[0m00:17:50.472852 [info ] [MainThread]: 
[0m00:17:50.473322 [info ] [MainThread]: Finished running 2 view models, 1 table model in 0 hours 0 minutes and 5.57 seconds (5.57s).
[0m00:17:50.474582 [debug] [MainThread]: Command end result
[0m00:17:50.485686 [info ] [MainThread]: 
[0m00:17:50.486833 [info ] [MainThread]: [32mCompleted successfully[0m
[0m00:17:50.487534 [info ] [MainThread]: 
[0m00:17:50.488119 [info ] [MainThread]: Done. PASS=3 WARN=0 ERROR=0 SKIP=0 TOTAL=3
[0m00:17:50.490047 [debug] [MainThread]: Resource report: {"command_name": "run", "command_success": true, "command_wall_clock_time": 6.5852757, "process_user_time": 3.529065, "process_kernel_time": 0.596461, "process_mem_max_rss": "129276", "process_in_blocks": "512", "process_out_blocks": "2016"}
[0m00:17:50.491005 [debug] [MainThread]: Command `dbt run` succeeded at 00:17:50.490817 after 6.59 seconds
[0m00:17:50.491584 [debug] [MainThread]: Sending event: {'category': 'dbt', 'action': 'invocation', 'label': 'end', 'context': [<snowplow_tracker.self_describing_json.SelfDescribingJson object at 0x7ff65ed91d10>, <snowplow_tracker.self_describing_json.SelfDescribingJson object at 0x7ff65ec27d10>, <snowplow_tracker.self_describing_json.SelfDescribingJson object at 0x7ff65ead68d0>]}
[0m00:17:50.492250 [debug] [MainThread]: Flushing usage events
[0m00:35:02.893792 [debug] [MainThread]: Sending event: {'category': 'dbt', 'action': 'invocation', 'label': 'start', 'context': [<snowplow_tracker.self_describing_json.SelfDescribingJson object at 0x7fe39b496190>, <snowplow_tracker.self_describing_json.SelfDescribingJson object at 0x7fe39c4d4690>, <snowplow_tracker.self_describing_json.SelfDescribingJson object at 0x7fe39b48a310>]}


============================== 00:35:02.898095 | 4214eedc-6bef-41d1-8230-dbb6674e2b68 ==============================
[0m00:35:02.898095 [info ] [MainThread]: Running with dbt=1.7.13
[0m00:35:02.898831 [debug] [MainThread]: running dbt with arguments {'printer_width': '80', 'indirect_selection': 'eager', 'log_cache_events': 'False', 'write_json': 'True', 'partial_parse': 'True', 'cache_selected_only': 'False', 'profiles_dir': '.', 'fail_fast': 'False', 'warn_error': 'None', 'log_path': '/usr/local/airflow/dags/dbttest/logs', 'debug': 'False', 'version_check': 'True', 'use_colors': 'True', 'use_experimental_parser': 'False', 'no_print': 'None', 'quiet': 'False', 'warn_error_options': 'WarnErrorOptions(include=[], exclude=[])', 'static_parser': 'True', 'invocation_command': 'dbt run --full-refresh --models src.* --profiles-dir .', 'introspect': 'True', 'target_path': 'None', 'log_format': 'default', 'send_anonymous_usage_stats': 'True'}
[0m00:35:03.538618 [debug] [MainThread]: Sending event: {'category': 'dbt', 'action': 'project_id', 'label': '4214eedc-6bef-41d1-8230-dbb6674e2b68', 'context': [<snowplow_tracker.self_describing_json.SelfDescribingJson object at 0x7fe39a4038d0>]}
[0m00:35:03.651553 [debug] [MainThread]: Sending event: {'category': 'dbt', 'action': 'adapter_info', 'label': '4214eedc-6bef-41d1-8230-dbb6674e2b68', 'context': [<snowplow_tracker.self_describing_json.SelfDescribingJson object at 0x7fe39b4c9990>]}
[0m00:35:03.652423 [info ] [MainThread]: Registered adapter: snowflake=1.7.1
[0m00:35:03.661357 [debug] [MainThread]: checksum: 6c24e2ee36a42cedd7e5de2827d214776eb7a8e8f425f6d8acb06c31add0afef, vars: {}, profile: , target: , version: 1.7.13
[0m00:35:03.716642 [debug] [MainThread]: Partial parsing enabled: 0 files deleted, 0 files added, 0 files changed.
[0m00:35:03.717174 [debug] [MainThread]: Partial parsing enabled, no changes found, skipping parsing
[0m00:35:03.728727 [debug] [MainThread]: Sending event: {'category': 'dbt', 'action': 'load_project', 'label': '4214eedc-6bef-41d1-8230-dbb6674e2b68', 'context': [<snowplow_tracker.self_describing_json.SelfDescribingJson object at 0x7fe39a09add0>]}
[0m00:35:03.877512 [debug] [MainThread]: Sending event: {'category': 'dbt', 'action': 'resource_counts', 'label': '4214eedc-6bef-41d1-8230-dbb6674e2b68', 'context': [<snowplow_tracker.self_describing_json.SelfDescribingJson object at 0x7fe39bbe6290>]}
[0m00:35:03.879589 [info ] [MainThread]: Found 8 models, 2 snapshots, 9 tests, 1 seed, 3 sources, 0 exposures, 0 metrics, 432 macros, 0 groups, 0 semantic models
[0m00:35:03.880567 [debug] [MainThread]: Sending event: {'category': 'dbt', 'action': 'runnable_timing', 'label': '4214eedc-6bef-41d1-8230-dbb6674e2b68', 'context': [<snowplow_tracker.self_describing_json.SelfDescribingJson object at 0x7fe39a4281d0>]}
[0m00:35:03.885123 [info ] [MainThread]: 
[0m00:35:03.887232 [debug] [MainThread]: Acquiring new snowflake connection 'master'
[0m00:35:03.890830 [debug] [ThreadPool]: Acquiring new snowflake connection 'list_AIRFLOW_DEV'
[0m00:35:03.930965 [debug] [ThreadPool]: Using snowflake connection "list_AIRFLOW_DEV"
[0m00:35:03.931775 [debug] [ThreadPool]: On list_AIRFLOW_DEV: /* {"app": "dbt", "dbt_version": "1.7.13", "profile_name": "dbttest", "target_name": "dev", "connection_name": "list_AIRFLOW_DEV"} */
show terse objects in AIRFLOW.DEV limit 10000
[0m00:35:03.932516 [debug] [ThreadPool]: Opening a new connection, currently in state init
[0m00:35:05.377733 [debug] [ThreadPool]: SQL status: SUCCESS 0 in 1.0 seconds
[0m00:35:05.380593 [debug] [ThreadPool]: On list_AIRFLOW_DEV: Close
[0m00:35:06.014496 [debug] [ThreadPool]: Re-using an available connection from the pool (formerly list_AIRFLOW_DEV, now list_AIRFLOW_dev)
[0m00:35:06.017673 [debug] [ThreadPool]: Using snowflake connection "list_AIRFLOW_dev"
[0m00:35:06.018371 [debug] [ThreadPool]: On list_AIRFLOW_dev: /* {"app": "dbt", "dbt_version": "1.7.13", "profile_name": "dbttest", "target_name": "dev", "connection_name": "list_AIRFLOW_dev"} */
show terse objects in AIRFLOW.dev limit 10000
[0m00:35:06.018750 [debug] [ThreadPool]: Opening a new connection, currently in state closed
[0m00:35:06.645887 [debug] [ThreadPool]: SQL status: SUCCESS 0 in 1.0 seconds
[0m00:35:06.648690 [debug] [ThreadPool]: On list_AIRFLOW_dev: Close
[0m00:35:06.768107 [debug] [MainThread]: Sending event: {'category': 'dbt', 'action': 'runnable_timing', 'label': '4214eedc-6bef-41d1-8230-dbb6674e2b68', 'context': [<snowplow_tracker.self_describing_json.SelfDescribingJson object at 0x7fe39b698050>]}
[0m00:35:06.769459 [info ] [MainThread]: Concurrency: 1 threads (target='dev')
[0m00:35:06.770029 [info ] [MainThread]: 
[0m00:35:06.773716 [debug] [Thread-1 (]: Began running node model.dbttest.src_hosts
[0m00:35:06.775037 [debug] [Thread-1 (]: Re-using an available connection from the pool (formerly list_AIRFLOW_dev, now model.dbttest.src_hosts)
[0m00:35:06.775688 [debug] [Thread-1 (]: Began compiling node model.dbttest.src_hosts
[0m00:35:06.787912 [debug] [Thread-1 (]: Writing injected SQL for node "model.dbttest.src_hosts"
[0m00:35:06.788884 [debug] [Thread-1 (]: Timing info for model.dbttest.src_hosts (compile): 00:35:06.776126 => 00:35:06.788545
[0m00:35:06.790310 [debug] [Thread-1 (]: Finished running node model.dbttest.src_hosts
[0m00:35:06.791076 [debug] [Thread-1 (]: Began running node model.dbttest.src_listings
[0m00:35:06.792290 [debug] [Thread-1 (]: Re-using an available connection from the pool (formerly model.dbttest.src_hosts, now model.dbttest.src_listings)
[0m00:35:06.793072 [debug] [Thread-1 (]: Began compiling node model.dbttest.src_listings
[0m00:35:06.798299 [debug] [Thread-1 (]: Writing injected SQL for node "model.dbttest.src_listings"
[0m00:35:06.799953 [debug] [Thread-1 (]: Timing info for model.dbttest.src_listings (compile): 00:35:06.793538 => 00:35:06.799101
[0m00:35:06.801592 [debug] [Thread-1 (]: Finished running node model.dbttest.src_listings
[0m00:35:06.802444 [debug] [Thread-1 (]: Began running node model.dbttest.src_reviews
[0m00:35:06.804111 [debug] [Thread-1 (]: Re-using an available connection from the pool (formerly model.dbttest.src_listings, now model.dbttest.src_reviews)
[0m00:35:06.804609 [debug] [Thread-1 (]: Began compiling node model.dbttest.src_reviews
[0m00:35:06.808517 [debug] [Thread-1 (]: Writing injected SQL for node "model.dbttest.src_reviews"
[0m00:35:06.809427 [debug] [Thread-1 (]: Timing info for model.dbttest.src_reviews (compile): 00:35:06.804881 => 00:35:06.809090
[0m00:35:06.810952 [debug] [Thread-1 (]: Finished running node model.dbttest.src_reviews
[0m00:35:06.815105 [debug] [MainThread]: Connection 'master' was properly closed.
[0m00:35:06.815870 [debug] [MainThread]: Connection 'model.dbttest.src_reviews' was properly closed.
[0m00:35:06.816425 [info ] [MainThread]: 
[0m00:35:06.817047 [info ] [MainThread]: Finished running  in 0 hours 0 minutes and 2.93 seconds (2.93s).
[0m00:35:06.817722 [debug] [MainThread]: Command end result
[0m00:35:06.830576 [debug] [MainThread]: Resource report: {"command_name": "run", "command_success": true, "command_wall_clock_time": 3.9895566, "process_user_time": 3.153123, "process_kernel_time": 0.750743, "process_mem_max_rss": "125932", "process_in_blocks": "2240", "process_out_blocks": "1952"}
[0m00:35:06.831488 [debug] [MainThread]: Command `dbt run` succeeded at 00:35:06.831216 after 3.99 seconds
[0m00:35:06.832155 [debug] [MainThread]: Sending event: {'category': 'dbt', 'action': 'invocation', 'label': 'end', 'context': [<snowplow_tracker.self_describing_json.SelfDescribingJson object at 0x7fe39b482550>, <snowplow_tracker.self_describing_json.SelfDescribingJson object at 0x7fe39b482f90>, <snowplow_tracker.self_describing_json.SelfDescribingJson object at 0x7fe39f837310>]}
[0m00:35:06.832769 [debug] [MainThread]: Flushing usage events
[0m00:35:11.657583 [debug] [MainThread]: Sending event: {'category': 'dbt', 'action': 'invocation', 'label': 'start', 'context': [<snowplow_tracker.self_describing_json.SelfDescribingJson object at 0x7f8ba91b8a50>, <snowplow_tracker.self_describing_json.SelfDescribingJson object at 0x7f8ba91ac610>, <snowplow_tracker.self_describing_json.SelfDescribingJson object at 0x7f8ba91ac4d0>]}


============================== 00:35:11.660991 | 16b443a0-5bf8-4f18-be06-3274074c222e ==============================
[0m00:35:11.660991 [info ] [MainThread]: Running with dbt=1.7.13
[0m00:35:11.662520 [debug] [MainThread]: running dbt with arguments {'printer_width': '80', 'indirect_selection': 'eager', 'log_cache_events': 'False', 'write_json': 'True', 'partial_parse': 'True', 'cache_selected_only': 'False', 'profiles_dir': '.', 'version_check': 'True', 'fail_fast': 'False', 'log_path': '/usr/local/airflow/dags/dbttest/logs', 'debug': 'False', 'warn_error': 'None', 'use_colors': 'True', 'use_experimental_parser': 'False', 'no_print': 'None', 'quiet': 'False', 'log_format': 'default', 'static_parser': 'True', 'warn_error_options': 'WarnErrorOptions(include=[], exclude=[])', 'invocation_command': 'dbt run --full-refresh --models dim.* --profiles-dir .', 'target_path': 'None', 'introspect': 'True', 'send_anonymous_usage_stats': 'True'}
[0m00:35:12.043279 [debug] [MainThread]: Sending event: {'category': 'dbt', 'action': 'project_id', 'label': '16b443a0-5bf8-4f18-be06-3274074c222e', 'context': [<snowplow_tracker.self_describing_json.SelfDescribingJson object at 0x7f8ba7f704d0>]}
[0m00:35:12.147091 [debug] [MainThread]: Sending event: {'category': 'dbt', 'action': 'adapter_info', 'label': '16b443a0-5bf8-4f18-be06-3274074c222e', 'context': [<snowplow_tracker.self_describing_json.SelfDescribingJson object at 0x7f8ba91b8050>]}
[0m00:35:12.148331 [info ] [MainThread]: Registered adapter: snowflake=1.7.1
[0m00:35:12.157021 [debug] [MainThread]: checksum: 6c24e2ee36a42cedd7e5de2827d214776eb7a8e8f425f6d8acb06c31add0afef, vars: {}, profile: , target: , version: 1.7.13
[0m00:35:12.186734 [debug] [MainThread]: Partial parsing enabled: 0 files deleted, 0 files added, 0 files changed.
[0m00:35:12.187190 [debug] [MainThread]: Partial parsing enabled, no changes found, skipping parsing
[0m00:35:12.194375 [debug] [MainThread]: Sending event: {'category': 'dbt', 'action': 'load_project', 'label': '16b443a0-5bf8-4f18-be06-3274074c222e', 'context': [<snowplow_tracker.self_describing_json.SelfDescribingJson object at 0x7f8ba90202d0>]}
[0m00:35:12.275362 [debug] [MainThread]: Sending event: {'category': 'dbt', 'action': 'resource_counts', 'label': '16b443a0-5bf8-4f18-be06-3274074c222e', 'context': [<snowplow_tracker.self_describing_json.SelfDescribingJson object at 0x7f8ba81729d0>]}
[0m00:35:12.276129 [info ] [MainThread]: Found 8 models, 2 snapshots, 9 tests, 1 seed, 3 sources, 0 exposures, 0 metrics, 432 macros, 0 groups, 0 semantic models
[0m00:35:12.276587 [debug] [MainThread]: Sending event: {'category': 'dbt', 'action': 'runnable_timing', 'label': '16b443a0-5bf8-4f18-be06-3274074c222e', 'context': [<snowplow_tracker.self_describing_json.SelfDescribingJson object at 0x7f8ba7f44690>]}
[0m00:35:12.278647 [info ] [MainThread]: 
[0m00:35:12.279911 [debug] [MainThread]: Acquiring new snowflake connection 'master'
[0m00:35:12.281717 [debug] [ThreadPool]: Acquiring new snowflake connection 'list_AIRFLOW'
[0m00:35:12.305985 [debug] [ThreadPool]: Using snowflake connection "list_AIRFLOW"
[0m00:35:12.306787 [debug] [ThreadPool]: On list_AIRFLOW: /* {"app": "dbt", "dbt_version": "1.7.13", "profile_name": "dbttest", "target_name": "dev", "connection_name": "list_AIRFLOW"} */
show terse schemas in database AIRFLOW
    limit 10000
[0m00:35:12.307502 [debug] [ThreadPool]: Opening a new connection, currently in state init
[0m00:35:14.675751 [debug] [ThreadPool]: SQL status: SUCCESS 4 in 2.0 seconds
[0m00:35:14.677466 [debug] [ThreadPool]: On list_AIRFLOW: Close
[0m00:35:14.783664 [debug] [ThreadPool]: Re-using an available connection from the pool (formerly list_AIRFLOW, now list_AIRFLOW_dev)
[0m00:35:14.796410 [debug] [ThreadPool]: Using snowflake connection "list_AIRFLOW_dev"
[0m00:35:14.796947 [debug] [ThreadPool]: On list_AIRFLOW_dev: /* {"app": "dbt", "dbt_version": "1.7.13", "profile_name": "dbttest", "target_name": "dev", "connection_name": "list_AIRFLOW_dev"} */
show terse objects in AIRFLOW.dev limit 10000
[0m00:35:14.797440 [debug] [ThreadPool]: Opening a new connection, currently in state closed
[0m00:35:15.242533 [debug] [ThreadPool]: SQL status: SUCCESS 0 in 0.0 seconds
[0m00:35:15.244634 [debug] [ThreadPool]: On list_AIRFLOW_dev: Close
[0m00:35:15.469522 [debug] [ThreadPool]: Re-using an available connection from the pool (formerly list_AIRFLOW_dev, now list_AIRFLOW_DEV)
[0m00:35:15.474184 [debug] [ThreadPool]: Using snowflake connection "list_AIRFLOW_DEV"
[0m00:35:15.475066 [debug] [ThreadPool]: On list_AIRFLOW_DEV: /* {"app": "dbt", "dbt_version": "1.7.13", "profile_name": "dbttest", "target_name": "dev", "connection_name": "list_AIRFLOW_DEV"} */
show terse objects in AIRFLOW.DEV limit 10000
[0m00:35:15.476650 [debug] [ThreadPool]: Opening a new connection, currently in state closed
[0m00:35:16.000736 [debug] [ThreadPool]: SQL status: SUCCESS 0 in 1.0 seconds
[0m00:35:16.002517 [debug] [ThreadPool]: On list_AIRFLOW_DEV: Close
[0m00:35:16.271318 [debug] [MainThread]: Sending event: {'category': 'dbt', 'action': 'runnable_timing', 'label': '16b443a0-5bf8-4f18-be06-3274074c222e', 'context': [<snowplow_tracker.self_describing_json.SelfDescribingJson object at 0x7f8ba9816310>]}
[0m00:35:16.272893 [info ] [MainThread]: Concurrency: 1 threads (target='dev')
[0m00:35:16.273626 [info ] [MainThread]: 
[0m00:35:16.277158 [debug] [Thread-1 (]: Began running node model.dbttest.dim_hosts_cleansed
[0m00:35:16.277739 [info ] [Thread-1 (]: 1 of 3 START sql view model DEV.dim_hosts_cleansed ............................. [RUN]
[0m00:35:16.278638 [debug] [Thread-1 (]: Re-using an available connection from the pool (formerly list_AIRFLOW_DEV, now model.dbttest.dim_hosts_cleansed)
[0m00:35:16.279262 [debug] [Thread-1 (]: Began compiling node model.dbttest.dim_hosts_cleansed
[0m00:35:16.290655 [debug] [Thread-1 (]: Writing injected SQL for node "model.dbttest.dim_hosts_cleansed"
[0m00:35:16.293639 [debug] [Thread-1 (]: Writing injected SQL for node "model.dbttest.dim_hosts_cleansed"
[0m00:35:16.294406 [debug] [Thread-1 (]: Timing info for model.dbttest.dim_hosts_cleansed (compile): 00:35:16.279673 => 00:35:16.294151
[0m00:35:16.294905 [debug] [Thread-1 (]: Began executing node model.dbttest.dim_hosts_cleansed
[0m00:35:16.333515 [debug] [Thread-1 (]: Writing runtime sql for node "model.dbttest.dim_hosts_cleansed"
[0m00:35:16.334993 [debug] [Thread-1 (]: Using snowflake connection "model.dbttest.dim_hosts_cleansed"
[0m00:35:16.335476 [debug] [Thread-1 (]: On model.dbttest.dim_hosts_cleansed: /* {"app": "dbt", "dbt_version": "1.7.13", "profile_name": "dbttest", "target_name": "dev", "node_id": "model.dbttest.dim_hosts_cleansed"} */
create or replace   view AIRFLOW.DEV.dim_hosts_cleansed
  
   as (
    

WITH  __dbt__cte__src_hosts as (
WITH raw_hosts AS (
    SELECT * FROM AIRFLOW.raw.raw_hosts
)
SELECT 
    id AS host_id,
    name AS host_name,
    is_superhost,
    created_at,
    updated_at
FROM 
    raw_hosts
), src_hosts AS (
    SELECT * FROM __dbt__cte__src_hosts
)
SELECT 
    host_id,
    NVL( host_name, 'Anonymous') AS host_name, -- similar to below
    
    is_superhost,
    created_at,
    updated_at
FROM
    src_hosts
  );
[0m00:35:16.335916 [debug] [Thread-1 (]: Opening a new connection, currently in state closed
[0m00:35:17.024353 [debug] [Thread-1 (]: SQL status: SUCCESS 1 in 1.0 seconds
[0m00:35:17.046599 [debug] [Thread-1 (]: Timing info for model.dbttest.dim_hosts_cleansed (execute): 00:35:16.295167 => 00:35:17.046214
[0m00:35:17.047163 [debug] [Thread-1 (]: On model.dbttest.dim_hosts_cleansed: Close
[0m00:35:17.166984 [debug] [Thread-1 (]: Sending event: {'category': 'dbt', 'action': 'run_model', 'label': '16b443a0-5bf8-4f18-be06-3274074c222e', 'context': [<snowplow_tracker.self_describing_json.SelfDescribingJson object at 0x7f8ba7b672d0>]}
[0m00:35:17.167785 [info ] [Thread-1 (]: 1 of 3 OK created sql view model DEV.dim_hosts_cleansed ........................ [[32mSUCCESS 1[0m in 0.89s]
[0m00:35:17.168459 [debug] [Thread-1 (]: Finished running node model.dbttest.dim_hosts_cleansed
[0m00:35:17.168989 [debug] [Thread-1 (]: Began running node model.dbttest.dim_listings_cleansed
[0m00:35:17.169575 [info ] [Thread-1 (]: 2 of 3 START sql view model DEV.dim_listings_cleansed .......................... [RUN]
[0m00:35:17.170563 [debug] [Thread-1 (]: Re-using an available connection from the pool (formerly model.dbttest.dim_hosts_cleansed, now model.dbttest.dim_listings_cleansed)
[0m00:35:17.170971 [debug] [Thread-1 (]: Began compiling node model.dbttest.dim_listings_cleansed
[0m00:35:17.178148 [debug] [Thread-1 (]: Writing injected SQL for node "model.dbttest.dim_listings_cleansed"
[0m00:35:17.183895 [debug] [Thread-1 (]: Writing injected SQL for node "model.dbttest.dim_listings_cleansed"
[0m00:35:17.184734 [debug] [Thread-1 (]: Timing info for model.dbttest.dim_listings_cleansed (compile): 00:35:17.171270 => 00:35:17.184407
[0m00:35:17.185301 [debug] [Thread-1 (]: Began executing node model.dbttest.dim_listings_cleansed
[0m00:35:17.189740 [debug] [Thread-1 (]: Writing runtime sql for node "model.dbttest.dim_listings_cleansed"
[0m00:35:17.191073 [debug] [Thread-1 (]: Using snowflake connection "model.dbttest.dim_listings_cleansed"
[0m00:35:17.191453 [debug] [Thread-1 (]: On model.dbttest.dim_listings_cleansed: /* {"app": "dbt", "dbt_version": "1.7.13", "profile_name": "dbttest", "target_name": "dev", "node_id": "model.dbttest.dim_listings_cleansed"} */
create or replace   view AIRFLOW.DEV.dim_listings_cleansed
  
   as (
    

WITH  __dbt__cte__src_listings as (
WITH raw_listings AS (
    SELECT * FROM AIRFLOW.raw.raw_listings
)
SELECT 
    id AS listing_id,
    name AS listing_name,
    listing_url,
    room_type,
    minimum_nights,
    host_id,
    price AS price_str,
    created_at,
    updated_at
FROM
    raw_listings
), src_listings AS (
    SELECT * FROM __dbt__cte__src_listings
)
SELECT
    listing_id,
    listing_name,
    listing_url,
    room_type,
    CASE 
        WHEN minimum_nights = 0 THEN 1
        ELSE minimum_nights
    END AS minimum_nights,
    host_id,
    REPLACE (price_str, '$') :: NUMBER(10,2) AS price,
    created_at,
    updated_at
FROM
    src_listings
  );
[0m00:35:17.191813 [debug] [Thread-1 (]: Opening a new connection, currently in state closed
[0m00:35:17.912458 [debug] [Thread-1 (]: SQL status: SUCCESS 1 in 1.0 seconds
[0m00:35:17.916835 [debug] [Thread-1 (]: Timing info for model.dbttest.dim_listings_cleansed (execute): 00:35:17.185564 => 00:35:17.916578
[0m00:35:17.917335 [debug] [Thread-1 (]: On model.dbttest.dim_listings_cleansed: Close
[0m00:35:18.038675 [debug] [Thread-1 (]: Sending event: {'category': 'dbt', 'action': 'run_model', 'label': '16b443a0-5bf8-4f18-be06-3274074c222e', 'context': [<snowplow_tracker.self_describing_json.SelfDescribingJson object at 0x7f8ba7fe86d0>]}
[0m00:35:18.039806 [info ] [Thread-1 (]: 2 of 3 OK created sql view model DEV.dim_listings_cleansed ..................... [[32mSUCCESS 1[0m in 0.87s]
[0m00:35:18.040737 [debug] [Thread-1 (]: Finished running node model.dbttest.dim_listings_cleansed
[0m00:35:18.042422 [debug] [Thread-1 (]: Began running node model.dbttest.dim_listings_w_hosts
[0m00:35:18.043259 [info ] [Thread-1 (]: 3 of 3 START sql table model DEV.dim_listings_w_hosts .......................... [RUN]
[0m00:35:18.044555 [debug] [Thread-1 (]: Re-using an available connection from the pool (formerly model.dbttest.dim_listings_cleansed, now model.dbttest.dim_listings_w_hosts)
[0m00:35:18.045082 [debug] [Thread-1 (]: Began compiling node model.dbttest.dim_listings_w_hosts
[0m00:35:18.051310 [debug] [Thread-1 (]: Writing injected SQL for node "model.dbttest.dim_listings_w_hosts"
[0m00:35:18.052451 [debug] [Thread-1 (]: Timing info for model.dbttest.dim_listings_w_hosts (compile): 00:35:18.045507 => 00:35:18.052032
[0m00:35:18.053004 [debug] [Thread-1 (]: Began executing node model.dbttest.dim_listings_w_hosts
[0m00:35:18.090237 [debug] [Thread-1 (]: Writing runtime sql for node "model.dbttest.dim_listings_w_hosts"
[0m00:35:18.091846 [debug] [Thread-1 (]: Using snowflake connection "model.dbttest.dim_listings_w_hosts"
[0m00:35:18.092529 [debug] [Thread-1 (]: On model.dbttest.dim_listings_w_hosts: /* {"app": "dbt", "dbt_version": "1.7.13", "profile_name": "dbttest", "target_name": "dev", "node_id": "model.dbttest.dim_listings_w_hosts"} */
create or replace transient table AIRFLOW.DEV.dim_listings_w_hosts
         as
        (WITH l AS (
    SELECT * FROM AIRFLOW.DEV.dim_listings_cleansed
), 
h AS (
    SELECT * FROM AIRFLOW.DEV.dim_hosts_cleansed
)

SELECT 
    l.listing_id,
    l.listing_name,
    l.room_type,
    l.minimum_nights,
    l.price,
    l.host_id,
    h.host_name,
    h.is_superhost AS host_is_superhost,
    l.created_at,
    GREATEST(l.updated_at, h.updated_at) as updated_at
FROM l
LEFT JOIN h ON (h.host_id = l.host_id)
        );
[0m00:35:18.093162 [debug] [Thread-1 (]: Opening a new connection, currently in state closed
[0m00:35:20.674928 [debug] [Thread-1 (]: SQL status: SUCCESS 1 in 3.0 seconds
[0m00:35:20.678139 [debug] [Thread-1 (]: Timing info for model.dbttest.dim_listings_w_hosts (execute): 00:35:18.053347 => 00:35:20.677870
[0m00:35:20.678720 [debug] [Thread-1 (]: On model.dbttest.dim_listings_w_hosts: Close
[0m00:35:20.807579 [debug] [Thread-1 (]: Sending event: {'category': 'dbt', 'action': 'run_model', 'label': '16b443a0-5bf8-4f18-be06-3274074c222e', 'context': [<snowplow_tracker.self_describing_json.SelfDescribingJson object at 0x7f8ba7c07f90>]}
[0m00:35:20.808910 [info ] [Thread-1 (]: 3 of 3 OK created sql table model DEV.dim_listings_w_hosts ..................... [[32mSUCCESS 1[0m in 2.76s]
[0m00:35:20.810131 [debug] [Thread-1 (]: Finished running node model.dbttest.dim_listings_w_hosts
[0m00:35:20.813703 [debug] [MainThread]: Connection 'master' was properly closed.
[0m00:35:20.814403 [debug] [MainThread]: Connection 'model.dbttest.dim_listings_w_hosts' was properly closed.
[0m00:35:20.815126 [info ] [MainThread]: 
[0m00:35:20.815867 [info ] [MainThread]: Finished running 2 view models, 1 table model in 0 hours 0 minutes and 8.54 seconds (8.54s).
[0m00:35:20.817571 [debug] [MainThread]: Command end result
[0m00:35:20.830881 [info ] [MainThread]: 
[0m00:35:20.831600 [info ] [MainThread]: [32mCompleted successfully[0m
[0m00:35:20.832125 [info ] [MainThread]: 
[0m00:35:20.832628 [info ] [MainThread]: Done. PASS=3 WARN=0 ERROR=0 SKIP=0 TOTAL=3
[0m00:35:20.833811 [debug] [MainThread]: Resource report: {"command_name": "run", "command_success": true, "command_wall_clock_time": 9.2220955, "process_user_time": 3.370158, "process_kernel_time": 0.341027, "process_mem_max_rss": "126720", "process_in_blocks": "400", "process_out_blocks": "2008"}
[0m00:35:20.834417 [debug] [MainThread]: Command `dbt run` succeeded at 00:35:20.834256 after 9.22 seconds
[0m00:35:20.834872 [debug] [MainThread]: Sending event: {'category': 'dbt', 'action': 'invocation', 'label': 'end', 'context': [<snowplow_tracker.self_describing_json.SelfDescribingJson object at 0x7f8baa3fae10>, <snowplow_tracker.self_describing_json.SelfDescribingJson object at 0x7f8ba9d964d0>, <snowplow_tracker.self_describing_json.SelfDescribingJson object at 0x7f8bad3c67d0>]}
[0m00:35:20.835351 [debug] [MainThread]: Flushing usage events
[0m00:35:25.629581 [debug] [MainThread]: Sending event: {'category': 'dbt', 'action': 'invocation', 'label': 'start', 'context': [<snowplow_tracker.self_describing_json.SelfDescribingJson object at 0x7f3cbbb35f10>, <snowplow_tracker.self_describing_json.SelfDescribingJson object at 0x7f3cbbb34cd0>, <snowplow_tracker.self_describing_json.SelfDescribingJson object at 0x7f3cbbb37950>]}


============================== 00:35:25.632613 | 10d67e08-67a7-4f97-b19c-a03db5f2edc3 ==============================
[0m00:35:25.632613 [info ] [MainThread]: Running with dbt=1.7.13
[0m00:35:25.633299 [debug] [MainThread]: running dbt with arguments {'printer_width': '80', 'indirect_selection': 'eager', 'write_json': 'True', 'log_cache_events': 'False', 'partial_parse': 'True', 'cache_selected_only': 'False', 'profiles_dir': '.', 'fail_fast': 'False', 'debug': 'False', 'log_path': '/usr/local/airflow/dags/dbttest/logs', 'version_check': 'True', 'warn_error': 'None', 'use_colors': 'True', 'use_experimental_parser': 'False', 'no_print': 'None', 'quiet': 'False', 'log_format': 'default', 'static_parser': 'True', 'invocation_command': 'dbt run --models fct.* --profiles-dir .', 'introspect': 'True', 'target_path': 'None', 'warn_error_options': 'WarnErrorOptions(include=[], exclude=[])', 'send_anonymous_usage_stats': 'True'}
[0m00:35:26.002526 [debug] [MainThread]: Sending event: {'category': 'dbt', 'action': 'project_id', 'label': '10d67e08-67a7-4f97-b19c-a03db5f2edc3', 'context': [<snowplow_tracker.self_describing_json.SelfDescribingJson object at 0x7f3cba910290>]}
[0m00:35:26.095258 [debug] [MainThread]: Sending event: {'category': 'dbt', 'action': 'adapter_info', 'label': '10d67e08-67a7-4f97-b19c-a03db5f2edc3', 'context': [<snowplow_tracker.self_describing_json.SelfDescribingJson object at 0x7f3cbab2b350>]}
[0m00:35:26.096994 [info ] [MainThread]: Registered adapter: snowflake=1.7.1
[0m00:35:26.108551 [debug] [MainThread]: checksum: 6c24e2ee36a42cedd7e5de2827d214776eb7a8e8f425f6d8acb06c31add0afef, vars: {}, profile: , target: , version: 1.7.13
[0m00:35:26.145520 [debug] [MainThread]: Partial parsing enabled: 0 files deleted, 0 files added, 0 files changed.
[0m00:35:26.146221 [debug] [MainThread]: Partial parsing enabled, no changes found, skipping parsing
[0m00:35:26.158060 [debug] [MainThread]: Sending event: {'category': 'dbt', 'action': 'load_project', 'label': '10d67e08-67a7-4f97-b19c-a03db5f2edc3', 'context': [<snowplow_tracker.self_describing_json.SelfDescribingJson object at 0x7f3cba808490>]}
[0m00:35:26.244851 [debug] [MainThread]: Sending event: {'category': 'dbt', 'action': 'resource_counts', 'label': '10d67e08-67a7-4f97-b19c-a03db5f2edc3', 'context': [<snowplow_tracker.self_describing_json.SelfDescribingJson object at 0x7f3cbb056510>]}
[0m00:35:26.245580 [info ] [MainThread]: Found 8 models, 2 snapshots, 9 tests, 1 seed, 3 sources, 0 exposures, 0 metrics, 432 macros, 0 groups, 0 semantic models
[0m00:35:26.246228 [debug] [MainThread]: Sending event: {'category': 'dbt', 'action': 'runnable_timing', 'label': '10d67e08-67a7-4f97-b19c-a03db5f2edc3', 'context': [<snowplow_tracker.self_describing_json.SelfDescribingJson object at 0x7f3cbb9ae9d0>]}
[0m00:35:26.248120 [info ] [MainThread]: 
[0m00:35:26.248971 [debug] [MainThread]: Acquiring new snowflake connection 'master'
[0m00:35:26.250373 [debug] [ThreadPool]: Acquiring new snowflake connection 'list_AIRFLOW'
[0m00:35:26.269704 [debug] [ThreadPool]: Using snowflake connection "list_AIRFLOW"
[0m00:35:26.270521 [debug] [ThreadPool]: On list_AIRFLOW: /* {"app": "dbt", "dbt_version": "1.7.13", "profile_name": "dbttest", "target_name": "dev", "connection_name": "list_AIRFLOW"} */
show terse schemas in database AIRFLOW
    limit 10000
[0m00:35:26.270983 [debug] [ThreadPool]: Opening a new connection, currently in state init
[0m00:35:27.552771 [debug] [ThreadPool]: SQL status: SUCCESS 4 in 1.0 seconds
[0m00:35:27.555836 [debug] [ThreadPool]: On list_AIRFLOW: Close
[0m00:35:27.667486 [debug] [ThreadPool]: Re-using an available connection from the pool (formerly list_AIRFLOW, now list_AIRFLOW_dev)
[0m00:35:27.678625 [debug] [ThreadPool]: Using snowflake connection "list_AIRFLOW_dev"
[0m00:35:27.679718 [debug] [ThreadPool]: On list_AIRFLOW_dev: /* {"app": "dbt", "dbt_version": "1.7.13", "profile_name": "dbttest", "target_name": "dev", "connection_name": "list_AIRFLOW_dev"} */
show terse objects in AIRFLOW.dev limit 10000
[0m00:35:27.680535 [debug] [ThreadPool]: Opening a new connection, currently in state closed
[0m00:35:28.367076 [debug] [ThreadPool]: SQL status: SUCCESS 3 in 1.0 seconds
[0m00:35:28.369869 [debug] [ThreadPool]: On list_AIRFLOW_dev: Close
[0m00:35:28.483202 [debug] [ThreadPool]: Re-using an available connection from the pool (formerly list_AIRFLOW_dev, now list_AIRFLOW_DEV)
[0m00:35:28.487447 [debug] [ThreadPool]: Using snowflake connection "list_AIRFLOW_DEV"
[0m00:35:28.487902 [debug] [ThreadPool]: On list_AIRFLOW_DEV: /* {"app": "dbt", "dbt_version": "1.7.13", "profile_name": "dbttest", "target_name": "dev", "connection_name": "list_AIRFLOW_DEV"} */
show terse objects in AIRFLOW.DEV limit 10000
[0m00:35:28.488646 [debug] [ThreadPool]: Opening a new connection, currently in state closed
[0m00:35:28.983829 [debug] [ThreadPool]: SQL status: SUCCESS 3 in 0.0 seconds
[0m00:35:28.985867 [debug] [ThreadPool]: On list_AIRFLOW_DEV: Close
[0m00:35:29.117582 [debug] [MainThread]: Sending event: {'category': 'dbt', 'action': 'runnable_timing', 'label': '10d67e08-67a7-4f97-b19c-a03db5f2edc3', 'context': [<snowplow_tracker.self_describing_json.SelfDescribingJson object at 0x7f3cbc2db150>]}
[0m00:35:29.119239 [info ] [MainThread]: Concurrency: 1 threads (target='dev')
[0m00:35:29.119996 [info ] [MainThread]: 
[0m00:35:29.124750 [debug] [Thread-1 (]: Began running node model.dbttest.fct_reviews
[0m00:35:29.125422 [info ] [Thread-1 (]: 1 of 1 START sql incremental model DEV.fct_reviews ............................. [RUN]
[0m00:35:29.126430 [debug] [Thread-1 (]: Re-using an available connection from the pool (formerly list_AIRFLOW_DEV, now model.dbttest.fct_reviews)
[0m00:35:29.126873 [debug] [Thread-1 (]: Began compiling node model.dbttest.fct_reviews
[0m00:35:29.141701 [debug] [Thread-1 (]: Writing injected SQL for node "model.dbttest.fct_reviews"
[0m00:35:29.144409 [debug] [Thread-1 (]: Writing injected SQL for node "model.dbttest.fct_reviews"
[0m00:35:29.146323 [debug] [Thread-1 (]: Timing info for model.dbttest.fct_reviews (compile): 00:35:29.127092 => 00:35:29.145826
[0m00:35:29.147171 [debug] [Thread-1 (]: Began executing node model.dbttest.fct_reviews
[0m00:35:29.206023 [debug] [Thread-1 (]: Writing runtime sql for node "model.dbttest.fct_reviews"
[0m00:35:29.208191 [debug] [Thread-1 (]: Using snowflake connection "model.dbttest.fct_reviews"
[0m00:35:29.208624 [debug] [Thread-1 (]: On model.dbttest.fct_reviews: /* {"app": "dbt", "dbt_version": "1.7.13", "profile_name": "dbttest", "target_name": "dev", "node_id": "model.dbttest.fct_reviews"} */
create or replace transient table AIRFLOW.DEV.fct_reviews
         as
        (-- This is a configuration block to create an incremental materialization
-- It appends the data to the reviews fact table when any new reviews come in

-- Then you define your CTE as usual
WITH  __dbt__cte__src_reviews as (
WITH raw_reviews AS(
    SELECT * FROM AIRFLOW.raw.raw_reviews
)
SELECT 
    listing_id,
    date AS review_date,
    reviewer_name,
    comments AS review_text,
    sentiment AS review_sentiment
FROM
    raw_reviews
), src_reviews AS (
    SELECT * FROM __dbt__cte__src_reviews
)
SELECT * FROM src_reviews
WHERE review_text IS NOT NULL
-- how dbt knows a record review is new or not 
-- we need to create a jinja if stmt

        );
[0m00:35:29.208990 [debug] [Thread-1 (]: Opening a new connection, currently in state closed
[0m00:35:35.727409 [debug] [Thread-1 (]: SQL status: SUCCESS 1 in 7.0 seconds
[0m00:35:35.741472 [debug] [Thread-1 (]: Applying DROP to: AIRFLOW.DEV.fct_reviews__dbt_tmp
[0m00:35:35.750910 [debug] [Thread-1 (]: Using snowflake connection "model.dbttest.fct_reviews"
[0m00:35:35.751409 [debug] [Thread-1 (]: On model.dbttest.fct_reviews: /* {"app": "dbt", "dbt_version": "1.7.13", "profile_name": "dbttest", "target_name": "dev", "node_id": "model.dbttest.fct_reviews"} */
drop view if exists AIRFLOW.DEV.fct_reviews__dbt_tmp cascade
[0m00:35:35.824722 [debug] [Thread-1 (]: SQL status: SUCCESS 1 in 0.0 seconds
[0m00:35:35.845516 [debug] [Thread-1 (]: Timing info for model.dbttest.fct_reviews (execute): 00:35:29.147614 => 00:35:35.845310
[0m00:35:35.846157 [debug] [Thread-1 (]: On model.dbttest.fct_reviews: Close
[0m00:35:36.023396 [debug] [Thread-1 (]: Sending event: {'category': 'dbt', 'action': 'run_model', 'label': '10d67e08-67a7-4f97-b19c-a03db5f2edc3', 'context': [<snowplow_tracker.self_describing_json.SelfDescribingJson object at 0x7f3cba96d050>]}
[0m00:35:36.024697 [info ] [Thread-1 (]: 1 of 1 OK created sql incremental model DEV.fct_reviews ........................ [[32mSUCCESS 1[0m in 6.90s]
[0m00:35:36.025683 [debug] [Thread-1 (]: Finished running node model.dbttest.fct_reviews
[0m00:35:36.028305 [debug] [MainThread]: Connection 'master' was properly closed.
[0m00:35:36.028661 [debug] [MainThread]: Connection 'model.dbttest.fct_reviews' was properly closed.
[0m00:35:36.029063 [info ] [MainThread]: 
[0m00:35:36.029598 [info ] [MainThread]: Finished running 1 incremental model in 0 hours 0 minutes and 9.78 seconds (9.78s).
[0m00:35:36.030585 [debug] [MainThread]: Command end result
[0m00:35:36.044002 [info ] [MainThread]: 
[0m00:35:36.045200 [info ] [MainThread]: [32mCompleted successfully[0m
[0m00:35:36.046885 [info ] [MainThread]: 
[0m00:35:36.047518 [info ] [MainThread]: Done. PASS=1 WARN=0 ERROR=0 SKIP=0 TOTAL=1
[0m00:35:36.048539 [debug] [MainThread]: Resource report: {"command_name": "run", "command_success": true, "command_wall_clock_time": 10.475009, "process_user_time": 3.818851, "process_kernel_time": 0.231252, "process_mem_max_rss": "127508", "process_in_blocks": "200", "process_out_blocks": "1944"}
[0m00:35:36.049026 [debug] [MainThread]: Command `dbt run` succeeded at 00:35:36.048908 after 10.48 seconds
[0m00:35:36.049441 [debug] [MainThread]: Sending event: {'category': 'dbt', 'action': 'invocation', 'label': 'end', 'context': [<snowplow_tracker.self_describing_json.SelfDescribingJson object at 0x7f3cbb98bc90>, <snowplow_tracker.self_describing_json.SelfDescribingJson object at 0x7f3cbc0e0050>, <snowplow_tracker.self_describing_json.SelfDescribingJson object at 0x7f3cbb9864d0>]}
[0m00:35:36.049857 [debug] [MainThread]: Flushing usage events
[0m00:35:39.769165 [debug] [MainThread]: Sending event: {'category': 'dbt', 'action': 'invocation', 'label': 'start', 'context': [<snowplow_tracker.self_describing_json.SelfDescribingJson object at 0x7fcaeefc6e10>, <snowplow_tracker.self_describing_json.SelfDescribingJson object at 0x7fcaeedd6bd0>, <snowplow_tracker.self_describing_json.SelfDescribingJson object at 0x7fcaeedd7410>]}


============================== 00:35:39.771643 | 711466c9-0543-47e8-bc76-664b2ebf702f ==============================
[0m00:35:39.771643 [info ] [MainThread]: Running with dbt=1.7.13
[0m00:35:39.772402 [debug] [MainThread]: running dbt with arguments {'printer_width': '80', 'indirect_selection': 'eager', 'write_json': 'True', 'log_cache_events': 'False', 'partial_parse': 'True', 'cache_selected_only': 'False', 'profiles_dir': '.', 'debug': 'False', 'version_check': 'True', 'log_path': '/usr/local/airflow/dags/dbttest/logs', 'fail_fast': 'False', 'warn_error': 'None', 'use_colors': 'True', 'use_experimental_parser': 'False', 'no_print': 'None', 'quiet': 'False', 'log_format': 'default', 'invocation_command': 'dbt seed --profiles-dir .', 'warn_error_options': 'WarnErrorOptions(include=[], exclude=[])', 'introspect': 'True', 'target_path': 'None', 'static_parser': 'True', 'send_anonymous_usage_stats': 'True'}
[0m00:35:40.144937 [debug] [MainThread]: Sending event: {'category': 'dbt', 'action': 'project_id', 'label': '711466c9-0543-47e8-bc76-664b2ebf702f', 'context': [<snowplow_tracker.self_describing_json.SelfDescribingJson object at 0x7fcaedd9cf50>]}
[0m00:35:40.276320 [debug] [MainThread]: Sending event: {'category': 'dbt', 'action': 'adapter_info', 'label': '711466c9-0543-47e8-bc76-664b2ebf702f', 'context': [<snowplow_tracker.self_describing_json.SelfDescribingJson object at 0x7fcaeee025d0>]}
[0m00:35:40.277516 [info ] [MainThread]: Registered adapter: snowflake=1.7.1
[0m00:35:40.289553 [debug] [MainThread]: checksum: 6c24e2ee36a42cedd7e5de2827d214776eb7a8e8f425f6d8acb06c31add0afef, vars: {}, profile: , target: , version: 1.7.13
[0m00:35:40.320742 [debug] [MainThread]: Partial parsing enabled: 0 files deleted, 0 files added, 0 files changed.
[0m00:35:40.321266 [debug] [MainThread]: Partial parsing enabled, no changes found, skipping parsing
[0m00:35:40.329229 [debug] [MainThread]: Sending event: {'category': 'dbt', 'action': 'load_project', 'label': '711466c9-0543-47e8-bc76-664b2ebf702f', 'context': [<snowplow_tracker.self_describing_json.SelfDescribingJson object at 0x7fcaedc9ec10>]}
[0m00:35:40.409753 [debug] [MainThread]: Sending event: {'category': 'dbt', 'action': 'resource_counts', 'label': '711466c9-0543-47e8-bc76-664b2ebf702f', 'context': [<snowplow_tracker.self_describing_json.SelfDescribingJson object at 0x7fcaef727410>]}
[0m00:35:40.410486 [info ] [MainThread]: Found 8 models, 2 snapshots, 9 tests, 1 seed, 3 sources, 0 exposures, 0 metrics, 432 macros, 0 groups, 0 semantic models
[0m00:35:40.410997 [debug] [MainThread]: Sending event: {'category': 'dbt', 'action': 'runnable_timing', 'label': '711466c9-0543-47e8-bc76-664b2ebf702f', 'context': [<snowplow_tracker.self_describing_json.SelfDescribingJson object at 0x7fcaedd9e590>]}
[0m00:35:40.414191 [info ] [MainThread]: 
[0m00:35:40.415255 [debug] [MainThread]: Acquiring new snowflake connection 'master'
[0m00:35:40.416720 [debug] [ThreadPool]: Acquiring new snowflake connection 'list_AIRFLOW'
[0m00:35:40.430613 [debug] [ThreadPool]: Using snowflake connection "list_AIRFLOW"
[0m00:35:40.431334 [debug] [ThreadPool]: On list_AIRFLOW: /* {"app": "dbt", "dbt_version": "1.7.13", "profile_name": "dbttest", "target_name": "dev", "connection_name": "list_AIRFLOW"} */
show terse schemas in database AIRFLOW
    limit 10000
[0m00:35:40.431762 [debug] [ThreadPool]: Opening a new connection, currently in state init
[0m00:35:40.884850 [debug] [ThreadPool]: SQL status: SUCCESS 4 in 0.0 seconds
[0m00:35:40.887437 [debug] [ThreadPool]: On list_AIRFLOW: Close
[0m00:35:41.218332 [debug] [ThreadPool]: Re-using an available connection from the pool (formerly list_AIRFLOW, now list_AIRFLOW_DEV)
[0m00:35:41.229642 [debug] [ThreadPool]: Using snowflake connection "list_AIRFLOW_DEV"
[0m00:35:41.230291 [debug] [ThreadPool]: On list_AIRFLOW_DEV: /* {"app": "dbt", "dbt_version": "1.7.13", "profile_name": "dbttest", "target_name": "dev", "connection_name": "list_AIRFLOW_DEV"} */
show terse objects in AIRFLOW.DEV limit 10000
[0m00:35:41.230684 [debug] [ThreadPool]: Opening a new connection, currently in state closed
[0m00:35:41.635713 [debug] [ThreadPool]: SQL status: SUCCESS 4 in 0.0 seconds
[0m00:35:41.638893 [debug] [ThreadPool]: On list_AIRFLOW_DEV: Close
[0m00:35:41.760242 [debug] [ThreadPool]: Re-using an available connection from the pool (formerly list_AIRFLOW_DEV, now list_AIRFLOW_dev)
[0m00:35:41.765449 [debug] [ThreadPool]: Using snowflake connection "list_AIRFLOW_dev"
[0m00:35:41.766015 [debug] [ThreadPool]: On list_AIRFLOW_dev: /* {"app": "dbt", "dbt_version": "1.7.13", "profile_name": "dbttest", "target_name": "dev", "connection_name": "list_AIRFLOW_dev"} */
show terse objects in AIRFLOW.dev limit 10000
[0m00:35:41.766812 [debug] [ThreadPool]: Opening a new connection, currently in state closed
[0m00:35:42.181385 [debug] [ThreadPool]: SQL status: SUCCESS 4 in 0.0 seconds
[0m00:35:42.183286 [debug] [ThreadPool]: On list_AIRFLOW_dev: Close
[0m00:35:42.315766 [debug] [MainThread]: Sending event: {'category': 'dbt', 'action': 'runnable_timing', 'label': '711466c9-0543-47e8-bc76-664b2ebf702f', 'context': [<snowplow_tracker.self_describing_json.SelfDescribingJson object at 0x7fcaedce4750>]}
[0m00:35:42.317087 [info ] [MainThread]: Concurrency: 1 threads (target='dev')
[0m00:35:42.317646 [info ] [MainThread]: 
[0m00:35:42.321334 [debug] [Thread-1 (]: Began running node seed.dbttest.seed_full_moon_dates
[0m00:35:42.321946 [info ] [Thread-1 (]: 1 of 1 START seed file DEV.seed_full_moon_dates ................................ [RUN]
[0m00:35:42.322972 [debug] [Thread-1 (]: Re-using an available connection from the pool (formerly list_AIRFLOW_dev, now seed.dbttest.seed_full_moon_dates)
[0m00:35:42.323462 [debug] [Thread-1 (]: Began compiling node seed.dbttest.seed_full_moon_dates
[0m00:35:42.324010 [debug] [Thread-1 (]: Timing info for seed.dbttest.seed_full_moon_dates (compile): 00:35:42.323781 => 00:35:42.323785
[0m00:35:42.324339 [debug] [Thread-1 (]: Began executing node seed.dbttest.seed_full_moon_dates
[0m00:35:42.362882 [debug] [Thread-1 (]: Using snowflake connection "seed.dbttest.seed_full_moon_dates"
[0m00:35:42.363582 [debug] [Thread-1 (]: On seed.dbttest.seed_full_moon_dates: /* {"app": "dbt", "dbt_version": "1.7.13", "profile_name": "dbttest", "target_name": "dev", "node_id": "seed.dbttest.seed_full_moon_dates"} */
create table AIRFLOW.DEV.seed_full_moon_dates (full_moon_date date)
[0m00:35:42.364145 [debug] [Thread-1 (]: Opening a new connection, currently in state closed
[0m00:35:42.896854 [debug] [Thread-1 (]: SQL status: SUCCESS 1 in 1.0 seconds
[0m00:35:42.917068 [debug] [Thread-1 (]: Using snowflake connection "seed.dbttest.seed_full_moon_dates"
[0m00:35:42.918366 [debug] [Thread-1 (]: On seed.dbttest.seed_full_moon_dates: /* {"app": "dbt", "dbt_version": "1.7.13", "profile_name": "dbttest", "target_name": "dev", "node_id": "seed.dbttest.seed_full_moon_dates"} */
BEGIN
[0m00:35:43.092755 [debug] [Thread-1 (]: SQL status: SUCCESS 1 in 0.0 seconds
[0m00:35:43.096570 [debug] [Thread-1 (]: Using snowflake connection "seed.dbttest.seed_full_moon_dates"
[0m00:35:43.097087 [debug] [Thread-1 (]: On seed.dbttest.seed_full_moon_dates: /* {"app": "dbt", "dbt_version": "1.7.13", "profile_name": "dbttest", "target_name": "dev", "node_id": "seed.dbttest.seed_full_moon_dates"} */
insert into AIRFLOW.DEV.seed_full_moon_dates (full_moon_date) values
            (%s),(%s),(%s),(%s),(%s),(%s),(%s),(%s),(%s),(%s),(%s),(%s),(%s),(%s),(%s),(%s),(%s),(%s),(%s),(%s),(%s),(%s),(%s),(%s),(%s),(%s),(%s),(%s),(%s),(%s),(%s),(%s),(%s),(%s),(%s),(%s),(%s),(%s),(%s),(%s),(%s),(%s),(%s),(%s),(%s),(%s),(%s),(%s),(%s),(%s),(%s),(%s),(%s),(%s),(%s),(%s),(%s),(%s...
[0m00:35:43.866142 [debug] [Thread-1 (]: SQL status: SUCCESS 272 in 1.0 seconds
[0m00:35:43.867012 [debug] [Thread-1 (]: Using snowflake connection "seed.dbttest.seed_full_moon_dates"
[0m00:35:43.867517 [debug] [Thread-1 (]: On seed.dbttest.seed_full_moon_dates: /* {"app": "dbt", "dbt_version": "1.7.13", "profile_name": "dbttest", "target_name": "dev", "node_id": "seed.dbttest.seed_full_moon_dates"} */
COMMIT
[0m00:35:44.227489 [debug] [Thread-1 (]: SQL status: SUCCESS 1 in 0.0 seconds
[0m00:35:44.236782 [debug] [Thread-1 (]: Writing runtime SQL for node "seed.dbttest.seed_full_moon_dates"
[0m00:35:44.259736 [debug] [Thread-1 (]: Timing info for seed.dbttest.seed_full_moon_dates (execute): 00:35:42.324532 => 00:35:44.259535
[0m00:35:44.260195 [debug] [Thread-1 (]: On seed.dbttest.seed_full_moon_dates: Close
[0m00:35:44.364974 [debug] [Thread-1 (]: Sending event: {'category': 'dbt', 'action': 'run_model', 'label': '711466c9-0543-47e8-bc76-664b2ebf702f', 'context': [<snowplow_tracker.self_describing_json.SelfDescribingJson object at 0x7fcaedb56d90>]}
[0m00:35:44.366096 [info ] [Thread-1 (]: 1 of 1 OK loaded seed file DEV.seed_full_moon_dates ............................ [[32mINSERT 272[0m in 2.04s]
[0m00:35:44.367338 [debug] [Thread-1 (]: Finished running node seed.dbttest.seed_full_moon_dates
[0m00:35:44.371034 [debug] [MainThread]: Connection 'master' was properly closed.
[0m00:35:44.371498 [debug] [MainThread]: Connection 'seed.dbttest.seed_full_moon_dates' was properly closed.
[0m00:35:44.371973 [info ] [MainThread]: 
[0m00:35:44.372667 [info ] [MainThread]: Finished running 1 seed in 0 hours 0 minutes and 3.96 seconds (3.96s).
[0m00:35:44.373943 [debug] [MainThread]: Command end result
[0m00:35:44.388927 [info ] [MainThread]: 
[0m00:35:44.389710 [info ] [MainThread]: [32mCompleted successfully[0m
[0m00:35:44.390296 [info ] [MainThread]: 
[0m00:35:44.391208 [info ] [MainThread]: Done. PASS=1 WARN=0 ERROR=0 SKIP=0 TOTAL=1
[0m00:35:44.392591 [debug] [MainThread]: Resource report: {"command_name": "seed", "command_success": true, "command_wall_clock_time": 4.6718183, "process_user_time": 3.002389, "process_kernel_time": 0.181352, "process_mem_max_rss": "126840", "process_in_blocks": "176", "process_out_blocks": "1928"}
[0m00:35:44.393370 [debug] [MainThread]: Command `dbt seed` succeeded at 00:35:44.393172 after 4.67 seconds
[0m00:35:44.393953 [debug] [MainThread]: Sending event: {'category': 'dbt', 'action': 'invocation', 'label': 'end', 'context': [<snowplow_tracker.self_describing_json.SelfDescribingJson object at 0x7fcaef1f57d0>, <snowplow_tracker.self_describing_json.SelfDescribingJson object at 0x7fcaeee1b110>, <snowplow_tracker.self_describing_json.SelfDescribingJson object at 0x7fcaf3327b10>]}
[0m00:35:44.394489 [debug] [MainThread]: Flushing usage events
[0m00:35:48.482427 [debug] [MainThread]: Sending event: {'category': 'dbt', 'action': 'invocation', 'label': 'start', 'context': [<snowplow_tracker.self_describing_json.SelfDescribingJson object at 0x7ffa97304a90>, <snowplow_tracker.self_describing_json.SelfDescribingJson object at 0x7ffa97306410>, <snowplow_tracker.self_describing_json.SelfDescribingJson object at 0x7ffa973051d0>]}


============================== 00:35:48.485684 | 9a0e77d0-f9ba-4a0b-8dae-f9ad7ceb3d66 ==============================
[0m00:35:48.485684 [info ] [MainThread]: Running with dbt=1.7.13
[0m00:35:48.486492 [debug] [MainThread]: running dbt with arguments {'printer_width': '80', 'indirect_selection': 'eager', 'write_json': 'True', 'log_cache_events': 'False', 'partial_parse': 'True', 'cache_selected_only': 'False', 'warn_error': 'None', 'version_check': 'True', 'fail_fast': 'False', 'log_path': '/usr/local/airflow/dags/dbttest/logs', 'profiles_dir': '.', 'debug': 'False', 'use_colors': 'True', 'use_experimental_parser': 'False', 'no_print': 'None', 'quiet': 'False', 'log_format': 'default', 'invocation_command': 'dbt run --models mart.* --profiles-dir .', 'introspect': 'True', 'warn_error_options': 'WarnErrorOptions(include=[], exclude=[])', 'target_path': 'None', 'static_parser': 'True', 'send_anonymous_usage_stats': 'True'}
[0m00:35:48.830733 [debug] [MainThread]: Sending event: {'category': 'dbt', 'action': 'project_id', 'label': '9a0e77d0-f9ba-4a0b-8dae-f9ad7ceb3d66', 'context': [<snowplow_tracker.self_describing_json.SelfDescribingJson object at 0x7ffa962c1510>]}
[0m00:35:48.943866 [debug] [MainThread]: Sending event: {'category': 'dbt', 'action': 'adapter_info', 'label': '9a0e77d0-f9ba-4a0b-8dae-f9ad7ceb3d66', 'context': [<snowplow_tracker.self_describing_json.SelfDescribingJson object at 0x7ffa964ecad0>]}
[0m00:35:48.944924 [info ] [MainThread]: Registered adapter: snowflake=1.7.1
[0m00:35:48.953080 [debug] [MainThread]: checksum: 6c24e2ee36a42cedd7e5de2827d214776eb7a8e8f425f6d8acb06c31add0afef, vars: {}, profile: , target: , version: 1.7.13
[0m00:35:48.984150 [debug] [MainThread]: Partial parsing enabled: 0 files deleted, 0 files added, 0 files changed.
[0m00:35:48.984730 [debug] [MainThread]: Partial parsing enabled, no changes found, skipping parsing
[0m00:35:48.991225 [debug] [MainThread]: Sending event: {'category': 'dbt', 'action': 'load_project', 'label': '9a0e77d0-f9ba-4a0b-8dae-f9ad7ceb3d66', 'context': [<snowplow_tracker.self_describing_json.SelfDescribingJson object at 0x7ffa960a0150>]}
[0m00:35:49.075301 [debug] [MainThread]: Sending event: {'category': 'dbt', 'action': 'resource_counts', 'label': '9a0e77d0-f9ba-4a0b-8dae-f9ad7ceb3d66', 'context': [<snowplow_tracker.self_describing_json.SelfDescribingJson object at 0x7ffa9614be90>]}
[0m00:35:49.075959 [info ] [MainThread]: Found 8 models, 2 snapshots, 9 tests, 1 seed, 3 sources, 0 exposures, 0 metrics, 432 macros, 0 groups, 0 semantic models
[0m00:35:49.076666 [debug] [MainThread]: Sending event: {'category': 'dbt', 'action': 'runnable_timing', 'label': '9a0e77d0-f9ba-4a0b-8dae-f9ad7ceb3d66', 'context': [<snowplow_tracker.self_describing_json.SelfDescribingJson object at 0x7ffa962804d0>]}
[0m00:35:49.078598 [info ] [MainThread]: 
[0m00:35:49.079644 [debug] [MainThread]: Acquiring new snowflake connection 'master'
[0m00:35:49.081294 [debug] [ThreadPool]: Acquiring new snowflake connection 'list_AIRFLOW'
[0m00:35:49.098203 [debug] [ThreadPool]: Using snowflake connection "list_AIRFLOW"
[0m00:35:49.098914 [debug] [ThreadPool]: On list_AIRFLOW: /* {"app": "dbt", "dbt_version": "1.7.13", "profile_name": "dbttest", "target_name": "dev", "connection_name": "list_AIRFLOW"} */
show terse schemas in database AIRFLOW
    limit 10000
[0m00:35:49.099421 [debug] [ThreadPool]: Opening a new connection, currently in state init
[0m00:35:49.651741 [debug] [ThreadPool]: SQL status: SUCCESS 4 in 1.0 seconds
[0m00:35:49.653665 [debug] [ThreadPool]: On list_AIRFLOW: Close
[0m00:35:49.762678 [debug] [ThreadPool]: Re-using an available connection from the pool (formerly list_AIRFLOW, now list_AIRFLOW_dev)
[0m00:35:49.772934 [debug] [ThreadPool]: Using snowflake connection "list_AIRFLOW_dev"
[0m00:35:49.773428 [debug] [ThreadPool]: On list_AIRFLOW_dev: /* {"app": "dbt", "dbt_version": "1.7.13", "profile_name": "dbttest", "target_name": "dev", "connection_name": "list_AIRFLOW_dev"} */
show terse objects in AIRFLOW.dev limit 10000
[0m00:35:49.773800 [debug] [ThreadPool]: Opening a new connection, currently in state closed
[0m00:35:50.132758 [debug] [ThreadPool]: SQL status: SUCCESS 5 in 0.0 seconds
[0m00:35:50.135581 [debug] [ThreadPool]: On list_AIRFLOW_dev: Close
[0m00:35:50.260017 [debug] [ThreadPool]: Re-using an available connection from the pool (formerly list_AIRFLOW_dev, now list_AIRFLOW_DEV)
[0m00:35:50.266263 [debug] [ThreadPool]: Using snowflake connection "list_AIRFLOW_DEV"
[0m00:35:50.267520 [debug] [ThreadPool]: On list_AIRFLOW_DEV: /* {"app": "dbt", "dbt_version": "1.7.13", "profile_name": "dbttest", "target_name": "dev", "connection_name": "list_AIRFLOW_DEV"} */
show terse objects in AIRFLOW.DEV limit 10000
[0m00:35:50.267998 [debug] [ThreadPool]: Opening a new connection, currently in state closed
[0m00:35:50.580437 [debug] [ThreadPool]: SQL status: SUCCESS 5 in 0.0 seconds
[0m00:35:50.582416 [debug] [ThreadPool]: On list_AIRFLOW_DEV: Close
[0m00:35:50.697434 [debug] [MainThread]: Sending event: {'category': 'dbt', 'action': 'runnable_timing', 'label': '9a0e77d0-f9ba-4a0b-8dae-f9ad7ceb3d66', 'context': [<snowplow_tracker.self_describing_json.SelfDescribingJson object at 0x7ffa96264bd0>]}
[0m00:35:50.698913 [info ] [MainThread]: Concurrency: 1 threads (target='dev')
[0m00:35:50.699480 [info ] [MainThread]: 
[0m00:35:50.703899 [debug] [Thread-1 (]: Began running node model.dbttest.mart_full_moon_reviews
[0m00:35:50.704950 [info ] [Thread-1 (]: 1 of 1 START sql table model DEV.mart_full_moon_reviews ........................ [RUN]
[0m00:35:50.706089 [debug] [Thread-1 (]: Re-using an available connection from the pool (formerly list_AIRFLOW_DEV, now model.dbttest.mart_full_moon_reviews)
[0m00:35:50.706876 [debug] [Thread-1 (]: Began compiling node model.dbttest.mart_full_moon_reviews
[0m00:35:50.717431 [debug] [Thread-1 (]: Writing injected SQL for node "model.dbttest.mart_full_moon_reviews"
[0m00:35:50.718813 [debug] [Thread-1 (]: Timing info for model.dbttest.mart_full_moon_reviews (compile): 00:35:50.707215 => 00:35:50.718465
[0m00:35:50.719402 [debug] [Thread-1 (]: Began executing node model.dbttest.mart_full_moon_reviews
[0m00:35:50.754777 [debug] [Thread-1 (]: Writing runtime sql for node "model.dbttest.mart_full_moon_reviews"
[0m00:35:50.756468 [debug] [Thread-1 (]: Using snowflake connection "model.dbttest.mart_full_moon_reviews"
[0m00:35:50.756922 [debug] [Thread-1 (]: On model.dbttest.mart_full_moon_reviews: /* {"app": "dbt", "dbt_version": "1.7.13", "profile_name": "dbttest", "target_name": "dev", "node_id": "model.dbttest.mart_full_moon_reviews"} */
create or replace transient table AIRFLOW.DEV.mart_full_moon_reviews
         as
        (

WITH fct_reviews AS (
    SELECT * FROM AIRFLOW.DEV.fct_reviews
),
full_moon_dates AS (
    SELECT * FROM AIRFLOW.DEV.seed_full_moon_dates
)

SELECT
    r.*,
    CASE
        WHEN fm.full_moon_date IS NULL THEN 'not full moon'
        ELSE 'full moon'
    END AS is_full_moon
FROM
    fct_reviews r 
    LEFT JOIN full_moon_dates fm 
    ON (TO_DATE(r.review_date)= DATEADD(DAY,1,fm.full_moon_date))
        );
[0m00:35:50.758094 [debug] [Thread-1 (]: Opening a new connection, currently in state closed
[0m00:35:54.557017 [debug] [Thread-1 (]: SQL status: SUCCESS 1 in 4.0 seconds
[0m00:35:54.583868 [debug] [Thread-1 (]: Timing info for model.dbttest.mart_full_moon_reviews (execute): 00:35:50.719747 => 00:35:54.583570
[0m00:35:54.584422 [debug] [Thread-1 (]: On model.dbttest.mart_full_moon_reviews: Close
[0m00:35:54.691871 [debug] [Thread-1 (]: Sending event: {'category': 'dbt', 'action': 'run_model', 'label': '9a0e77d0-f9ba-4a0b-8dae-f9ad7ceb3d66', 'context': [<snowplow_tracker.self_describing_json.SelfDescribingJson object at 0x7ffa960958d0>]}
[0m00:35:54.692907 [info ] [Thread-1 (]: 1 of 1 OK created sql table model DEV.mart_full_moon_reviews ................... [[32mSUCCESS 1[0m in 3.99s]
[0m00:35:54.693834 [debug] [Thread-1 (]: Finished running node model.dbttest.mart_full_moon_reviews
[0m00:35:54.697572 [debug] [MainThread]: Connection 'master' was properly closed.
[0m00:35:54.698467 [debug] [MainThread]: Connection 'model.dbttest.mart_full_moon_reviews' was properly closed.
[0m00:35:54.699032 [info ] [MainThread]: 
[0m00:35:54.699619 [info ] [MainThread]: Finished running 1 table model in 0 hours 0 minutes and 5.62 seconds (5.62s).
[0m00:35:54.700679 [debug] [MainThread]: Command end result
[0m00:35:54.712700 [info ] [MainThread]: 
[0m00:35:54.714537 [info ] [MainThread]: [32mCompleted successfully[0m
[0m00:35:54.715405 [info ] [MainThread]: 
[0m00:35:54.716153 [info ] [MainThread]: Done. PASS=1 WARN=0 ERROR=0 SKIP=0 TOTAL=1
[0m00:35:54.717279 [debug] [MainThread]: Resource report: {"command_name": "run", "command_success": true, "command_wall_clock_time": 6.278212, "process_user_time": 2.822879, "process_kernel_time": 0.170215, "process_mem_max_rss": "126684", "process_out_blocks": "1936", "process_in_blocks": "0"}
[0m00:35:54.717862 [debug] [MainThread]: Command `dbt run` succeeded at 00:35:54.717700 after 6.28 seconds
[0m00:35:54.718329 [debug] [MainThread]: Sending event: {'category': 'dbt', 'action': 'invocation', 'label': 'end', 'context': [<snowplow_tracker.self_describing_json.SelfDescribingJson object at 0x7ffa977b0950>, <snowplow_tracker.self_describing_json.SelfDescribingJson object at 0x7ffa9b6fb990>, <snowplow_tracker.self_describing_json.SelfDescribingJson object at 0x7ffa9b7c4d10>]}
[0m00:35:54.718896 [debug] [MainThread]: Flushing usage events
[0m00:44:12.224050 [debug] [MainThread]: Sending event: {'category': 'dbt', 'action': 'invocation', 'label': 'start', 'context': [<snowplow_tracker.self_describing_json.SelfDescribingJson object at 0x7f3ba99ecb10>, <snowplow_tracker.self_describing_json.SelfDescribingJson object at 0x7f3ba990ab10>, <snowplow_tracker.self_describing_json.SelfDescribingJson object at 0x7f3ba99efe10>]}


============================== 00:44:12.227877 | a2a69550-2990-42ac-a135-52f114adcbff ==============================
[0m00:44:12.227877 [info ] [MainThread]: Running with dbt=1.7.13
[0m00:44:12.228484 [debug] [MainThread]: running dbt with arguments {'printer_width': '80', 'indirect_selection': 'eager', 'write_json': 'True', 'log_cache_events': 'False', 'partial_parse': 'True', 'cache_selected_only': 'False', 'profiles_dir': '.', 'fail_fast': 'False', 'debug': 'False', 'log_path': '/usr/local/airflow/dags/dbttest/logs', 'warn_error': 'None', 'version_check': 'True', 'use_colors': 'True', 'use_experimental_parser': 'False', 'no_print': 'None', 'quiet': 'False', 'log_format': 'default', 'invocation_command': 'dbt run --full-refresh --models src.* --profiles-dir .', 'introspect': 'True', 'warn_error_options': 'WarnErrorOptions(include=[], exclude=[])', 'target_path': 'None', 'static_parser': 'True', 'send_anonymous_usage_stats': 'True'}
[0m00:44:12.667504 [debug] [MainThread]: Sending event: {'category': 'dbt', 'action': 'project_id', 'label': 'a2a69550-2990-42ac-a135-52f114adcbff', 'context': [<snowplow_tracker.self_describing_json.SelfDescribingJson object at 0x7f3ba98e4ad0>]}
[0m00:44:12.755888 [debug] [MainThread]: Sending event: {'category': 'dbt', 'action': 'adapter_info', 'label': 'a2a69550-2990-42ac-a135-52f114adcbff', 'context': [<snowplow_tracker.self_describing_json.SelfDescribingJson object at 0x7f3ba98c6410>]}
[0m00:44:12.756962 [info ] [MainThread]: Registered adapter: snowflake=1.7.1
[0m00:44:12.764277 [debug] [MainThread]: checksum: 6c24e2ee36a42cedd7e5de2827d214776eb7a8e8f425f6d8acb06c31add0afef, vars: {}, profile: , target: , version: 1.7.13
[0m00:44:12.791711 [debug] [MainThread]: Partial parsing enabled: 0 files deleted, 0 files added, 0 files changed.
[0m00:44:12.792181 [debug] [MainThread]: Partial parsing enabled, no changes found, skipping parsing
[0m00:44:12.798847 [debug] [MainThread]: Sending event: {'category': 'dbt', 'action': 'load_project', 'label': 'a2a69550-2990-42ac-a135-52f114adcbff', 'context': [<snowplow_tracker.self_describing_json.SelfDescribingJson object at 0x7f3ba882d050>]}
[0m00:44:12.875031 [debug] [MainThread]: Sending event: {'category': 'dbt', 'action': 'resource_counts', 'label': 'a2a69550-2990-42ac-a135-52f114adcbff', 'context': [<snowplow_tracker.self_describing_json.SelfDescribingJson object at 0x7f3ba895cf50>]}
[0m00:44:12.875905 [info ] [MainThread]: Found 8 models, 2 snapshots, 9 tests, 1 seed, 3 sources, 0 exposures, 0 metrics, 432 macros, 0 groups, 0 semantic models
[0m00:44:12.876460 [debug] [MainThread]: Sending event: {'category': 'dbt', 'action': 'runnable_timing', 'label': 'a2a69550-2990-42ac-a135-52f114adcbff', 'context': [<snowplow_tracker.self_describing_json.SelfDescribingJson object at 0x7f3ba8680950>]}
[0m00:44:12.878533 [info ] [MainThread]: 
[0m00:44:12.879435 [debug] [MainThread]: Acquiring new snowflake connection 'master'
[0m00:44:12.881799 [debug] [ThreadPool]: Acquiring new snowflake connection 'list_AIRFLOW_dev'
[0m00:44:12.899293 [debug] [ThreadPool]: Using snowflake connection "list_AIRFLOW_dev"
[0m00:44:12.899814 [debug] [ThreadPool]: On list_AIRFLOW_dev: /* {"app": "dbt", "dbt_version": "1.7.13", "profile_name": "dbttest", "target_name": "dev", "connection_name": "list_AIRFLOW_dev"} */
show terse objects in AIRFLOW.dev limit 10000
[0m00:44:12.900227 [debug] [ThreadPool]: Opening a new connection, currently in state init
[0m00:44:13.996608 [debug] [ThreadPool]: SQL status: SUCCESS 6 in 1.0 seconds
[0m00:44:13.999389 [debug] [ThreadPool]: On list_AIRFLOW_dev: Close
[0m00:44:14.116118 [debug] [ThreadPool]: Re-using an available connection from the pool (formerly list_AIRFLOW_dev, now list_AIRFLOW_DEV)
[0m00:44:14.122901 [debug] [ThreadPool]: Using snowflake connection "list_AIRFLOW_DEV"
[0m00:44:14.123717 [debug] [ThreadPool]: On list_AIRFLOW_DEV: /* {"app": "dbt", "dbt_version": "1.7.13", "profile_name": "dbttest", "target_name": "dev", "connection_name": "list_AIRFLOW_DEV"} */
show terse objects in AIRFLOW.DEV limit 10000
[0m00:44:14.124240 [debug] [ThreadPool]: Opening a new connection, currently in state closed
[0m00:44:14.695958 [debug] [ThreadPool]: SQL status: SUCCESS 6 in 1.0 seconds
[0m00:44:14.698107 [debug] [ThreadPool]: On list_AIRFLOW_DEV: Close
[0m00:44:14.813842 [debug] [MainThread]: Sending event: {'category': 'dbt', 'action': 'runnable_timing', 'label': 'a2a69550-2990-42ac-a135-52f114adcbff', 'context': [<snowplow_tracker.self_describing_json.SelfDescribingJson object at 0x7f3baa3ff390>]}
[0m00:44:14.815020 [info ] [MainThread]: Concurrency: 1 threads (target='dev')
[0m00:44:14.815495 [info ] [MainThread]: 
[0m00:44:14.818946 [debug] [Thread-1 (]: Began running node model.dbttest.src_hosts
[0m00:44:14.820062 [debug] [Thread-1 (]: Re-using an available connection from the pool (formerly list_AIRFLOW_DEV, now model.dbttest.src_hosts)
[0m00:44:14.820594 [debug] [Thread-1 (]: Began compiling node model.dbttest.src_hosts
[0m00:44:14.829655 [debug] [Thread-1 (]: Writing injected SQL for node "model.dbttest.src_hosts"
[0m00:44:14.831431 [debug] [Thread-1 (]: Timing info for model.dbttest.src_hosts (compile): 00:44:14.820916 => 00:44:14.830958
[0m00:44:14.832969 [debug] [Thread-1 (]: Finished running node model.dbttest.src_hosts
[0m00:44:14.833690 [debug] [Thread-1 (]: Began running node model.dbttest.src_listings
[0m00:44:14.834468 [debug] [Thread-1 (]: Re-using an available connection from the pool (formerly model.dbttest.src_hosts, now model.dbttest.src_listings)
[0m00:44:14.835122 [debug] [Thread-1 (]: Began compiling node model.dbttest.src_listings
[0m00:44:14.839140 [debug] [Thread-1 (]: Writing injected SQL for node "model.dbttest.src_listings"
[0m00:44:14.840466 [debug] [Thread-1 (]: Timing info for model.dbttest.src_listings (compile): 00:44:14.835403 => 00:44:14.840067
[0m00:44:14.841626 [debug] [Thread-1 (]: Finished running node model.dbttest.src_listings
[0m00:44:14.842235 [debug] [Thread-1 (]: Began running node model.dbttest.src_reviews
[0m00:44:14.843097 [debug] [Thread-1 (]: Re-using an available connection from the pool (formerly model.dbttest.src_listings, now model.dbttest.src_reviews)
[0m00:44:14.843586 [debug] [Thread-1 (]: Began compiling node model.dbttest.src_reviews
[0m00:44:14.848511 [debug] [Thread-1 (]: Writing injected SQL for node "model.dbttest.src_reviews"
[0m00:44:14.849703 [debug] [Thread-1 (]: Timing info for model.dbttest.src_reviews (compile): 00:44:14.843892 => 00:44:14.849341
[0m00:44:14.851050 [debug] [Thread-1 (]: Finished running node model.dbttest.src_reviews
[0m00:44:14.854324 [debug] [MainThread]: Connection 'master' was properly closed.
[0m00:44:14.855306 [debug] [MainThread]: Connection 'model.dbttest.src_reviews' was properly closed.
[0m00:44:14.856111 [info ] [MainThread]: 
[0m00:44:14.856709 [info ] [MainThread]: Finished running  in 0 hours 0 minutes and 1.98 seconds (1.98s).
[0m00:44:14.857351 [debug] [MainThread]: Command end result
[0m00:44:14.867170 [debug] [MainThread]: Resource report: {"command_name": "run", "command_success": true, "command_wall_clock_time": 2.6859038, "process_user_time": 3.040042, "process_kernel_time": 0.290961, "process_mem_max_rss": "128516", "process_in_blocks": "112", "process_out_blocks": "2784"}
[0m00:44:14.867848 [debug] [MainThread]: Command `dbt run` succeeded at 00:44:14.867664 after 2.69 seconds
[0m00:44:14.868300 [debug] [MainThread]: Sending event: {'category': 'dbt', 'action': 'invocation', 'label': 'end', 'context': [<snowplow_tracker.self_describing_json.SelfDescribingJson object at 0x7f3ba97ff450>, <snowplow_tracker.self_describing_json.SelfDescribingJson object at 0x7f3ba98406d0>, <snowplow_tracker.self_describing_json.SelfDescribingJson object at 0x7f3ba89a4c50>]}
[0m00:44:14.868819 [debug] [MainThread]: Flushing usage events
[0m00:44:19.723402 [debug] [MainThread]: Sending event: {'category': 'dbt', 'action': 'invocation', 'label': 'start', 'context': [<snowplow_tracker.self_describing_json.SelfDescribingJson object at 0x7ff21fe15cd0>, <snowplow_tracker.self_describing_json.SelfDescribingJson object at 0x7ff21fe16f10>, <snowplow_tracker.self_describing_json.SelfDescribingJson object at 0x7ff21fe14f90>]}


============================== 00:44:19.732484 | e8d7e1f5-4f94-4292-b3e3-45f1bb267163 ==============================
[0m00:44:19.732484 [info ] [MainThread]: Running with dbt=1.7.13
[0m00:44:19.733735 [debug] [MainThread]: running dbt with arguments {'printer_width': '80', 'indirect_selection': 'eager', 'write_json': 'True', 'log_cache_events': 'False', 'partial_parse': 'True', 'cache_selected_only': 'False', 'warn_error': 'None', 'version_check': 'True', 'fail_fast': 'False', 'log_path': '/usr/local/airflow/dags/dbttest/logs', 'profiles_dir': '.', 'debug': 'False', 'use_colors': 'True', 'use_experimental_parser': 'False', 'no_print': 'None', 'quiet': 'False', 'log_format': 'default', 'static_parser': 'True', 'introspect': 'True', 'invocation_command': 'dbt run --full-refresh --models dim.* --profiles-dir .', 'target_path': 'None', 'warn_error_options': 'WarnErrorOptions(include=[], exclude=[])', 'send_anonymous_usage_stats': 'True'}
[0m00:44:20.134124 [debug] [MainThread]: Sending event: {'category': 'dbt', 'action': 'project_id', 'label': 'e8d7e1f5-4f94-4292-b3e3-45f1bb267163', 'context': [<snowplow_tracker.self_describing_json.SelfDescribingJson object at 0x7ff21ec24a90>]}
[0m00:44:20.247762 [debug] [MainThread]: Sending event: {'category': 'dbt', 'action': 'adapter_info', 'label': 'e8d7e1f5-4f94-4292-b3e3-45f1bb267163', 'context': [<snowplow_tracker.self_describing_json.SelfDescribingJson object at 0x7ff21fc7af90>]}
[0m00:44:20.249215 [info ] [MainThread]: Registered adapter: snowflake=1.7.1
[0m00:44:20.260876 [debug] [MainThread]: checksum: 6c24e2ee36a42cedd7e5de2827d214776eb7a8e8f425f6d8acb06c31add0afef, vars: {}, profile: , target: , version: 1.7.13
[0m00:44:20.297802 [debug] [MainThread]: Partial parsing enabled: 0 files deleted, 0 files added, 0 files changed.
[0m00:44:20.298460 [debug] [MainThread]: Partial parsing enabled, no changes found, skipping parsing
[0m00:44:20.305603 [debug] [MainThread]: Sending event: {'category': 'dbt', 'action': 'load_project', 'label': 'e8d7e1f5-4f94-4292-b3e3-45f1bb267163', 'context': [<snowplow_tracker.self_describing_json.SelfDescribingJson object at 0x7ff21ea60c10>]}
[0m00:44:20.402926 [debug] [MainThread]: Sending event: {'category': 'dbt', 'action': 'resource_counts', 'label': 'e8d7e1f5-4f94-4292-b3e3-45f1bb267163', 'context': [<snowplow_tracker.self_describing_json.SelfDescribingJson object at 0x7ff21eba4650>]}
[0m00:44:20.403943 [info ] [MainThread]: Found 8 models, 2 snapshots, 9 tests, 1 seed, 3 sources, 0 exposures, 0 metrics, 432 macros, 0 groups, 0 semantic models
[0m00:44:20.404490 [debug] [MainThread]: Sending event: {'category': 'dbt', 'action': 'runnable_timing', 'label': 'e8d7e1f5-4f94-4292-b3e3-45f1bb267163', 'context': [<snowplow_tracker.self_describing_json.SelfDescribingJson object at 0x7ff21ebe6bd0>]}
[0m00:44:20.407628 [info ] [MainThread]: 
[0m00:44:20.408973 [debug] [MainThread]: Acquiring new snowflake connection 'master'
[0m00:44:20.412475 [debug] [ThreadPool]: Acquiring new snowflake connection 'list_AIRFLOW'
[0m00:44:20.435125 [debug] [ThreadPool]: Using snowflake connection "list_AIRFLOW"
[0m00:44:20.436095 [debug] [ThreadPool]: On list_AIRFLOW: /* {"app": "dbt", "dbt_version": "1.7.13", "profile_name": "dbttest", "target_name": "dev", "connection_name": "list_AIRFLOW"} */
show terse schemas in database AIRFLOW
    limit 10000
[0m00:44:20.436642 [debug] [ThreadPool]: Opening a new connection, currently in state init
[0m00:44:21.465152 [debug] [ThreadPool]: SQL status: SUCCESS 4 in 1.0 seconds
[0m00:44:21.467533 [debug] [ThreadPool]: On list_AIRFLOW: Close
[0m00:44:21.616540 [debug] [ThreadPool]: Re-using an available connection from the pool (formerly list_AIRFLOW, now list_AIRFLOW_dev)
[0m00:44:21.638593 [debug] [ThreadPool]: Using snowflake connection "list_AIRFLOW_dev"
[0m00:44:21.639063 [debug] [ThreadPool]: On list_AIRFLOW_dev: /* {"app": "dbt", "dbt_version": "1.7.13", "profile_name": "dbttest", "target_name": "dev", "connection_name": "list_AIRFLOW_dev"} */
show terse objects in AIRFLOW.dev limit 10000
[0m00:44:21.639384 [debug] [ThreadPool]: Opening a new connection, currently in state closed
[0m00:44:22.189024 [debug] [ThreadPool]: SQL status: SUCCESS 6 in 1.0 seconds
[0m00:44:22.191530 [debug] [ThreadPool]: On list_AIRFLOW_dev: Close
[0m00:44:22.301822 [debug] [ThreadPool]: Re-using an available connection from the pool (formerly list_AIRFLOW_dev, now list_AIRFLOW_DEV)
[0m00:44:22.308712 [debug] [ThreadPool]: Using snowflake connection "list_AIRFLOW_DEV"
[0m00:44:22.309773 [debug] [ThreadPool]: On list_AIRFLOW_DEV: /* {"app": "dbt", "dbt_version": "1.7.13", "profile_name": "dbttest", "target_name": "dev", "connection_name": "list_AIRFLOW_DEV"} */
show terse objects in AIRFLOW.DEV limit 10000
[0m00:44:22.310230 [debug] [ThreadPool]: Opening a new connection, currently in state closed
[0m00:44:22.932076 [debug] [ThreadPool]: SQL status: SUCCESS 6 in 1.0 seconds
[0m00:44:22.934257 [debug] [ThreadPool]: On list_AIRFLOW_DEV: Close
[0m00:44:23.059182 [debug] [MainThread]: Sending event: {'category': 'dbt', 'action': 'runnable_timing', 'label': 'e8d7e1f5-4f94-4292-b3e3-45f1bb267163', 'context': [<snowplow_tracker.self_describing_json.SelfDescribingJson object at 0x7ff21ebe6bd0>]}
[0m00:44:23.060541 [info ] [MainThread]: Concurrency: 1 threads (target='dev')
[0m00:44:23.061193 [info ] [MainThread]: 
[0m00:44:23.065476 [debug] [Thread-1 (]: Began running node model.dbttest.dim_hosts_cleansed
[0m00:44:23.066345 [info ] [Thread-1 (]: 1 of 3 START sql view model DEV.dim_hosts_cleansed ............................. [RUN]
[0m00:44:23.067539 [debug] [Thread-1 (]: Re-using an available connection from the pool (formerly list_AIRFLOW_DEV, now model.dbttest.dim_hosts_cleansed)
[0m00:44:23.068072 [debug] [Thread-1 (]: Began compiling node model.dbttest.dim_hosts_cleansed
[0m00:44:23.083284 [debug] [Thread-1 (]: Writing injected SQL for node "model.dbttest.dim_hosts_cleansed"
[0m00:44:23.087825 [debug] [Thread-1 (]: Writing injected SQL for node "model.dbttest.dim_hosts_cleansed"
[0m00:44:23.089808 [debug] [Thread-1 (]: Timing info for model.dbttest.dim_hosts_cleansed (compile): 00:44:23.068394 => 00:44:23.088931
[0m00:44:23.090748 [debug] [Thread-1 (]: Began executing node model.dbttest.dim_hosts_cleansed
[0m00:44:23.134913 [debug] [Thread-1 (]: Writing runtime sql for node "model.dbttest.dim_hosts_cleansed"
[0m00:44:23.136296 [debug] [Thread-1 (]: Using snowflake connection "model.dbttest.dim_hosts_cleansed"
[0m00:44:23.136744 [debug] [Thread-1 (]: On model.dbttest.dim_hosts_cleansed: /* {"app": "dbt", "dbt_version": "1.7.13", "profile_name": "dbttest", "target_name": "dev", "node_id": "model.dbttest.dim_hosts_cleansed"} */
create or replace   view AIRFLOW.DEV.dim_hosts_cleansed
  
   as (
    

WITH  __dbt__cte__src_hosts as (
WITH raw_hosts AS (
    SELECT * FROM AIRFLOW.raw.raw_hosts
)
SELECT 
    id AS host_id,
    name AS host_name,
    is_superhost,
    created_at,
    updated_at
FROM 
    raw_hosts
), src_hosts AS (
    SELECT * FROM __dbt__cte__src_hosts
)
SELECT 
    host_id,
    NVL( host_name, 'Anonymous') AS host_name, -- similar to below
    
    is_superhost,
    created_at,
    updated_at
FROM
    src_hosts
  );
[0m00:44:23.137108 [debug] [Thread-1 (]: Opening a new connection, currently in state closed
[0m00:44:23.705020 [debug] [Thread-1 (]: SQL status: SUCCESS 1 in 1.0 seconds
[0m00:44:23.734669 [debug] [Thread-1 (]: Timing info for model.dbttest.dim_hosts_cleansed (execute): 00:44:23.091242 => 00:44:23.734471
[0m00:44:23.735142 [debug] [Thread-1 (]: On model.dbttest.dim_hosts_cleansed: Close
[0m00:44:23.853955 [debug] [Thread-1 (]: Sending event: {'category': 'dbt', 'action': 'run_model', 'label': 'e8d7e1f5-4f94-4292-b3e3-45f1bb267163', 'context': [<snowplow_tracker.self_describing_json.SelfDescribingJson object at 0x7ff21e9b2710>]}
[0m00:44:23.854983 [info ] [Thread-1 (]: 1 of 3 OK created sql view model DEV.dim_hosts_cleansed ........................ [[32mSUCCESS 1[0m in 0.79s]
[0m00:44:23.855857 [debug] [Thread-1 (]: Finished running node model.dbttest.dim_hosts_cleansed
[0m00:44:23.856360 [debug] [Thread-1 (]: Began running node model.dbttest.dim_listings_cleansed
[0m00:44:23.856918 [info ] [Thread-1 (]: 2 of 3 START sql view model DEV.dim_listings_cleansed .......................... [RUN]
[0m00:44:23.858078 [debug] [Thread-1 (]: Re-using an available connection from the pool (formerly model.dbttest.dim_hosts_cleansed, now model.dbttest.dim_listings_cleansed)
[0m00:44:23.858537 [debug] [Thread-1 (]: Began compiling node model.dbttest.dim_listings_cleansed
[0m00:44:23.868378 [debug] [Thread-1 (]: Writing injected SQL for node "model.dbttest.dim_listings_cleansed"
[0m00:44:23.873547 [debug] [Thread-1 (]: Writing injected SQL for node "model.dbttest.dim_listings_cleansed"
[0m00:44:23.874317 [debug] [Thread-1 (]: Timing info for model.dbttest.dim_listings_cleansed (compile): 00:44:23.858780 => 00:44:23.874057
[0m00:44:23.874907 [debug] [Thread-1 (]: Began executing node model.dbttest.dim_listings_cleansed
[0m00:44:23.880037 [debug] [Thread-1 (]: Writing runtime sql for node "model.dbttest.dim_listings_cleansed"
[0m00:44:23.881825 [debug] [Thread-1 (]: Using snowflake connection "model.dbttest.dim_listings_cleansed"
[0m00:44:23.882252 [debug] [Thread-1 (]: On model.dbttest.dim_listings_cleansed: /* {"app": "dbt", "dbt_version": "1.7.13", "profile_name": "dbttest", "target_name": "dev", "node_id": "model.dbttest.dim_listings_cleansed"} */
create or replace   view AIRFLOW.DEV.dim_listings_cleansed
  
   as (
    

WITH  __dbt__cte__src_listings as (
WITH raw_listings AS (
    SELECT * FROM AIRFLOW.raw.raw_listings
)
SELECT 
    id AS listing_id,
    name AS listing_name,
    listing_url,
    room_type,
    minimum_nights,
    host_id,
    price AS price_str,
    created_at,
    updated_at
FROM
    raw_listings
), src_listings AS (
    SELECT * FROM __dbt__cte__src_listings
)
SELECT
    listing_id,
    listing_name,
    listing_url,
    room_type,
    CASE 
        WHEN minimum_nights = 0 THEN 1
        ELSE minimum_nights
    END AS minimum_nights,
    host_id,
    REPLACE (price_str, '$') :: NUMBER(10,2) AS price,
    created_at,
    updated_at
FROM
    src_listings
  );
[0m00:44:23.882628 [debug] [Thread-1 (]: Opening a new connection, currently in state closed
[0m00:44:24.388221 [debug] [Thread-1 (]: SQL status: SUCCESS 1 in 1.0 seconds
[0m00:44:24.392150 [debug] [Thread-1 (]: Timing info for model.dbttest.dim_listings_cleansed (execute): 00:44:23.875170 => 00:44:24.391658
[0m00:44:24.393083 [debug] [Thread-1 (]: On model.dbttest.dim_listings_cleansed: Close
[0m00:44:24.514291 [debug] [Thread-1 (]: Sending event: {'category': 'dbt', 'action': 'run_model', 'label': 'e8d7e1f5-4f94-4292-b3e3-45f1bb267163', 'context': [<snowplow_tracker.self_describing_json.SelfDescribingJson object at 0x7ff21e844150>]}
[0m00:44:24.515170 [info ] [Thread-1 (]: 2 of 3 OK created sql view model DEV.dim_listings_cleansed ..................... [[32mSUCCESS 1[0m in 0.66s]
[0m00:44:24.516060 [debug] [Thread-1 (]: Finished running node model.dbttest.dim_listings_cleansed
[0m00:44:24.517891 [debug] [Thread-1 (]: Began running node model.dbttest.dim_listings_w_hosts
[0m00:44:24.518576 [info ] [Thread-1 (]: 3 of 3 START sql table model DEV.dim_listings_w_hosts .......................... [RUN]
[0m00:44:24.519617 [debug] [Thread-1 (]: Re-using an available connection from the pool (formerly model.dbttest.dim_listings_cleansed, now model.dbttest.dim_listings_w_hosts)
[0m00:44:24.520291 [debug] [Thread-1 (]: Began compiling node model.dbttest.dim_listings_w_hosts
[0m00:44:24.524809 [debug] [Thread-1 (]: Writing injected SQL for node "model.dbttest.dim_listings_w_hosts"
[0m00:44:24.525820 [debug] [Thread-1 (]: Timing info for model.dbttest.dim_listings_w_hosts (compile): 00:44:24.520654 => 00:44:24.525476
[0m00:44:24.526327 [debug] [Thread-1 (]: Began executing node model.dbttest.dim_listings_w_hosts
[0m00:44:24.555010 [debug] [Thread-1 (]: Writing runtime sql for node "model.dbttest.dim_listings_w_hosts"
[0m00:44:24.556581 [debug] [Thread-1 (]: Using snowflake connection "model.dbttest.dim_listings_w_hosts"
[0m00:44:24.557072 [debug] [Thread-1 (]: On model.dbttest.dim_listings_w_hosts: /* {"app": "dbt", "dbt_version": "1.7.13", "profile_name": "dbttest", "target_name": "dev", "node_id": "model.dbttest.dim_listings_w_hosts"} */
create or replace transient table AIRFLOW.DEV.dim_listings_w_hosts
         as
        (WITH l AS (
    SELECT * FROM AIRFLOW.DEV.dim_listings_cleansed
), 
h AS (
    SELECT * FROM AIRFLOW.DEV.dim_hosts_cleansed
)

SELECT 
    l.listing_id,
    l.listing_name,
    l.room_type,
    l.minimum_nights,
    l.price,
    l.host_id,
    h.host_name,
    h.is_superhost AS host_is_superhost,
    l.created_at,
    GREATEST(l.updated_at, h.updated_at) as updated_at
FROM l
LEFT JOIN h ON (h.host_id = l.host_id)
        );
[0m00:44:24.557500 [debug] [Thread-1 (]: Opening a new connection, currently in state closed
[0m00:44:26.061429 [debug] [Thread-1 (]: SQL status: SUCCESS 1 in 2.0 seconds
[0m00:44:26.066454 [debug] [Thread-1 (]: Timing info for model.dbttest.dim_listings_w_hosts (execute): 00:44:24.526640 => 00:44:26.066180
[0m00:44:26.067070 [debug] [Thread-1 (]: On model.dbttest.dim_listings_w_hosts: Close
[0m00:44:26.176076 [debug] [Thread-1 (]: Sending event: {'category': 'dbt', 'action': 'run_model', 'label': 'e8d7e1f5-4f94-4292-b3e3-45f1bb267163', 'context': [<snowplow_tracker.self_describing_json.SelfDescribingJson object at 0x7ff21ebe5c90>]}
[0m00:44:26.176898 [info ] [Thread-1 (]: 3 of 3 OK created sql table model DEV.dim_listings_w_hosts ..................... [[32mSUCCESS 1[0m in 1.66s]
[0m00:44:26.177635 [debug] [Thread-1 (]: Finished running node model.dbttest.dim_listings_w_hosts
[0m00:44:26.180314 [debug] [MainThread]: Connection 'master' was properly closed.
[0m00:44:26.180646 [debug] [MainThread]: Connection 'model.dbttest.dim_listings_w_hosts' was properly closed.
[0m00:44:26.181002 [info ] [MainThread]: 
[0m00:44:26.181516 [info ] [MainThread]: Finished running 2 view models, 1 table model in 0 hours 0 minutes and 5.77 seconds (5.77s).
[0m00:44:26.182653 [debug] [MainThread]: Command end result
[0m00:44:26.192378 [info ] [MainThread]: 
[0m00:44:26.192989 [info ] [MainThread]: [32mCompleted successfully[0m
[0m00:44:26.193451 [info ] [MainThread]: 
[0m00:44:26.194258 [info ] [MainThread]: Done. PASS=3 WARN=0 ERROR=0 SKIP=0 TOTAL=3
[0m00:44:26.195305 [debug] [MainThread]: Resource report: {"command_name": "run", "command_success": true, "command_wall_clock_time": 6.562671, "process_user_time": 3.637094, "process_kernel_time": 0.171113, "process_mem_max_rss": "128732", "process_out_blocks": "2000", "process_in_blocks": "0"}
[0m00:44:26.195909 [debug] [MainThread]: Command `dbt run` succeeded at 00:44:26.195765 after 6.56 seconds
[0m00:44:26.196306 [debug] [MainThread]: Sending event: {'category': 'dbt', 'action': 'invocation', 'label': 'end', 'context': [<snowplow_tracker.self_describing_json.SelfDescribingJson object at 0x7ff21fc66e90>, <snowplow_tracker.self_describing_json.SelfDescribingJson object at 0x7ff220801d90>, <snowplow_tracker.self_describing_json.SelfDescribingJson object at 0x7ff2209d37d0>]}
[0m00:44:26.196703 [debug] [MainThread]: Flushing usage events
[0m00:44:29.430652 [debug] [MainThread]: Sending event: {'category': 'dbt', 'action': 'invocation', 'label': 'start', 'context': [<snowplow_tracker.self_describing_json.SelfDescribingJson object at 0x7fa3f75d3290>, <snowplow_tracker.self_describing_json.SelfDescribingJson object at 0x7fa3f7897f90>, <snowplow_tracker.self_describing_json.SelfDescribingJson object at 0x7fa3f75e4190>]}


============================== 00:44:29.433091 | 81643fdd-e925-4620-8d17-58d73ede58ce ==============================
[0m00:44:29.433091 [info ] [MainThread]: Running with dbt=1.7.13
[0m00:44:29.434405 [debug] [MainThread]: running dbt with arguments {'printer_width': '80', 'indirect_selection': 'eager', 'write_json': 'True', 'log_cache_events': 'False', 'partial_parse': 'True', 'cache_selected_only': 'False', 'profiles_dir': '.', 'fail_fast': 'False', 'version_check': 'True', 'log_path': '/usr/local/airflow/dags/dbttest/logs', 'debug': 'False', 'warn_error': 'None', 'use_colors': 'True', 'use_experimental_parser': 'False', 'no_print': 'None', 'quiet': 'False', 'warn_error_options': 'WarnErrorOptions(include=[], exclude=[])', 'invocation_command': 'dbt run --models fct.* --profiles-dir .', 'static_parser': 'True', 'log_format': 'default', 'target_path': 'None', 'introspect': 'True', 'send_anonymous_usage_stats': 'True'}
[0m00:44:29.873175 [debug] [MainThread]: Sending event: {'category': 'dbt', 'action': 'project_id', 'label': '81643fdd-e925-4620-8d17-58d73ede58ce', 'context': [<snowplow_tracker.self_describing_json.SelfDescribingJson object at 0x7fa3f6411a90>]}
[0m00:44:29.966972 [debug] [MainThread]: Sending event: {'category': 'dbt', 'action': 'adapter_info', 'label': '81643fdd-e925-4620-8d17-58d73ede58ce', 'context': [<snowplow_tracker.self_describing_json.SelfDescribingJson object at 0x7fa3f6411a90>]}
[0m00:44:29.968138 [info ] [MainThread]: Registered adapter: snowflake=1.7.1
[0m00:44:29.976303 [debug] [MainThread]: checksum: 6c24e2ee36a42cedd7e5de2827d214776eb7a8e8f425f6d8acb06c31add0afef, vars: {}, profile: , target: , version: 1.7.13
[0m00:44:30.003346 [debug] [MainThread]: Partial parsing enabled: 0 files deleted, 0 files added, 0 files changed.
[0m00:44:30.003815 [debug] [MainThread]: Partial parsing enabled, no changes found, skipping parsing
[0m00:44:30.011279 [debug] [MainThread]: Sending event: {'category': 'dbt', 'action': 'load_project', 'label': '81643fdd-e925-4620-8d17-58d73ede58ce', 'context': [<snowplow_tracker.self_describing_json.SelfDescribingJson object at 0x7fa3f6222910>]}
[0m00:44:30.082586 [debug] [MainThread]: Sending event: {'category': 'dbt', 'action': 'resource_counts', 'label': '81643fdd-e925-4620-8d17-58d73ede58ce', 'context': [<snowplow_tracker.self_describing_json.SelfDescribingJson object at 0x7fa3f6522d10>]}
[0m00:44:30.083192 [info ] [MainThread]: Found 8 models, 2 snapshots, 9 tests, 1 seed, 3 sources, 0 exposures, 0 metrics, 432 macros, 0 groups, 0 semantic models
[0m00:44:30.083692 [debug] [MainThread]: Sending event: {'category': 'dbt', 'action': 'runnable_timing', 'label': '81643fdd-e925-4620-8d17-58d73ede58ce', 'context': [<snowplow_tracker.self_describing_json.SelfDescribingJson object at 0x7fa3f74bd690>]}
[0m00:44:30.086513 [info ] [MainThread]: 
[0m00:44:30.087517 [debug] [MainThread]: Acquiring new snowflake connection 'master'
[0m00:44:30.089080 [debug] [ThreadPool]: Acquiring new snowflake connection 'list_AIRFLOW'
[0m00:44:30.103538 [debug] [ThreadPool]: Using snowflake connection "list_AIRFLOW"
[0m00:44:30.104008 [debug] [ThreadPool]: On list_AIRFLOW: /* {"app": "dbt", "dbt_version": "1.7.13", "profile_name": "dbttest", "target_name": "dev", "connection_name": "list_AIRFLOW"} */
show terse schemas in database AIRFLOW
    limit 10000
[0m00:44:30.104316 [debug] [ThreadPool]: Opening a new connection, currently in state init
[0m00:44:31.482999 [debug] [ThreadPool]: SQL status: SUCCESS 4 in 1.0 seconds
[0m00:44:31.486636 [debug] [ThreadPool]: On list_AIRFLOW: Close
[0m00:44:31.603112 [debug] [ThreadPool]: Re-using an available connection from the pool (formerly list_AIRFLOW, now list_AIRFLOW_dev)
[0m00:44:31.615407 [debug] [ThreadPool]: Using snowflake connection "list_AIRFLOW_dev"
[0m00:44:31.616148 [debug] [ThreadPool]: On list_AIRFLOW_dev: /* {"app": "dbt", "dbt_version": "1.7.13", "profile_name": "dbttest", "target_name": "dev", "connection_name": "list_AIRFLOW_dev"} */
show terse objects in AIRFLOW.dev limit 10000
[0m00:44:31.616767 [debug] [ThreadPool]: Opening a new connection, currently in state closed
[0m00:44:32.124212 [debug] [ThreadPool]: SQL status: SUCCESS 6 in 1.0 seconds
[0m00:44:32.126733 [debug] [ThreadPool]: On list_AIRFLOW_dev: Close
[0m00:44:32.246911 [debug] [ThreadPool]: Re-using an available connection from the pool (formerly list_AIRFLOW_dev, now list_AIRFLOW_DEV)
[0m00:44:32.253941 [debug] [ThreadPool]: Using snowflake connection "list_AIRFLOW_DEV"
[0m00:44:32.256311 [debug] [ThreadPool]: On list_AIRFLOW_DEV: /* {"app": "dbt", "dbt_version": "1.7.13", "profile_name": "dbttest", "target_name": "dev", "connection_name": "list_AIRFLOW_DEV"} */
show terse objects in AIRFLOW.DEV limit 10000
[0m00:44:32.257410 [debug] [ThreadPool]: Opening a new connection, currently in state closed
[0m00:44:32.706677 [debug] [ThreadPool]: SQL status: SUCCESS 6 in 0.0 seconds
[0m00:44:32.709251 [debug] [ThreadPool]: On list_AIRFLOW_DEV: Close
[0m00:44:32.819252 [debug] [MainThread]: Sending event: {'category': 'dbt', 'action': 'runnable_timing', 'label': '81643fdd-e925-4620-8d17-58d73ede58ce', 'context': [<snowplow_tracker.self_describing_json.SelfDescribingJson object at 0x7fa3f6522b90>]}
[0m00:44:32.820352 [info ] [MainThread]: Concurrency: 1 threads (target='dev')
[0m00:44:32.820823 [info ] [MainThread]: 
[0m00:44:32.824470 [debug] [Thread-1 (]: Began running node model.dbttest.fct_reviews
[0m00:44:32.825121 [info ] [Thread-1 (]: 1 of 1 START sql incremental model DEV.fct_reviews ............................. [RUN]
[0m00:44:32.826058 [debug] [Thread-1 (]: Re-using an available connection from the pool (formerly list_AIRFLOW_DEV, now model.dbttest.fct_reviews)
[0m00:44:32.826522 [debug] [Thread-1 (]: Began compiling node model.dbttest.fct_reviews
[0m00:44:32.846223 [debug] [Thread-1 (]: Writing injected SQL for node "model.dbttest.fct_reviews"
[0m00:44:32.850662 [debug] [Thread-1 (]: Writing injected SQL for node "model.dbttest.fct_reviews"
[0m00:44:32.851651 [debug] [Thread-1 (]: Timing info for model.dbttest.fct_reviews (compile): 00:44:32.826808 => 00:44:32.851304
[0m00:44:32.852210 [debug] [Thread-1 (]: Began executing node model.dbttest.fct_reviews
[0m00:44:32.899135 [debug] [Thread-1 (]: Using snowflake connection "model.dbttest.fct_reviews"
[0m00:44:32.899665 [debug] [Thread-1 (]: On model.dbttest.fct_reviews: /* {"app": "dbt", "dbt_version": "1.7.13", "profile_name": "dbttest", "target_name": "dev", "node_id": "model.dbttest.fct_reviews"} */
create or replace  temporary view AIRFLOW.DEV.fct_reviews__dbt_tmp
  
   as (
    -- This is a configuration block to create an incremental materialization
-- It appends the data to the reviews fact table when any new reviews come in

-- Then you define your CTE as usual
WITH  __dbt__cte__src_reviews as (
WITH raw_reviews AS(
    SELECT * FROM AIRFLOW.raw.raw_reviews
)
SELECT 
    listing_id,
    date AS review_date,
    reviewer_name,
    comments AS review_text,
    sentiment AS review_sentiment
FROM
    raw_reviews
), src_reviews AS (
    SELECT * FROM __dbt__cte__src_reviews
)
SELECT * FROM src_reviews
WHERE review_text IS NOT NULL
-- how dbt knows a record review is new or not 
-- we need to create a jinja if stmt

  and review_date > (select max(review_date) from AIRFLOW.DEV.fct_reviews)

  );
[0m00:44:32.900053 [debug] [Thread-1 (]: Opening a new connection, currently in state closed
[0m00:44:33.436585 [debug] [Thread-1 (]: SQL status: SUCCESS 1 in 1.0 seconds
[0m00:44:33.446093 [debug] [Thread-1 (]: Using snowflake connection "model.dbttest.fct_reviews"
[0m00:44:33.446624 [debug] [Thread-1 (]: On model.dbttest.fct_reviews: /* {"app": "dbt", "dbt_version": "1.7.13", "profile_name": "dbttest", "target_name": "dev", "node_id": "model.dbttest.fct_reviews"} */
describe table AIRFLOW.DEV.fct_reviews__dbt_tmp
[0m00:44:33.536389 [debug] [Thread-1 (]: SQL status: SUCCESS 5 in 0.0 seconds
[0m00:44:33.540407 [debug] [Thread-1 (]: Using snowflake connection "model.dbttest.fct_reviews"
[0m00:44:33.540840 [debug] [Thread-1 (]: On model.dbttest.fct_reviews: /* {"app": "dbt", "dbt_version": "1.7.13", "profile_name": "dbttest", "target_name": "dev", "node_id": "model.dbttest.fct_reviews"} */
describe table AIRFLOW.DEV.fct_reviews
[0m00:44:33.632401 [debug] [Thread-1 (]: SQL status: SUCCESS 5 in 0.0 seconds
[0m00:44:33.649064 [debug] [Thread-1 (]: Using snowflake connection "model.dbttest.fct_reviews"
[0m00:44:33.649854 [debug] [Thread-1 (]: On model.dbttest.fct_reviews: /* {"app": "dbt", "dbt_version": "1.7.13", "profile_name": "dbttest", "target_name": "dev", "node_id": "model.dbttest.fct_reviews"} */
describe table AIRFLOW.DEV.fct_reviews__dbt_tmp
[0m00:44:33.746310 [debug] [Thread-1 (]: SQL status: SUCCESS 5 in 0.0 seconds
[0m00:44:33.751103 [debug] [Thread-1 (]: Using snowflake connection "model.dbttest.fct_reviews"
[0m00:44:33.751703 [debug] [Thread-1 (]: On model.dbttest.fct_reviews: /* {"app": "dbt", "dbt_version": "1.7.13", "profile_name": "dbttest", "target_name": "dev", "node_id": "model.dbttest.fct_reviews"} */
describe table "AIRFLOW"."DEV"."FCT_REVIEWS"
[0m00:44:33.872750 [debug] [Thread-1 (]: SQL status: SUCCESS 5 in 0.0 seconds
[0m00:44:33.887100 [debug] [Thread-1 (]: 
    In "AIRFLOW"."DEV"."FCT_REVIEWS":
        Schema changed: False
        Source columns not in target: []
        Target columns not in source: []
        New column types: []
  
[0m00:44:33.905989 [debug] [Thread-1 (]: Writing runtime sql for node "model.dbttest.fct_reviews"
[0m00:44:33.907367 [debug] [Thread-1 (]: Using snowflake connection "model.dbttest.fct_reviews"
[0m00:44:33.908010 [debug] [Thread-1 (]: On model.dbttest.fct_reviews: /* {"app": "dbt", "dbt_version": "1.7.13", "profile_name": "dbttest", "target_name": "dev", "node_id": "model.dbttest.fct_reviews"} */
-- back compat for old kwarg name
  
  begin;
[0m00:44:34.149456 [debug] [Thread-1 (]: SQL status: SUCCESS 1 in 0.0 seconds
[0m00:44:34.150516 [debug] [Thread-1 (]: Using snowflake connection "model.dbttest.fct_reviews"
[0m00:44:34.151152 [debug] [Thread-1 (]: On model.dbttest.fct_reviews: /* {"app": "dbt", "dbt_version": "1.7.13", "profile_name": "dbttest", "target_name": "dev", "node_id": "model.dbttest.fct_reviews"} */
insert into AIRFLOW.DEV.fct_reviews ("LISTING_ID", "REVIEW_DATE", "REVIEWER_NAME", "REVIEW_TEXT", "REVIEW_SENTIMENT")
        (
            select "LISTING_ID", "REVIEW_DATE", "REVIEWER_NAME", "REVIEW_TEXT", "REVIEW_SENTIMENT"
            from AIRFLOW.DEV.fct_reviews__dbt_tmp
        );
[0m00:44:34.456376 [debug] [Thread-1 (]: SQL status: SUCCESS 0 in 0.0 seconds
[0m00:44:34.457319 [debug] [Thread-1 (]: Using snowflake connection "model.dbttest.fct_reviews"
[0m00:44:34.457789 [debug] [Thread-1 (]: On model.dbttest.fct_reviews: /* {"app": "dbt", "dbt_version": "1.7.13", "profile_name": "dbttest", "target_name": "dev", "node_id": "model.dbttest.fct_reviews"} */
COMMIT
[0m00:44:34.659578 [debug] [Thread-1 (]: SQL status: SUCCESS 1 in 0.0 seconds
[0m00:44:34.670561 [debug] [Thread-1 (]: Applying DROP to: AIRFLOW.DEV.fct_reviews__dbt_tmp
[0m00:44:34.677878 [debug] [Thread-1 (]: Using snowflake connection "model.dbttest.fct_reviews"
[0m00:44:34.678348 [debug] [Thread-1 (]: On model.dbttest.fct_reviews: /* {"app": "dbt", "dbt_version": "1.7.13", "profile_name": "dbttest", "target_name": "dev", "node_id": "model.dbttest.fct_reviews"} */
drop view if exists AIRFLOW.DEV.fct_reviews__dbt_tmp cascade
[0m00:44:34.864477 [debug] [Thread-1 (]: SQL status: SUCCESS 1 in 0.0 seconds
[0m00:44:34.885296 [debug] [Thread-1 (]: Timing info for model.dbttest.fct_reviews (execute): 00:44:32.852520 => 00:44:34.885058
[0m00:44:34.885804 [debug] [Thread-1 (]: On model.dbttest.fct_reviews: Close
[0m00:44:34.992944 [debug] [Thread-1 (]: Sending event: {'category': 'dbt', 'action': 'run_model', 'label': '81643fdd-e925-4620-8d17-58d73ede58ce', 'context': [<snowplow_tracker.self_describing_json.SelfDescribingJson object at 0x7fa3f61ea690>]}
[0m00:44:34.994037 [info ] [Thread-1 (]: 1 of 1 OK created sql incremental model DEV.fct_reviews ........................ [[32mSUCCESS 0[0m in 2.17s]
[0m00:44:34.994899 [debug] [Thread-1 (]: Finished running node model.dbttest.fct_reviews
[0m00:44:34.998117 [debug] [MainThread]: Connection 'master' was properly closed.
[0m00:44:34.998552 [debug] [MainThread]: Connection 'model.dbttest.fct_reviews' was properly closed.
[0m00:44:34.999079 [info ] [MainThread]: 
[0m00:44:34.999762 [info ] [MainThread]: Finished running 1 incremental model in 0 hours 0 minutes and 4.91 seconds (4.91s).
[0m00:44:35.000517 [debug] [MainThread]: Command end result
[0m00:44:35.010228 [info ] [MainThread]: 
[0m00:44:35.010867 [info ] [MainThread]: [32mCompleted successfully[0m
[0m00:44:35.011514 [info ] [MainThread]: 
[0m00:44:35.011960 [info ] [MainThread]: Done. PASS=1 WARN=0 ERROR=0 SKIP=0 TOTAL=1
[0m00:44:35.013073 [debug] [MainThread]: Resource report: {"command_name": "run", "command_success": true, "command_wall_clock_time": 5.635325, "process_user_time": 3.037784, "process_kernel_time": 0.157807, "process_mem_max_rss": "129132", "process_out_blocks": "1952", "process_in_blocks": "0"}
[0m00:44:35.013868 [debug] [MainThread]: Command `dbt run` succeeded at 00:44:35.013647 after 5.64 seconds
[0m00:44:35.014584 [debug] [MainThread]: Sending event: {'category': 'dbt', 'action': 'invocation', 'label': 'end', 'context': [<snowplow_tracker.self_describing_json.SelfDescribingJson object at 0x7fa3f76354d0>, <snowplow_tracker.self_describing_json.SelfDescribingJson object at 0x7fa3f7634990>, <snowplow_tracker.self_describing_json.SelfDescribingJson object at 0x7fa3f78a82d0>]}
[0m00:44:35.015093 [debug] [MainThread]: Flushing usage events
[0m00:44:39.192737 [debug] [MainThread]: Sending event: {'category': 'dbt', 'action': 'invocation', 'label': 'start', 'context': [<snowplow_tracker.self_describing_json.SelfDescribingJson object at 0x7f8e110b2cd0>, <snowplow_tracker.self_describing_json.SelfDescribingJson object at 0x7f8e110b3390>, <snowplow_tracker.self_describing_json.SelfDescribingJson object at 0x7f8e110b05d0>]}


============================== 00:44:39.195293 | 1c8e6c07-31b3-468c-906b-8c54dc66a03b ==============================
[0m00:44:39.195293 [info ] [MainThread]: Running with dbt=1.7.13
[0m00:44:39.196013 [debug] [MainThread]: running dbt with arguments {'printer_width': '80', 'indirect_selection': 'eager', 'log_cache_events': 'False', 'write_json': 'True', 'partial_parse': 'True', 'cache_selected_only': 'False', 'warn_error': 'None', 'debug': 'False', 'fail_fast': 'False', 'log_path': '/usr/local/airflow/dags/dbttest/logs', 'profiles_dir': '.', 'version_check': 'True', 'use_colors': 'True', 'use_experimental_parser': 'False', 'no_print': 'None', 'quiet': 'False', 'warn_error_options': 'WarnErrorOptions(include=[], exclude=[])', 'invocation_command': 'dbt seed --profiles-dir .', 'log_format': 'default', 'introspect': 'True', 'target_path': 'None', 'static_parser': 'True', 'send_anonymous_usage_stats': 'True'}
[0m00:44:39.532803 [debug] [MainThread]: Sending event: {'category': 'dbt', 'action': 'project_id', 'label': '1c8e6c07-31b3-468c-906b-8c54dc66a03b', 'context': [<snowplow_tracker.self_describing_json.SelfDescribingJson object at 0x7f8e110e5a90>]}
[0m00:44:39.679999 [debug] [MainThread]: Sending event: {'category': 'dbt', 'action': 'adapter_info', 'label': '1c8e6c07-31b3-468c-906b-8c54dc66a03b', 'context': [<snowplow_tracker.self_describing_json.SelfDescribingJson object at 0x7f8e10288e90>]}
[0m00:44:39.681626 [info ] [MainThread]: Registered adapter: snowflake=1.7.1
[0m00:44:39.695140 [debug] [MainThread]: checksum: 6c24e2ee36a42cedd7e5de2827d214776eb7a8e8f425f6d8acb06c31add0afef, vars: {}, profile: , target: , version: 1.7.13
[0m00:44:39.728280 [debug] [MainThread]: Partial parsing enabled: 0 files deleted, 0 files added, 0 files changed.
[0m00:44:39.729067 [debug] [MainThread]: Partial parsing enabled, no changes found, skipping parsing
[0m00:44:39.737793 [debug] [MainThread]: Sending event: {'category': 'dbt', 'action': 'load_project', 'label': '1c8e6c07-31b3-468c-906b-8c54dc66a03b', 'context': [<snowplow_tracker.self_describing_json.SelfDescribingJson object at 0x7f8e100aea10>]}
[0m00:44:39.815902 [debug] [MainThread]: Sending event: {'category': 'dbt', 'action': 'resource_counts', 'label': '1c8e6c07-31b3-468c-906b-8c54dc66a03b', 'context': [<snowplow_tracker.self_describing_json.SelfDescribingJson object at 0x7f8e11ca7650>]}
[0m00:44:39.816678 [info ] [MainThread]: Found 8 models, 2 snapshots, 9 tests, 1 seed, 3 sources, 0 exposures, 0 metrics, 432 macros, 0 groups, 0 semantic models
[0m00:44:39.817260 [debug] [MainThread]: Sending event: {'category': 'dbt', 'action': 'runnable_timing', 'label': '1c8e6c07-31b3-468c-906b-8c54dc66a03b', 'context': [<snowplow_tracker.self_describing_json.SelfDescribingJson object at 0x7f8e100cd090>]}
[0m00:44:39.819692 [info ] [MainThread]: 
[0m00:44:39.820802 [debug] [MainThread]: Acquiring new snowflake connection 'master'
[0m00:44:39.822459 [debug] [ThreadPool]: Acquiring new snowflake connection 'list_AIRFLOW'
[0m00:44:39.837095 [debug] [ThreadPool]: Using snowflake connection "list_AIRFLOW"
[0m00:44:39.837548 [debug] [ThreadPool]: On list_AIRFLOW: /* {"app": "dbt", "dbt_version": "1.7.13", "profile_name": "dbttest", "target_name": "dev", "connection_name": "list_AIRFLOW"} */
show terse schemas in database AIRFLOW
    limit 10000
[0m00:44:39.837812 [debug] [ThreadPool]: Opening a new connection, currently in state init
[0m00:44:40.398193 [debug] [ThreadPool]: SQL status: SUCCESS 4 in 1.0 seconds
[0m00:44:40.400446 [debug] [ThreadPool]: On list_AIRFLOW: Close
[0m00:44:40.798038 [debug] [ThreadPool]: Re-using an available connection from the pool (formerly list_AIRFLOW, now list_AIRFLOW_DEV)
[0m00:44:40.811187 [debug] [ThreadPool]: Using snowflake connection "list_AIRFLOW_DEV"
[0m00:44:40.811781 [debug] [ThreadPool]: On list_AIRFLOW_DEV: /* {"app": "dbt", "dbt_version": "1.7.13", "profile_name": "dbttest", "target_name": "dev", "connection_name": "list_AIRFLOW_DEV"} */
show terse objects in AIRFLOW.DEV limit 10000
[0m00:44:40.812205 [debug] [ThreadPool]: Opening a new connection, currently in state closed
[0m00:44:41.382134 [debug] [ThreadPool]: SQL status: SUCCESS 6 in 1.0 seconds
[0m00:44:41.384240 [debug] [ThreadPool]: On list_AIRFLOW_DEV: Close
[0m00:44:41.513813 [debug] [ThreadPool]: Re-using an available connection from the pool (formerly list_AIRFLOW_DEV, now list_AIRFLOW_dev)
[0m00:44:41.518336 [debug] [ThreadPool]: Using snowflake connection "list_AIRFLOW_dev"
[0m00:44:41.519033 [debug] [ThreadPool]: On list_AIRFLOW_dev: /* {"app": "dbt", "dbt_version": "1.7.13", "profile_name": "dbttest", "target_name": "dev", "connection_name": "list_AIRFLOW_dev"} */
show terse objects in AIRFLOW.dev limit 10000
[0m00:44:41.519373 [debug] [ThreadPool]: Opening a new connection, currently in state closed
[0m00:44:41.864771 [debug] [ThreadPool]: SQL status: SUCCESS 6 in 0.0 seconds
[0m00:44:41.866767 [debug] [ThreadPool]: On list_AIRFLOW_dev: Close
[0m00:44:41.979077 [debug] [MainThread]: Sending event: {'category': 'dbt', 'action': 'runnable_timing', 'label': '1c8e6c07-31b3-468c-906b-8c54dc66a03b', 'context': [<snowplow_tracker.self_describing_json.SelfDescribingJson object at 0x7f8e110d1f90>]}
[0m00:44:41.980447 [info ] [MainThread]: Concurrency: 1 threads (target='dev')
[0m00:44:41.981077 [info ] [MainThread]: 
[0m00:44:41.985120 [debug] [Thread-1 (]: Began running node seed.dbttest.seed_full_moon_dates
[0m00:44:41.986239 [info ] [Thread-1 (]: 1 of 1 START seed file DEV.seed_full_moon_dates ................................ [RUN]
[0m00:44:41.987633 [debug] [Thread-1 (]: Re-using an available connection from the pool (formerly list_AIRFLOW_dev, now seed.dbttest.seed_full_moon_dates)
[0m00:44:41.988366 [debug] [Thread-1 (]: Began compiling node seed.dbttest.seed_full_moon_dates
[0m00:44:41.989080 [debug] [Thread-1 (]: Timing info for seed.dbttest.seed_full_moon_dates (compile): 00:44:41.988730 => 00:44:41.988734
[0m00:44:41.989900 [debug] [Thread-1 (]: Began executing node seed.dbttest.seed_full_moon_dates
[0m00:44:42.049452 [debug] [Thread-1 (]: Using snowflake connection "seed.dbttest.seed_full_moon_dates"
[0m00:44:42.050108 [debug] [Thread-1 (]: On seed.dbttest.seed_full_moon_dates: /* {"app": "dbt", "dbt_version": "1.7.13", "profile_name": "dbttest", "target_name": "dev", "node_id": "seed.dbttest.seed_full_moon_dates"} */
BEGIN
[0m00:44:42.050618 [debug] [Thread-1 (]: Opening a new connection, currently in state closed
[0m00:44:42.589956 [debug] [Thread-1 (]: SQL status: SUCCESS 1 in 1.0 seconds
[0m00:44:42.590803 [debug] [Thread-1 (]: Using snowflake connection "seed.dbttest.seed_full_moon_dates"
[0m00:44:42.591256 [debug] [Thread-1 (]: On seed.dbttest.seed_full_moon_dates: /* {"app": "dbt", "dbt_version": "1.7.13", "profile_name": "dbttest", "target_name": "dev", "node_id": "seed.dbttest.seed_full_moon_dates"} */
truncate table "AIRFLOW"."DEV"."SEED_FULL_MOON_DATES"
  ;
[0m00:44:42.924818 [debug] [Thread-1 (]: SQL status: SUCCESS 1 in 0.0 seconds
[0m00:44:42.925537 [debug] [Thread-1 (]: Using snowflake connection "seed.dbttest.seed_full_moon_dates"
[0m00:44:42.926008 [debug] [Thread-1 (]: On seed.dbttest.seed_full_moon_dates: /* {"app": "dbt", "dbt_version": "1.7.13", "profile_name": "dbttest", "target_name": "dev", "node_id": "seed.dbttest.seed_full_moon_dates"} */
COMMIT
[0m00:44:45.171096 [debug] [Thread-1 (]: SQL status: SUCCESS 1 in 2.0 seconds
[0m00:44:45.196140 [debug] [Thread-1 (]: Using snowflake connection "seed.dbttest.seed_full_moon_dates"
[0m00:44:45.196731 [debug] [Thread-1 (]: On seed.dbttest.seed_full_moon_dates: /* {"app": "dbt", "dbt_version": "1.7.13", "profile_name": "dbttest", "target_name": "dev", "node_id": "seed.dbttest.seed_full_moon_dates"} */
BEGIN
[0m00:44:45.327106 [debug] [Thread-1 (]: SQL status: SUCCESS 1 in 0.0 seconds
[0m00:44:45.330753 [debug] [Thread-1 (]: Using snowflake connection "seed.dbttest.seed_full_moon_dates"
[0m00:44:45.331460 [debug] [Thread-1 (]: On seed.dbttest.seed_full_moon_dates: /* {"app": "dbt", "dbt_version": "1.7.13", "profile_name": "dbttest", "target_name": "dev", "node_id": "seed.dbttest.seed_full_moon_dates"} */
insert into AIRFLOW.DEV.seed_full_moon_dates (full_moon_date) values
            (%s),(%s),(%s),(%s),(%s),(%s),(%s),(%s),(%s),(%s),(%s),(%s),(%s),(%s),(%s),(%s),(%s),(%s),(%s),(%s),(%s),(%s),(%s),(%s),(%s),(%s),(%s),(%s),(%s),(%s),(%s),(%s),(%s),(%s),(%s),(%s),(%s),(%s),(%s),(%s),(%s),(%s),(%s),(%s),(%s),(%s),(%s),(%s),(%s),(%s),(%s),(%s),(%s),(%s),(%s),(%s),(%s),(%s...
[0m00:44:45.819277 [debug] [Thread-1 (]: SQL status: SUCCESS 272 in 0.0 seconds
[0m00:44:45.820071 [debug] [Thread-1 (]: Using snowflake connection "seed.dbttest.seed_full_moon_dates"
[0m00:44:45.820451 [debug] [Thread-1 (]: On seed.dbttest.seed_full_moon_dates: /* {"app": "dbt", "dbt_version": "1.7.13", "profile_name": "dbttest", "target_name": "dev", "node_id": "seed.dbttest.seed_full_moon_dates"} */
COMMIT
[0m00:44:46.128796 [debug] [Thread-1 (]: SQL status: SUCCESS 1 in 0.0 seconds
[0m00:44:46.136089 [debug] [Thread-1 (]: Writing runtime SQL for node "seed.dbttest.seed_full_moon_dates"
[0m00:44:46.166753 [debug] [Thread-1 (]: Timing info for seed.dbttest.seed_full_moon_dates (execute): 00:44:41.990651 => 00:44:46.166367
[0m00:44:46.167610 [debug] [Thread-1 (]: On seed.dbttest.seed_full_moon_dates: Close
[0m00:44:46.276419 [debug] [Thread-1 (]: Sending event: {'category': 'dbt', 'action': 'run_model', 'label': '1c8e6c07-31b3-468c-906b-8c54dc66a03b', 'context': [<snowplow_tracker.self_describing_json.SelfDescribingJson object at 0x7f8e0fed2450>]}
[0m00:44:46.277585 [info ] [Thread-1 (]: 1 of 1 OK loaded seed file DEV.seed_full_moon_dates ............................ [[32mINSERT 272[0m in 4.29s]
[0m00:44:46.279039 [debug] [Thread-1 (]: Finished running node seed.dbttest.seed_full_moon_dates
[0m00:44:46.282029 [debug] [MainThread]: Connection 'master' was properly closed.
[0m00:44:46.282662 [debug] [MainThread]: Connection 'seed.dbttest.seed_full_moon_dates' was properly closed.
[0m00:44:46.283127 [info ] [MainThread]: 
[0m00:44:46.283644 [info ] [MainThread]: Finished running 1 seed in 0 hours 0 minutes and 6.46 seconds (6.46s).
[0m00:44:46.284469 [debug] [MainThread]: Command end result
[0m00:44:46.297609 [info ] [MainThread]: 
[0m00:44:46.298535 [info ] [MainThread]: [32mCompleted successfully[0m
[0m00:44:46.299265 [info ] [MainThread]: 
[0m00:44:46.299995 [info ] [MainThread]: Done. PASS=1 WARN=0 ERROR=0 SKIP=0 TOTAL=1
[0m00:44:46.301396 [debug] [MainThread]: Resource report: {"command_name": "seed", "command_success": true, "command_wall_clock_time": 7.1492424, "process_user_time": 2.942987, "process_kernel_time": 0.111048, "process_mem_max_rss": "128880", "process_out_blocks": "1936", "process_in_blocks": "0"}
[0m00:44:46.302317 [debug] [MainThread]: Command `dbt seed` succeeded at 00:44:46.302075 after 7.15 seconds
[0m00:44:46.303008 [debug] [MainThread]: Sending event: {'category': 'dbt', 'action': 'invocation', 'label': 'end', 'context': [<snowplow_tracker.self_describing_json.SelfDescribingJson object at 0x7f8e114c57d0>, <snowplow_tracker.self_describing_json.SelfDescribingJson object at 0x7f8e11c81a90>, <snowplow_tracker.self_describing_json.SelfDescribingJson object at 0x7f8e1549a490>]}
[0m00:44:46.303542 [debug] [MainThread]: Flushing usage events
[0m00:44:50.112366 [debug] [MainThread]: Sending event: {'category': 'dbt', 'action': 'invocation', 'label': 'start', 'context': [<snowplow_tracker.self_describing_json.SelfDescribingJson object at 0x7f35827ca050>, <snowplow_tracker.self_describing_json.SelfDescribingJson object at 0x7f358381f5d0>, <snowplow_tracker.self_describing_json.SelfDescribingJson object at 0x7f35827ca190>]}


============================== 00:44:50.115530 | a65c29f3-141c-4e09-bc01-4cc51b5cfdb3 ==============================
[0m00:44:50.115530 [info ] [MainThread]: Running with dbt=1.7.13
[0m00:44:50.116284 [debug] [MainThread]: running dbt with arguments {'printer_width': '80', 'indirect_selection': 'eager', 'log_cache_events': 'False', 'write_json': 'True', 'partial_parse': 'True', 'cache_selected_only': 'False', 'warn_error': 'None', 'debug': 'False', 'version_check': 'True', 'log_path': '/usr/local/airflow/dags/dbttest/logs', 'fail_fast': 'False', 'profiles_dir': '.', 'use_colors': 'True', 'use_experimental_parser': 'False', 'no_print': 'None', 'quiet': 'False', 'warn_error_options': 'WarnErrorOptions(include=[], exclude=[])', 'introspect': 'True', 'static_parser': 'True', 'invocation_command': 'dbt run --models mart.* --profiles-dir .', 'target_path': 'None', 'log_format': 'default', 'send_anonymous_usage_stats': 'True'}
[0m00:44:50.442740 [debug] [MainThread]: Sending event: {'category': 'dbt', 'action': 'project_id', 'label': 'a65c29f3-141c-4e09-bc01-4cc51b5cfdb3', 'context': [<snowplow_tracker.self_describing_json.SelfDescribingJson object at 0x7f35815c4710>]}
[0m00:44:50.563423 [debug] [MainThread]: Sending event: {'category': 'dbt', 'action': 'adapter_info', 'label': 'a65c29f3-141c-4e09-bc01-4cc51b5cfdb3', 'context': [<snowplow_tracker.self_describing_json.SelfDescribingJson object at 0x7f358173ba10>]}
[0m00:44:50.565005 [info ] [MainThread]: Registered adapter: snowflake=1.7.1
[0m00:44:50.580716 [debug] [MainThread]: checksum: 6c24e2ee36a42cedd7e5de2827d214776eb7a8e8f425f6d8acb06c31add0afef, vars: {}, profile: , target: , version: 1.7.13
[0m00:44:50.616629 [debug] [MainThread]: Partial parsing enabled: 0 files deleted, 0 files added, 0 files changed.
[0m00:44:50.617878 [debug] [MainThread]: Partial parsing enabled, no changes found, skipping parsing
[0m00:44:50.628965 [debug] [MainThread]: Sending event: {'category': 'dbt', 'action': 'load_project', 'label': 'a65c29f3-141c-4e09-bc01-4cc51b5cfdb3', 'context': [<snowplow_tracker.self_describing_json.SelfDescribingJson object at 0x7f35813fa8d0>]}
[0m00:44:50.715172 [debug] [MainThread]: Sending event: {'category': 'dbt', 'action': 'resource_counts', 'label': 'a65c29f3-141c-4e09-bc01-4cc51b5cfdb3', 'context': [<snowplow_tracker.self_describing_json.SelfDescribingJson object at 0x7f358152f910>]}
[0m00:44:50.716180 [info ] [MainThread]: Found 8 models, 2 snapshots, 9 tests, 1 seed, 3 sources, 0 exposures, 0 metrics, 432 macros, 0 groups, 0 semantic models
[0m00:44:50.716845 [debug] [MainThread]: Sending event: {'category': 'dbt', 'action': 'runnable_timing', 'label': 'a65c29f3-141c-4e09-bc01-4cc51b5cfdb3', 'context': [<snowplow_tracker.self_describing_json.SelfDescribingJson object at 0x7f358157dd10>]}
[0m00:44:50.721078 [info ] [MainThread]: 
[0m00:44:50.722570 [debug] [MainThread]: Acquiring new snowflake connection 'master'
[0m00:44:50.724281 [debug] [ThreadPool]: Acquiring new snowflake connection 'list_AIRFLOW'
[0m00:44:50.743353 [debug] [ThreadPool]: Using snowflake connection "list_AIRFLOW"
[0m00:44:50.744200 [debug] [ThreadPool]: On list_AIRFLOW: /* {"app": "dbt", "dbt_version": "1.7.13", "profile_name": "dbttest", "target_name": "dev", "connection_name": "list_AIRFLOW"} */
show terse schemas in database AIRFLOW
    limit 10000
[0m00:44:50.744830 [debug] [ThreadPool]: Opening a new connection, currently in state init
[0m00:44:51.239732 [debug] [ThreadPool]: SQL status: SUCCESS 4 in 0.0 seconds
[0m00:44:51.242249 [debug] [ThreadPool]: On list_AIRFLOW: Close
[0m00:44:51.365853 [debug] [ThreadPool]: Re-using an available connection from the pool (formerly list_AIRFLOW, now list_AIRFLOW_dev)
[0m00:44:51.381778 [debug] [ThreadPool]: Using snowflake connection "list_AIRFLOW_dev"
[0m00:44:51.382372 [debug] [ThreadPool]: On list_AIRFLOW_dev: /* {"app": "dbt", "dbt_version": "1.7.13", "profile_name": "dbttest", "target_name": "dev", "connection_name": "list_AIRFLOW_dev"} */
show terse objects in AIRFLOW.dev limit 10000
[0m00:44:51.382754 [debug] [ThreadPool]: Opening a new connection, currently in state closed
[0m00:44:51.855749 [debug] [ThreadPool]: SQL status: SUCCESS 6 in 0.0 seconds
[0m00:44:51.858519 [debug] [ThreadPool]: On list_AIRFLOW_dev: Close
[0m00:44:51.965622 [debug] [ThreadPool]: Re-using an available connection from the pool (formerly list_AIRFLOW_dev, now list_AIRFLOW_DEV)
[0m00:44:51.969321 [debug] [ThreadPool]: Using snowflake connection "list_AIRFLOW_DEV"
[0m00:44:51.970040 [debug] [ThreadPool]: On list_AIRFLOW_DEV: /* {"app": "dbt", "dbt_version": "1.7.13", "profile_name": "dbttest", "target_name": "dev", "connection_name": "list_AIRFLOW_DEV"} */
show terse objects in AIRFLOW.DEV limit 10000
[0m00:44:51.970447 [debug] [ThreadPool]: Opening a new connection, currently in state closed
[0m00:44:52.475221 [debug] [ThreadPool]: SQL status: SUCCESS 6 in 1.0 seconds
[0m00:44:52.478805 [debug] [ThreadPool]: On list_AIRFLOW_DEV: Close
[0m00:44:52.588873 [debug] [MainThread]: Sending event: {'category': 'dbt', 'action': 'runnable_timing', 'label': 'a65c29f3-141c-4e09-bc01-4cc51b5cfdb3', 'context': [<snowplow_tracker.self_describing_json.SelfDescribingJson object at 0x7f3582645d90>]}
[0m00:44:52.590116 [info ] [MainThread]: Concurrency: 1 threads (target='dev')
[0m00:44:52.590533 [info ] [MainThread]: 
[0m00:44:52.594174 [debug] [Thread-1 (]: Began running node model.dbttest.mart_full_moon_reviews
[0m00:44:52.594839 [info ] [Thread-1 (]: 1 of 1 START sql table model DEV.mart_full_moon_reviews ........................ [RUN]
[0m00:44:52.595839 [debug] [Thread-1 (]: Re-using an available connection from the pool (formerly list_AIRFLOW_DEV, now model.dbttest.mart_full_moon_reviews)
[0m00:44:52.596221 [debug] [Thread-1 (]: Began compiling node model.dbttest.mart_full_moon_reviews
[0m00:44:52.604089 [debug] [Thread-1 (]: Writing injected SQL for node "model.dbttest.mart_full_moon_reviews"
[0m00:44:52.604797 [debug] [Thread-1 (]: Timing info for model.dbttest.mart_full_moon_reviews (compile): 00:44:52.596481 => 00:44:52.604544
[0m00:44:52.605224 [debug] [Thread-1 (]: Began executing node model.dbttest.mart_full_moon_reviews
[0m00:44:52.653999 [debug] [Thread-1 (]: Writing runtime sql for node "model.dbttest.mart_full_moon_reviews"
[0m00:44:52.655792 [debug] [Thread-1 (]: Using snowflake connection "model.dbttest.mart_full_moon_reviews"
[0m00:44:52.656633 [debug] [Thread-1 (]: On model.dbttest.mart_full_moon_reviews: /* {"app": "dbt", "dbt_version": "1.7.13", "profile_name": "dbttest", "target_name": "dev", "node_id": "model.dbttest.mart_full_moon_reviews"} */
create or replace transient table AIRFLOW.DEV.mart_full_moon_reviews
         as
        (

WITH fct_reviews AS (
    SELECT * FROM AIRFLOW.DEV.fct_reviews
),
full_moon_dates AS (
    SELECT * FROM AIRFLOW.DEV.seed_full_moon_dates
)

SELECT
    r.*,
    CASE
        WHEN fm.full_moon_date IS NULL THEN 'not full moon'
        ELSE 'full moon'
    END AS is_full_moon
FROM
    fct_reviews r 
    LEFT JOIN full_moon_dates fm 
    ON (TO_DATE(r.review_date)= DATEADD(DAY,1,fm.full_moon_date))
        );
[0m00:44:52.657397 [debug] [Thread-1 (]: Opening a new connection, currently in state closed
[0m00:44:56.263292 [debug] [Thread-1 (]: SQL status: SUCCESS 1 in 4.0 seconds
[0m00:44:56.287205 [debug] [Thread-1 (]: Timing info for model.dbttest.mart_full_moon_reviews (execute): 00:44:52.605610 => 00:44:56.287005
[0m00:44:56.287809 [debug] [Thread-1 (]: On model.dbttest.mart_full_moon_reviews: Close
[0m00:44:56.397675 [debug] [Thread-1 (]: Sending event: {'category': 'dbt', 'action': 'run_model', 'label': 'a65c29f3-141c-4e09-bc01-4cc51b5cfdb3', 'context': [<snowplow_tracker.self_describing_json.SelfDescribingJson object at 0x7f3582635c50>]}
[0m00:44:56.398648 [info ] [Thread-1 (]: 1 of 1 OK created sql table model DEV.mart_full_moon_reviews ................... [[32mSUCCESS 1[0m in 3.80s]
[0m00:44:56.399367 [debug] [Thread-1 (]: Finished running node model.dbttest.mart_full_moon_reviews
[0m00:44:56.402007 [debug] [MainThread]: Connection 'master' was properly closed.
[0m00:44:56.402363 [debug] [MainThread]: Connection 'model.dbttest.mart_full_moon_reviews' was properly closed.
[0m00:44:56.402750 [info ] [MainThread]: 
[0m00:44:56.403145 [info ] [MainThread]: Finished running 1 table model in 0 hours 0 minutes and 5.68 seconds (5.68s).
[0m00:44:56.403842 [debug] [MainThread]: Command end result
[0m00:44:56.413492 [info ] [MainThread]: 
[0m00:44:56.414097 [info ] [MainThread]: [32mCompleted successfully[0m
[0m00:44:56.414523 [info ] [MainThread]: 
[0m00:44:56.414917 [info ] [MainThread]: Done. PASS=1 WARN=0 ERROR=0 SKIP=0 TOTAL=1
[0m00:44:56.415922 [debug] [MainThread]: Resource report: {"command_name": "run", "command_success": true, "command_wall_clock_time": 6.345612, "process_user_time": 3.046973, "process_kernel_time": 0.179789, "process_mem_max_rss": "128904", "process_out_blocks": "1928", "process_in_blocks": "0"}
[0m00:44:56.416361 [debug] [MainThread]: Command `dbt run` succeeded at 00:44:56.416249 after 6.35 seconds
[0m00:44:56.416760 [debug] [MainThread]: Sending event: {'category': 'dbt', 'action': 'invocation', 'label': 'end', 'context': [<snowplow_tracker.self_describing_json.SelfDescribingJson object at 0x7f358261b2d0>, <snowplow_tracker.self_describing_json.SelfDescribingJson object at 0x7f3586a0b750>, <snowplow_tracker.self_describing_json.SelfDescribingJson object at 0x7f35814b89d0>]}
[0m00:44:56.417581 [debug] [MainThread]: Flushing usage events
[0m00:54:39.313760 [debug] [MainThread]: Sending event: {'category': 'dbt', 'action': 'invocation', 'label': 'start', 'context': [<snowplow_tracker.self_describing_json.SelfDescribingJson object at 0x7f667ac74d50>, <snowplow_tracker.self_describing_json.SelfDescribingJson object at 0x7f667aac6410>, <snowplow_tracker.self_describing_json.SelfDescribingJson object at 0x7f667ac75b50>]}


============================== 00:54:39.317257 | 702385b1-4c83-4f44-b801-a04dfabbbe62 ==============================
[0m00:54:39.317257 [info ] [MainThread]: Running with dbt=1.7.13
[0m00:54:39.317942 [debug] [MainThread]: running dbt with arguments {'printer_width': '80', 'indirect_selection': 'eager', 'log_cache_events': 'False', 'write_json': 'True', 'partial_parse': 'True', 'cache_selected_only': 'False', 'profiles_dir': '.', 'debug': 'False', 'warn_error': 'None', 'log_path': '/usr/local/airflow/dags/dbttest/logs', 'fail_fast': 'False', 'version_check': 'True', 'use_colors': 'True', 'use_experimental_parser': 'False', 'no_print': 'None', 'quiet': 'False', 'warn_error_options': 'WarnErrorOptions(include=[], exclude=[])', 'introspect': 'True', 'log_format': 'default', 'static_parser': 'True', 'target_path': 'None', 'invocation_command': 'dbt run --full-refresh --models src.* --profiles-dir .', 'send_anonymous_usage_stats': 'True'}
[0m00:54:39.679882 [debug] [MainThread]: Sending event: {'category': 'dbt', 'action': 'project_id', 'label': '702385b1-4c83-4f44-b801-a04dfabbbe62', 'context': [<snowplow_tracker.self_describing_json.SelfDescribingJson object at 0x7f6679a1c3d0>]}
[0m00:54:39.836326 [debug] [MainThread]: Sending event: {'category': 'dbt', 'action': 'adapter_info', 'label': '702385b1-4c83-4f44-b801-a04dfabbbe62', 'context': [<snowplow_tracker.self_describing_json.SelfDescribingJson object at 0x7f6679984dd0>]}
[0m00:54:39.837373 [info ] [MainThread]: Registered adapter: snowflake=1.7.1
[0m00:54:39.849967 [debug] [MainThread]: checksum: 6c24e2ee36a42cedd7e5de2827d214776eb7a8e8f425f6d8acb06c31add0afef, vars: {}, profile: , target: , version: 1.7.13
[0m00:54:39.880107 [debug] [MainThread]: Partial parsing enabled: 0 files deleted, 0 files added, 0 files changed.
[0m00:54:39.880562 [debug] [MainThread]: Partial parsing enabled, no changes found, skipping parsing
[0m00:54:39.890956 [debug] [MainThread]: Sending event: {'category': 'dbt', 'action': 'load_project', 'label': '702385b1-4c83-4f44-b801-a04dfabbbe62', 'context': [<snowplow_tracker.self_describing_json.SelfDescribingJson object at 0x7f6679830490>]}
[0m00:54:39.971449 [debug] [MainThread]: Sending event: {'category': 'dbt', 'action': 'resource_counts', 'label': '702385b1-4c83-4f44-b801-a04dfabbbe62', 'context': [<snowplow_tracker.self_describing_json.SelfDescribingJson object at 0x7f66798d43d0>]}
[0m00:54:39.972556 [info ] [MainThread]: Found 8 models, 2 snapshots, 9 tests, 1 seed, 3 sources, 0 exposures, 0 metrics, 432 macros, 0 groups, 0 semantic models
[0m00:54:39.973394 [debug] [MainThread]: Sending event: {'category': 'dbt', 'action': 'runnable_timing', 'label': '702385b1-4c83-4f44-b801-a04dfabbbe62', 'context': [<snowplow_tracker.self_describing_json.SelfDescribingJson object at 0x7f6679a1d110>]}
[0m00:54:39.976731 [info ] [MainThread]: 
[0m00:54:39.978142 [debug] [MainThread]: Acquiring new snowflake connection 'master'
[0m00:54:39.981128 [debug] [ThreadPool]: Acquiring new snowflake connection 'list_AIRFLOW_DEV'
[0m00:54:40.007305 [debug] [ThreadPool]: Using snowflake connection "list_AIRFLOW_DEV"
[0m00:54:40.007997 [debug] [ThreadPool]: On list_AIRFLOW_DEV: /* {"app": "dbt", "dbt_version": "1.7.13", "profile_name": "dbttest", "target_name": "dev", "connection_name": "list_AIRFLOW_DEV"} */
show terse objects in AIRFLOW.DEV limit 10000
[0m00:54:40.008588 [debug] [ThreadPool]: Opening a new connection, currently in state init
[0m00:54:40.572500 [debug] [ThreadPool]: SQL status: SUCCESS 6 in 1.0 seconds
[0m00:54:40.575386 [debug] [ThreadPool]: On list_AIRFLOW_DEV: Close
[0m00:54:40.700614 [debug] [ThreadPool]: Re-using an available connection from the pool (formerly list_AIRFLOW_DEV, now list_AIRFLOW_dev)
[0m00:54:40.705480 [debug] [ThreadPool]: Using snowflake connection "list_AIRFLOW_dev"
[0m00:54:40.706434 [debug] [ThreadPool]: On list_AIRFLOW_dev: /* {"app": "dbt", "dbt_version": "1.7.13", "profile_name": "dbttest", "target_name": "dev", "connection_name": "list_AIRFLOW_dev"} */
show terse objects in AIRFLOW.dev limit 10000
[0m00:54:40.706820 [debug] [ThreadPool]: Opening a new connection, currently in state closed
[0m00:54:41.179360 [debug] [ThreadPool]: SQL status: SUCCESS 6 in 0.0 seconds
[0m00:54:41.181678 [debug] [ThreadPool]: On list_AIRFLOW_dev: Close
[0m00:54:41.295429 [debug] [MainThread]: Sending event: {'category': 'dbt', 'action': 'runnable_timing', 'label': '702385b1-4c83-4f44-b801-a04dfabbbe62', 'context': [<snowplow_tracker.self_describing_json.SelfDescribingJson object at 0x7f6679c3ac90>]}
[0m00:54:41.297096 [info ] [MainThread]: Concurrency: 1 threads (target='dev')
[0m00:54:41.298497 [info ] [MainThread]: 
[0m00:54:41.302014 [debug] [Thread-1 (]: Began running node model.dbttest.src_hosts
[0m00:54:41.303575 [debug] [Thread-1 (]: Re-using an available connection from the pool (formerly list_AIRFLOW_dev, now model.dbttest.src_hosts)
[0m00:54:41.304304 [debug] [Thread-1 (]: Began compiling node model.dbttest.src_hosts
[0m00:54:41.317661 [debug] [Thread-1 (]: Writing injected SQL for node "model.dbttest.src_hosts"
[0m00:54:41.318820 [debug] [Thread-1 (]: Timing info for model.dbttest.src_hosts (compile): 00:54:41.304605 => 00:54:41.318391
[0m00:54:41.320096 [debug] [Thread-1 (]: Finished running node model.dbttest.src_hosts
[0m00:54:41.320673 [debug] [Thread-1 (]: Began running node model.dbttest.src_listings
[0m00:54:41.321897 [debug] [Thread-1 (]: Re-using an available connection from the pool (formerly model.dbttest.src_hosts, now model.dbttest.src_listings)
[0m00:54:41.322647 [debug] [Thread-1 (]: Began compiling node model.dbttest.src_listings
[0m00:54:41.328751 [debug] [Thread-1 (]: Writing injected SQL for node "model.dbttest.src_listings"
[0m00:54:41.329840 [debug] [Thread-1 (]: Timing info for model.dbttest.src_listings (compile): 00:54:41.323226 => 00:54:41.329428
[0m00:54:41.331066 [debug] [Thread-1 (]: Finished running node model.dbttest.src_listings
[0m00:54:41.331617 [debug] [Thread-1 (]: Began running node model.dbttest.src_reviews
[0m00:54:41.332592 [debug] [Thread-1 (]: Re-using an available connection from the pool (formerly model.dbttest.src_listings, now model.dbttest.src_reviews)
[0m00:54:41.333095 [debug] [Thread-1 (]: Began compiling node model.dbttest.src_reviews
[0m00:54:41.338324 [debug] [Thread-1 (]: Writing injected SQL for node "model.dbttest.src_reviews"
[0m00:54:41.339405 [debug] [Thread-1 (]: Timing info for model.dbttest.src_reviews (compile): 00:54:41.333507 => 00:54:41.339059
[0m00:54:41.340650 [debug] [Thread-1 (]: Finished running node model.dbttest.src_reviews
[0m00:54:41.343893 [debug] [MainThread]: Connection 'master' was properly closed.
[0m00:54:41.344560 [debug] [MainThread]: Connection 'model.dbttest.src_reviews' was properly closed.
[0m00:54:41.344951 [info ] [MainThread]: 
[0m00:54:41.345380 [info ] [MainThread]: Finished running  in 0 hours 0 minutes and 1.37 seconds (1.37s).
[0m00:54:41.346030 [debug] [MainThread]: Command end result
[0m00:54:41.357083 [debug] [MainThread]: Resource report: {"command_name": "run", "command_success": true, "command_wall_clock_time": 2.0864232, "process_user_time": 3.08821, "process_kernel_time": 0.299826, "process_mem_max_rss": "128900", "process_out_blocks": "1952", "process_in_blocks": "0"}
[0m00:54:41.357866 [debug] [MainThread]: Command `dbt run` succeeded at 00:54:41.357698 after 2.09 seconds
[0m00:54:41.358496 [debug] [MainThread]: Sending event: {'category': 'dbt', 'action': 'invocation', 'label': 'end', 'context': [<snowplow_tracker.self_describing_json.SelfDescribingJson object at 0x7f667aac64d0>, <snowplow_tracker.self_describing_json.SelfDescribingJson object at 0x7f667ee7f710>, <snowplow_tracker.self_describing_json.SelfDescribingJson object at 0x7f667efdf050>]}
[0m00:54:41.359735 [debug] [MainThread]: Flushing usage events
[0m00:54:44.986291 [debug] [MainThread]: Sending event: {'category': 'dbt', 'action': 'invocation', 'label': 'start', 'context': [<snowplow_tracker.self_describing_json.SelfDescribingJson object at 0x7f3cd651c0d0>, <snowplow_tracker.self_describing_json.SelfDescribingJson object at 0x7f3cd7572b10>, <snowplow_tracker.self_describing_json.SelfDescribingJson object at 0x7f3cd651fdd0>]}


============================== 00:54:44.988737 | d7009a91-47fa-4036-b071-72b56a847fd2 ==============================
[0m00:54:44.988737 [info ] [MainThread]: Running with dbt=1.7.13
[0m00:54:44.989371 [debug] [MainThread]: running dbt with arguments {'printer_width': '80', 'indirect_selection': 'eager', 'log_cache_events': 'False', 'write_json': 'True', 'partial_parse': 'True', 'cache_selected_only': 'False', 'profiles_dir': '.', 'fail_fast': 'False', 'warn_error': 'None', 'log_path': '/usr/local/airflow/dags/dbttest/logs', 'version_check': 'True', 'debug': 'False', 'use_colors': 'True', 'use_experimental_parser': 'False', 'no_print': 'None', 'quiet': 'False', 'log_format': 'default', 'introspect': 'True', 'warn_error_options': 'WarnErrorOptions(include=[], exclude=[])', 'invocation_command': 'dbt run --full-refresh --models dim.* --profiles-dir .', 'target_path': 'None', 'static_parser': 'True', 'send_anonymous_usage_stats': 'True'}
[0m00:54:45.299343 [debug] [MainThread]: Sending event: {'category': 'dbt', 'action': 'project_id', 'label': 'd7009a91-47fa-4036-b071-72b56a847fd2', 'context': [<snowplow_tracker.self_describing_json.SelfDescribingJson object at 0x7f3cd53305d0>]}
[0m00:54:45.384576 [debug] [MainThread]: Sending event: {'category': 'dbt', 'action': 'adapter_info', 'label': 'd7009a91-47fa-4036-b071-72b56a847fd2', 'context': [<snowplow_tracker.self_describing_json.SelfDescribingJson object at 0x7f3cd5341090>]}
[0m00:54:45.385516 [info ] [MainThread]: Registered adapter: snowflake=1.7.1
[0m00:54:45.393543 [debug] [MainThread]: checksum: 6c24e2ee36a42cedd7e5de2827d214776eb7a8e8f425f6d8acb06c31add0afef, vars: {}, profile: , target: , version: 1.7.13
[0m00:54:45.418384 [debug] [MainThread]: Partial parsing enabled: 0 files deleted, 0 files added, 0 files changed.
[0m00:54:45.418860 [debug] [MainThread]: Partial parsing enabled, no changes found, skipping parsing
[0m00:54:45.425218 [debug] [MainThread]: Sending event: {'category': 'dbt', 'action': 'load_project', 'label': 'd7009a91-47fa-4036-b071-72b56a847fd2', 'context': [<snowplow_tracker.self_describing_json.SelfDescribingJson object at 0x7f3cd514ebd0>]}
[0m00:54:45.500996 [debug] [MainThread]: Sending event: {'category': 'dbt', 'action': 'resource_counts', 'label': 'd7009a91-47fa-4036-b071-72b56a847fd2', 'context': [<snowplow_tracker.self_describing_json.SelfDescribingJson object at 0x7f3cd53e9350>]}
[0m00:54:45.501681 [info ] [MainThread]: Found 8 models, 2 snapshots, 9 tests, 1 seed, 3 sources, 0 exposures, 0 metrics, 432 macros, 0 groups, 0 semantic models
[0m00:54:45.502205 [debug] [MainThread]: Sending event: {'category': 'dbt', 'action': 'runnable_timing', 'label': 'd7009a91-47fa-4036-b071-72b56a847fd2', 'context': [<snowplow_tracker.self_describing_json.SelfDescribingJson object at 0x7f3cd51f5750>]}
[0m00:54:45.504273 [info ] [MainThread]: 
[0m00:54:45.505288 [debug] [MainThread]: Acquiring new snowflake connection 'master'
[0m00:54:45.506902 [debug] [ThreadPool]: Acquiring new snowflake connection 'list_AIRFLOW'
[0m00:54:45.537108 [debug] [ThreadPool]: Using snowflake connection "list_AIRFLOW"
[0m00:54:45.537647 [debug] [ThreadPool]: On list_AIRFLOW: /* {"app": "dbt", "dbt_version": "1.7.13", "profile_name": "dbttest", "target_name": "dev", "connection_name": "list_AIRFLOW"} */
show terse schemas in database AIRFLOW
    limit 10000
[0m00:54:45.538034 [debug] [ThreadPool]: Opening a new connection, currently in state init
[0m00:54:45.979739 [debug] [ThreadPool]: SQL status: SUCCESS 4 in 0.0 seconds
[0m00:54:45.982805 [debug] [ThreadPool]: On list_AIRFLOW: Close
[0m00:54:46.102512 [debug] [ThreadPool]: Re-using an available connection from the pool (formerly list_AIRFLOW, now list_AIRFLOW_DEV)
[0m00:54:46.119490 [debug] [ThreadPool]: Using snowflake connection "list_AIRFLOW_DEV"
[0m00:54:46.120097 [debug] [ThreadPool]: On list_AIRFLOW_DEV: /* {"app": "dbt", "dbt_version": "1.7.13", "profile_name": "dbttest", "target_name": "dev", "connection_name": "list_AIRFLOW_DEV"} */
show terse objects in AIRFLOW.DEV limit 10000
[0m00:54:46.120576 [debug] [ThreadPool]: Opening a new connection, currently in state closed
[0m00:54:46.630315 [debug] [ThreadPool]: SQL status: SUCCESS 6 in 1.0 seconds
[0m00:54:46.633018 [debug] [ThreadPool]: On list_AIRFLOW_DEV: Close
[0m00:54:46.782424 [debug] [ThreadPool]: Re-using an available connection from the pool (formerly list_AIRFLOW_DEV, now list_AIRFLOW_dev)
[0m00:54:46.786626 [debug] [ThreadPool]: Using snowflake connection "list_AIRFLOW_dev"
[0m00:54:46.787354 [debug] [ThreadPool]: On list_AIRFLOW_dev: /* {"app": "dbt", "dbt_version": "1.7.13", "profile_name": "dbttest", "target_name": "dev", "connection_name": "list_AIRFLOW_dev"} */
show terse objects in AIRFLOW.dev limit 10000
[0m00:54:46.787653 [debug] [ThreadPool]: Opening a new connection, currently in state closed
[0m00:54:47.417004 [debug] [ThreadPool]: SQL status: SUCCESS 6 in 1.0 seconds
[0m00:54:47.419046 [debug] [ThreadPool]: On list_AIRFLOW_dev: Close
[0m00:54:47.528190 [debug] [MainThread]: Sending event: {'category': 'dbt', 'action': 'runnable_timing', 'label': 'd7009a91-47fa-4036-b071-72b56a847fd2', 'context': [<snowplow_tracker.self_describing_json.SelfDescribingJson object at 0x7f3cd51f7f50>]}
[0m00:54:47.529454 [info ] [MainThread]: Concurrency: 1 threads (target='dev')
[0m00:54:47.530088 [info ] [MainThread]: 
[0m00:54:47.533286 [debug] [Thread-1 (]: Began running node model.dbttest.dim_hosts_cleansed
[0m00:54:47.534107 [info ] [Thread-1 (]: 1 of 3 START sql view model DEV.dim_hosts_cleansed ............................. [RUN]
[0m00:54:47.535254 [debug] [Thread-1 (]: Re-using an available connection from the pool (formerly list_AIRFLOW_dev, now model.dbttest.dim_hosts_cleansed)
[0m00:54:47.535874 [debug] [Thread-1 (]: Began compiling node model.dbttest.dim_hosts_cleansed
[0m00:54:47.550192 [debug] [Thread-1 (]: Writing injected SQL for node "model.dbttest.dim_hosts_cleansed"
[0m00:54:47.553451 [debug] [Thread-1 (]: Writing injected SQL for node "model.dbttest.dim_hosts_cleansed"
[0m00:54:47.554579 [debug] [Thread-1 (]: Timing info for model.dbttest.dim_hosts_cleansed (compile): 00:54:47.536273 => 00:54:47.554148
[0m00:54:47.555358 [debug] [Thread-1 (]: Began executing node model.dbttest.dim_hosts_cleansed
[0m00:54:47.597267 [debug] [Thread-1 (]: Writing runtime sql for node "model.dbttest.dim_hosts_cleansed"
[0m00:54:47.598708 [debug] [Thread-1 (]: Using snowflake connection "model.dbttest.dim_hosts_cleansed"
[0m00:54:47.599219 [debug] [Thread-1 (]: On model.dbttest.dim_hosts_cleansed: /* {"app": "dbt", "dbt_version": "1.7.13", "profile_name": "dbttest", "target_name": "dev", "node_id": "model.dbttest.dim_hosts_cleansed"} */
create or replace   view AIRFLOW.DEV.dim_hosts_cleansed
  
   as (
    

WITH  __dbt__cte__src_hosts as (
WITH raw_hosts AS (
    SELECT * FROM AIRFLOW.raw.raw_hosts
)
SELECT 
    id AS host_id,
    name AS host_name,
    is_superhost,
    created_at,
    updated_at
FROM 
    raw_hosts
), src_hosts AS (
    SELECT * FROM __dbt__cte__src_hosts
)
SELECT 
    host_id,
    NVL( host_name, 'Anonymous') AS host_name, -- similar to below
    
    is_superhost,
    created_at,
    updated_at
FROM
    src_hosts
  );
[0m00:54:47.599663 [debug] [Thread-1 (]: Opening a new connection, currently in state closed
[0m00:54:48.131472 [debug] [Thread-1 (]: SQL status: SUCCESS 1 in 1.0 seconds
[0m00:54:48.153139 [debug] [Thread-1 (]: Timing info for model.dbttest.dim_hosts_cleansed (execute): 00:54:47.555910 => 00:54:48.152935
[0m00:54:48.153604 [debug] [Thread-1 (]: On model.dbttest.dim_hosts_cleansed: Close
[0m00:54:48.272521 [debug] [Thread-1 (]: Sending event: {'category': 'dbt', 'action': 'run_model', 'label': 'd7009a91-47fa-4036-b071-72b56a847fd2', 'context': [<snowplow_tracker.self_describing_json.SelfDescribingJson object at 0x7f3cd52dce90>]}
[0m00:54:48.273727 [info ] [Thread-1 (]: 1 of 3 OK created sql view model DEV.dim_hosts_cleansed ........................ [[32mSUCCESS 1[0m in 0.74s]
[0m00:54:48.274659 [debug] [Thread-1 (]: Finished running node model.dbttest.dim_hosts_cleansed
[0m00:54:48.275283 [debug] [Thread-1 (]: Began running node model.dbttest.dim_listings_cleansed
[0m00:54:48.276421 [info ] [Thread-1 (]: 2 of 3 START sql view model DEV.dim_listings_cleansed .......................... [RUN]
[0m00:54:48.277619 [debug] [Thread-1 (]: Re-using an available connection from the pool (formerly model.dbttest.dim_hosts_cleansed, now model.dbttest.dim_listings_cleansed)
[0m00:54:48.278191 [debug] [Thread-1 (]: Began compiling node model.dbttest.dim_listings_cleansed
[0m00:54:48.285193 [debug] [Thread-1 (]: Writing injected SQL for node "model.dbttest.dim_listings_cleansed"
[0m00:54:48.292007 [debug] [Thread-1 (]: Writing injected SQL for node "model.dbttest.dim_listings_cleansed"
[0m00:54:48.293332 [debug] [Thread-1 (]: Timing info for model.dbttest.dim_listings_cleansed (compile): 00:54:48.278781 => 00:54:48.292862
[0m00:54:48.293955 [debug] [Thread-1 (]: Began executing node model.dbttest.dim_listings_cleansed
[0m00:54:48.298930 [debug] [Thread-1 (]: Writing runtime sql for node "model.dbttest.dim_listings_cleansed"
[0m00:54:48.300424 [debug] [Thread-1 (]: Using snowflake connection "model.dbttest.dim_listings_cleansed"
[0m00:54:48.300929 [debug] [Thread-1 (]: On model.dbttest.dim_listings_cleansed: /* {"app": "dbt", "dbt_version": "1.7.13", "profile_name": "dbttest", "target_name": "dev", "node_id": "model.dbttest.dim_listings_cleansed"} */
create or replace   view AIRFLOW.DEV.dim_listings_cleansed
  
   as (
    

WITH  __dbt__cte__src_listings as (
WITH raw_listings AS (
    SELECT * FROM AIRFLOW.raw.raw_listings
)
SELECT 
    id AS listing_id,
    name AS listing_name,
    listing_url,
    room_type,
    minimum_nights,
    host_id,
    price AS price_str,
    created_at,
    updated_at
FROM
    raw_listings
), src_listings AS (
    SELECT * FROM __dbt__cte__src_listings
)
SELECT
    listing_id,
    listing_name,
    listing_url,
    room_type,
    CASE 
        WHEN minimum_nights = 0 THEN 1
        ELSE minimum_nights
    END AS minimum_nights,
    host_id,
    REPLACE (price_str, '$') :: NUMBER(10,2) AS price,
    created_at,
    updated_at
FROM
    src_listings
  );
[0m00:54:48.301313 [debug] [Thread-1 (]: Opening a new connection, currently in state closed
[0m00:54:48.848805 [debug] [Thread-1 (]: SQL status: SUCCESS 1 in 1.0 seconds
[0m00:54:48.851697 [debug] [Thread-1 (]: Timing info for model.dbttest.dim_listings_cleansed (execute): 00:54:48.294214 => 00:54:48.851409
[0m00:54:48.852156 [debug] [Thread-1 (]: On model.dbttest.dim_listings_cleansed: Close
[0m00:54:48.970518 [debug] [Thread-1 (]: Sending event: {'category': 'dbt', 'action': 'run_model', 'label': 'd7009a91-47fa-4036-b071-72b56a847fd2', 'context': [<snowplow_tracker.self_describing_json.SelfDescribingJson object at 0x7f3cd4f54410>]}
[0m00:54:48.971561 [info ] [Thread-1 (]: 2 of 3 OK created sql view model DEV.dim_listings_cleansed ..................... [[32mSUCCESS 1[0m in 0.69s]
[0m00:54:48.972549 [debug] [Thread-1 (]: Finished running node model.dbttest.dim_listings_cleansed
[0m00:54:48.974097 [debug] [Thread-1 (]: Began running node model.dbttest.dim_listings_w_hosts
[0m00:54:48.974742 [info ] [Thread-1 (]: 3 of 3 START sql table model DEV.dim_listings_w_hosts .......................... [RUN]
[0m00:54:48.975873 [debug] [Thread-1 (]: Re-using an available connection from the pool (formerly model.dbttest.dim_listings_cleansed, now model.dbttest.dim_listings_w_hosts)
[0m00:54:48.976479 [debug] [Thread-1 (]: Began compiling node model.dbttest.dim_listings_w_hosts
[0m00:54:48.980324 [debug] [Thread-1 (]: Writing injected SQL for node "model.dbttest.dim_listings_w_hosts"
[0m00:54:48.980954 [debug] [Thread-1 (]: Timing info for model.dbttest.dim_listings_w_hosts (compile): 00:54:48.976868 => 00:54:48.980734
[0m00:54:48.981416 [debug] [Thread-1 (]: Began executing node model.dbttest.dim_listings_w_hosts
[0m00:54:49.012293 [debug] [Thread-1 (]: Writing runtime sql for node "model.dbttest.dim_listings_w_hosts"
[0m00:54:49.014749 [debug] [Thread-1 (]: Using snowflake connection "model.dbttest.dim_listings_w_hosts"
[0m00:54:49.015650 [debug] [Thread-1 (]: On model.dbttest.dim_listings_w_hosts: /* {"app": "dbt", "dbt_version": "1.7.13", "profile_name": "dbttest", "target_name": "dev", "node_id": "model.dbttest.dim_listings_w_hosts"} */
create or replace transient table AIRFLOW.DEV.dim_listings_w_hosts
         as
        (WITH l AS (
    SELECT * FROM AIRFLOW.DEV.dim_listings_cleansed
), 
h AS (
    SELECT * FROM AIRFLOW.DEV.dim_hosts_cleansed
)

SELECT 
    l.listing_id,
    l.listing_name,
    l.room_type,
    l.minimum_nights,
    l.price,
    l.host_id,
    h.host_name,
    h.is_superhost AS host_is_superhost,
    l.created_at,
    GREATEST(l.updated_at, h.updated_at) as updated_at
FROM l
LEFT JOIN h ON (h.host_id = l.host_id)
        );
[0m00:54:49.016896 [debug] [Thread-1 (]: Opening a new connection, currently in state closed
[0m00:54:50.741729 [debug] [Thread-1 (]: SQL status: SUCCESS 1 in 2.0 seconds
[0m00:54:50.747003 [debug] [Thread-1 (]: Timing info for model.dbttest.dim_listings_w_hosts (execute): 00:54:48.981629 => 00:54:50.746704
[0m00:54:50.747629 [debug] [Thread-1 (]: On model.dbttest.dim_listings_w_hosts: Close
[0m00:54:50.911315 [debug] [Thread-1 (]: Sending event: {'category': 'dbt', 'action': 'run_model', 'label': 'd7009a91-47fa-4036-b071-72b56a847fd2', 'context': [<snowplow_tracker.self_describing_json.SelfDescribingJson object at 0x7f3cd4f54a50>]}
[0m00:54:50.912139 [info ] [Thread-1 (]: 3 of 3 OK created sql table model DEV.dim_listings_w_hosts ..................... [[32mSUCCESS 1[0m in 1.94s]
[0m00:54:50.912973 [debug] [Thread-1 (]: Finished running node model.dbttest.dim_listings_w_hosts
[0m00:54:50.915817 [debug] [MainThread]: Connection 'master' was properly closed.
[0m00:54:50.916271 [debug] [MainThread]: Connection 'model.dbttest.dim_listings_w_hosts' was properly closed.
[0m00:54:50.916769 [info ] [MainThread]: 
[0m00:54:50.917380 [info ] [MainThread]: Finished running 2 view models, 1 table model in 0 hours 0 minutes and 5.41 seconds (5.41s).
[0m00:54:50.918500 [debug] [MainThread]: Command end result
[0m00:54:50.934817 [info ] [MainThread]: 
[0m00:54:50.935465 [info ] [MainThread]: [32mCompleted successfully[0m
[0m00:54:50.935860 [info ] [MainThread]: 
[0m00:54:50.936328 [info ] [MainThread]: Done. PASS=3 WARN=0 ERROR=0 SKIP=0 TOTAL=3
[0m00:54:50.937374 [debug] [MainThread]: Resource report: {"command_name": "run", "command_success": true, "command_wall_clock_time": 5.9906135, "process_user_time": 2.91704, "process_kernel_time": 0.12029, "process_mem_max_rss": "129720", "process_out_blocks": "2008", "process_in_blocks": "0"}
[0m00:54:50.937938 [debug] [MainThread]: Command `dbt run` succeeded at 00:54:50.937793 after 5.99 seconds
[0m00:54:50.938354 [debug] [MainThread]: Sending event: {'category': 'dbt', 'action': 'invocation', 'label': 'end', 'context': [<snowplow_tracker.self_describing_json.SelfDescribingJson object at 0x7f3cda74b890>, <snowplow_tracker.self_describing_json.SelfDescribingJson object at 0x7f3cd6b2df10>, <snowplow_tracker.self_describing_json.SelfDescribingJson object at 0x7f3cda8abd50>]}
[0m00:54:50.938788 [debug] [MainThread]: Flushing usage events
[0m00:54:55.184068 [debug] [MainThread]: Sending event: {'category': 'dbt', 'action': 'invocation', 'label': 'start', 'context': [<snowplow_tracker.self_describing_json.SelfDescribingJson object at 0x7feea21a8690>, <snowplow_tracker.self_describing_json.SelfDescribingJson object at 0x7feea21abe10>, <snowplow_tracker.self_describing_json.SelfDescribingJson object at 0x7feea21ab890>]}


============================== 00:54:55.186976 | 5bf858cb-aa35-4069-a59f-996499018178 ==============================
[0m00:54:55.186976 [info ] [MainThread]: Running with dbt=1.7.13
[0m00:54:55.187877 [debug] [MainThread]: running dbt with arguments {'printer_width': '80', 'indirect_selection': 'eager', 'write_json': 'True', 'log_cache_events': 'False', 'partial_parse': 'True', 'cache_selected_only': 'False', 'profiles_dir': '.', 'debug': 'False', 'version_check': 'True', 'log_path': '/usr/local/airflow/dags/dbttest/logs', 'fail_fast': 'False', 'warn_error': 'None', 'use_colors': 'True', 'use_experimental_parser': 'False', 'no_print': 'None', 'quiet': 'False', 'warn_error_options': 'WarnErrorOptions(include=[], exclude=[])', 'introspect': 'True', 'static_parser': 'True', 'invocation_command': 'dbt run --models fct.* --profiles-dir .', 'target_path': 'None', 'log_format': 'default', 'send_anonymous_usage_stats': 'True'}
[0m00:54:55.563631 [debug] [MainThread]: Sending event: {'category': 'dbt', 'action': 'project_id', 'label': '5bf858cb-aa35-4069-a59f-996499018178', 'context': [<snowplow_tracker.self_describing_json.SelfDescribingJson object at 0x7feea2015ed0>]}
[0m00:54:55.660029 [debug] [MainThread]: Sending event: {'category': 'dbt', 'action': 'adapter_info', 'label': '5bf858cb-aa35-4069-a59f-996499018178', 'context': [<snowplow_tracker.self_describing_json.SelfDescribingJson object at 0x7feea12b3890>]}
[0m00:54:55.660996 [info ] [MainThread]: Registered adapter: snowflake=1.7.1
[0m00:54:55.668662 [debug] [MainThread]: checksum: 6c24e2ee36a42cedd7e5de2827d214776eb7a8e8f425f6d8acb06c31add0afef, vars: {}, profile: , target: , version: 1.7.13
[0m00:54:55.692561 [debug] [MainThread]: Partial parsing enabled: 0 files deleted, 0 files added, 0 files changed.
[0m00:54:55.693252 [debug] [MainThread]: Partial parsing enabled, no changes found, skipping parsing
[0m00:54:55.703827 [debug] [MainThread]: Sending event: {'category': 'dbt', 'action': 'load_project', 'label': '5bf858cb-aa35-4069-a59f-996499018178', 'context': [<snowplow_tracker.self_describing_json.SelfDescribingJson object at 0x7feea0f40510>]}
[0m00:54:55.775089 [debug] [MainThread]: Sending event: {'category': 'dbt', 'action': 'resource_counts', 'label': '5bf858cb-aa35-4069-a59f-996499018178', 'context': [<snowplow_tracker.self_describing_json.SelfDescribingJson object at 0x7feea2bcb450>]}
[0m00:54:55.776013 [info ] [MainThread]: Found 8 models, 2 snapshots, 9 tests, 1 seed, 3 sources, 0 exposures, 0 metrics, 432 macros, 0 groups, 0 semantic models
[0m00:54:55.776685 [debug] [MainThread]: Sending event: {'category': 'dbt', 'action': 'runnable_timing', 'label': '5bf858cb-aa35-4069-a59f-996499018178', 'context': [<snowplow_tracker.self_describing_json.SelfDescribingJson object at 0x7feea101cc50>]}
[0m00:54:55.778527 [info ] [MainThread]: 
[0m00:54:55.779395 [debug] [MainThread]: Acquiring new snowflake connection 'master'
[0m00:54:55.780706 [debug] [ThreadPool]: Acquiring new snowflake connection 'list_AIRFLOW'
[0m00:54:55.795233 [debug] [ThreadPool]: Using snowflake connection "list_AIRFLOW"
[0m00:54:55.795763 [debug] [ThreadPool]: On list_AIRFLOW: /* {"app": "dbt", "dbt_version": "1.7.13", "profile_name": "dbttest", "target_name": "dev", "connection_name": "list_AIRFLOW"} */
show terse schemas in database AIRFLOW
    limit 10000
[0m00:54:55.796268 [debug] [ThreadPool]: Opening a new connection, currently in state init
[0m00:54:56.319580 [debug] [ThreadPool]: SQL status: SUCCESS 4 in 1.0 seconds
[0m00:54:56.321346 [debug] [ThreadPool]: On list_AIRFLOW: Close
[0m00:54:56.432074 [debug] [ThreadPool]: Re-using an available connection from the pool (formerly list_AIRFLOW, now list_AIRFLOW_dev)
[0m00:54:56.441871 [debug] [ThreadPool]: Using snowflake connection "list_AIRFLOW_dev"
[0m00:54:56.443157 [debug] [ThreadPool]: On list_AIRFLOW_dev: /* {"app": "dbt", "dbt_version": "1.7.13", "profile_name": "dbttest", "target_name": "dev", "connection_name": "list_AIRFLOW_dev"} */
show terse objects in AIRFLOW.dev limit 10000
[0m00:54:56.443823 [debug] [ThreadPool]: Opening a new connection, currently in state closed
[0m00:54:56.944407 [debug] [ThreadPool]: SQL status: SUCCESS 6 in 1.0 seconds
[0m00:54:56.947146 [debug] [ThreadPool]: On list_AIRFLOW_dev: Close
[0m00:54:57.075905 [debug] [ThreadPool]: Re-using an available connection from the pool (formerly list_AIRFLOW_dev, now list_AIRFLOW_DEV)
[0m00:54:57.083157 [debug] [ThreadPool]: Using snowflake connection "list_AIRFLOW_DEV"
[0m00:54:57.084115 [debug] [ThreadPool]: On list_AIRFLOW_DEV: /* {"app": "dbt", "dbt_version": "1.7.13", "profile_name": "dbttest", "target_name": "dev", "connection_name": "list_AIRFLOW_DEV"} */
show terse objects in AIRFLOW.DEV limit 10000
[0m00:54:57.085733 [debug] [ThreadPool]: Opening a new connection, currently in state closed
[0m00:54:57.558115 [debug] [ThreadPool]: SQL status: SUCCESS 6 in 0.0 seconds
[0m00:54:57.560768 [debug] [ThreadPool]: On list_AIRFLOW_DEV: Close
[0m00:54:57.681447 [debug] [MainThread]: Sending event: {'category': 'dbt', 'action': 'runnable_timing', 'label': '5bf858cb-aa35-4069-a59f-996499018178', 'context': [<snowplow_tracker.self_describing_json.SelfDescribingJson object at 0x7feea1048d90>]}
[0m00:54:57.682818 [info ] [MainThread]: Concurrency: 1 threads (target='dev')
[0m00:54:57.683624 [info ] [MainThread]: 
[0m00:54:57.687923 [debug] [Thread-1 (]: Began running node model.dbttest.fct_reviews
[0m00:54:57.688880 [info ] [Thread-1 (]: 1 of 1 START sql incremental model DEV.fct_reviews ............................. [RUN]
[0m00:54:57.690668 [debug] [Thread-1 (]: Re-using an available connection from the pool (formerly list_AIRFLOW_DEV, now model.dbttest.fct_reviews)
[0m00:54:57.691259 [debug] [Thread-1 (]: Began compiling node model.dbttest.fct_reviews
[0m00:54:57.719520 [debug] [Thread-1 (]: Writing injected SQL for node "model.dbttest.fct_reviews"
[0m00:54:57.724577 [debug] [Thread-1 (]: Writing injected SQL for node "model.dbttest.fct_reviews"
[0m00:54:57.725630 [debug] [Thread-1 (]: Timing info for model.dbttest.fct_reviews (compile): 00:54:57.691631 => 00:54:57.725165
[0m00:54:57.726280 [debug] [Thread-1 (]: Began executing node model.dbttest.fct_reviews
[0m00:54:57.784742 [debug] [Thread-1 (]: Using snowflake connection "model.dbttest.fct_reviews"
[0m00:54:57.785832 [debug] [Thread-1 (]: On model.dbttest.fct_reviews: /* {"app": "dbt", "dbt_version": "1.7.13", "profile_name": "dbttest", "target_name": "dev", "node_id": "model.dbttest.fct_reviews"} */
create or replace  temporary view AIRFLOW.DEV.fct_reviews__dbt_tmp
  
   as (
    -- This is a configuration block to create an incremental materialization
-- It appends the data to the reviews fact table when any new reviews come in

-- Then you define your CTE as usual
WITH  __dbt__cte__src_reviews as (
WITH raw_reviews AS(
    SELECT * FROM AIRFLOW.raw.raw_reviews
)
SELECT 
    listing_id,
    date AS review_date,
    reviewer_name,
    comments AS review_text,
    sentiment AS review_sentiment
FROM
    raw_reviews
), src_reviews AS (
    SELECT * FROM __dbt__cte__src_reviews
)
SELECT * FROM src_reviews
WHERE review_text IS NOT NULL
-- how dbt knows a record review is new or not 
-- we need to create a jinja if stmt

  and review_date > (select max(review_date) from AIRFLOW.DEV.fct_reviews)

  );
[0m00:54:57.786624 [debug] [Thread-1 (]: Opening a new connection, currently in state closed
[0m00:54:58.578452 [debug] [Thread-1 (]: SQL status: SUCCESS 1 in 1.0 seconds
[0m00:54:58.589545 [debug] [Thread-1 (]: Using snowflake connection "model.dbttest.fct_reviews"
[0m00:54:58.590006 [debug] [Thread-1 (]: On model.dbttest.fct_reviews: /* {"app": "dbt", "dbt_version": "1.7.13", "profile_name": "dbttest", "target_name": "dev", "node_id": "model.dbttest.fct_reviews"} */
describe table AIRFLOW.DEV.fct_reviews__dbt_tmp
[0m00:54:58.694058 [debug] [Thread-1 (]: SQL status: SUCCESS 5 in 0.0 seconds
[0m00:54:58.700154 [debug] [Thread-1 (]: Using snowflake connection "model.dbttest.fct_reviews"
[0m00:54:58.700851 [debug] [Thread-1 (]: On model.dbttest.fct_reviews: /* {"app": "dbt", "dbt_version": "1.7.13", "profile_name": "dbttest", "target_name": "dev", "node_id": "model.dbttest.fct_reviews"} */
describe table AIRFLOW.DEV.fct_reviews
[0m00:54:58.802835 [debug] [Thread-1 (]: SQL status: SUCCESS 5 in 0.0 seconds
[0m00:54:58.817871 [debug] [Thread-1 (]: Using snowflake connection "model.dbttest.fct_reviews"
[0m00:54:58.818387 [debug] [Thread-1 (]: On model.dbttest.fct_reviews: /* {"app": "dbt", "dbt_version": "1.7.13", "profile_name": "dbttest", "target_name": "dev", "node_id": "model.dbttest.fct_reviews"} */
describe table AIRFLOW.DEV.fct_reviews__dbt_tmp
[0m00:54:58.905108 [debug] [Thread-1 (]: SQL status: SUCCESS 5 in 0.0 seconds
[0m00:54:58.909821 [debug] [Thread-1 (]: Using snowflake connection "model.dbttest.fct_reviews"
[0m00:54:58.910488 [debug] [Thread-1 (]: On model.dbttest.fct_reviews: /* {"app": "dbt", "dbt_version": "1.7.13", "profile_name": "dbttest", "target_name": "dev", "node_id": "model.dbttest.fct_reviews"} */
describe table "AIRFLOW"."DEV"."FCT_REVIEWS"
[0m00:54:58.994708 [debug] [Thread-1 (]: SQL status: SUCCESS 5 in 0.0 seconds
[0m00:54:59.004766 [debug] [Thread-1 (]: 
    In "AIRFLOW"."DEV"."FCT_REVIEWS":
        Schema changed: False
        Source columns not in target: []
        Target columns not in source: []
        New column types: []
  
[0m00:54:59.025299 [debug] [Thread-1 (]: Writing runtime sql for node "model.dbttest.fct_reviews"
[0m00:54:59.027226 [debug] [Thread-1 (]: Using snowflake connection "model.dbttest.fct_reviews"
[0m00:54:59.027676 [debug] [Thread-1 (]: On model.dbttest.fct_reviews: /* {"app": "dbt", "dbt_version": "1.7.13", "profile_name": "dbttest", "target_name": "dev", "node_id": "model.dbttest.fct_reviews"} */
-- back compat for old kwarg name
  
  begin;
[0m00:54:59.297037 [debug] [Thread-1 (]: SQL status: SUCCESS 1 in 0.0 seconds
[0m00:54:59.297771 [debug] [Thread-1 (]: Using snowflake connection "model.dbttest.fct_reviews"
[0m00:54:59.298228 [debug] [Thread-1 (]: On model.dbttest.fct_reviews: /* {"app": "dbt", "dbt_version": "1.7.13", "profile_name": "dbttest", "target_name": "dev", "node_id": "model.dbttest.fct_reviews"} */
insert into AIRFLOW.DEV.fct_reviews ("LISTING_ID", "REVIEW_DATE", "REVIEWER_NAME", "REVIEW_TEXT", "REVIEW_SENTIMENT")
        (
            select "LISTING_ID", "REVIEW_DATE", "REVIEWER_NAME", "REVIEW_TEXT", "REVIEW_SENTIMENT"
            from AIRFLOW.DEV.fct_reviews__dbt_tmp
        );
[0m00:54:59.808250 [debug] [Thread-1 (]: SQL status: SUCCESS 1 in 1.0 seconds
[0m00:54:59.809064 [debug] [Thread-1 (]: Using snowflake connection "model.dbttest.fct_reviews"
[0m00:54:59.809654 [debug] [Thread-1 (]: On model.dbttest.fct_reviews: /* {"app": "dbt", "dbt_version": "1.7.13", "profile_name": "dbttest", "target_name": "dev", "node_id": "model.dbttest.fct_reviews"} */
COMMIT
[0m00:55:00.215594 [debug] [Thread-1 (]: SQL status: SUCCESS 1 in 0.0 seconds
[0m00:55:00.231807 [debug] [Thread-1 (]: Applying DROP to: AIRFLOW.DEV.fct_reviews__dbt_tmp
[0m00:55:00.239547 [debug] [Thread-1 (]: Using snowflake connection "model.dbttest.fct_reviews"
[0m00:55:00.240024 [debug] [Thread-1 (]: On model.dbttest.fct_reviews: /* {"app": "dbt", "dbt_version": "1.7.13", "profile_name": "dbttest", "target_name": "dev", "node_id": "model.dbttest.fct_reviews"} */
drop view if exists AIRFLOW.DEV.fct_reviews__dbt_tmp cascade
[0m00:55:00.523299 [debug] [Thread-1 (]: SQL status: SUCCESS 1 in 0.0 seconds
[0m00:55:00.544803 [debug] [Thread-1 (]: Timing info for model.dbttest.fct_reviews (execute): 00:54:57.726729 => 00:55:00.544568
[0m00:55:00.545361 [debug] [Thread-1 (]: On model.dbttest.fct_reviews: Close
[0m00:55:00.656717 [debug] [Thread-1 (]: Sending event: {'category': 'dbt', 'action': 'run_model', 'label': '5bf858cb-aa35-4069-a59f-996499018178', 'context': [<snowplow_tracker.self_describing_json.SelfDescribingJson object at 0x7feea113d950>]}
[0m00:55:00.657843 [info ] [Thread-1 (]: 1 of 1 OK created sql incremental model DEV.fct_reviews ........................ [[32mSUCCESS 1[0m in 2.97s]
[0m00:55:00.659127 [debug] [Thread-1 (]: Finished running node model.dbttest.fct_reviews
[0m00:55:00.662378 [debug] [MainThread]: Connection 'master' was properly closed.
[0m00:55:00.662803 [debug] [MainThread]: Connection 'model.dbttest.fct_reviews' was properly closed.
[0m00:55:00.663155 [info ] [MainThread]: 
[0m00:55:00.663603 [info ] [MainThread]: Finished running 1 incremental model in 0 hours 0 minutes and 4.88 seconds (4.88s).
[0m00:55:00.664473 [debug] [MainThread]: Command end result
[0m00:55:00.675022 [info ] [MainThread]: 
[0m00:55:00.676536 [info ] [MainThread]: [32mCompleted successfully[0m
[0m00:55:00.677204 [info ] [MainThread]: 
[0m00:55:00.677904 [info ] [MainThread]: Done. PASS=1 WARN=0 ERROR=0 SKIP=0 TOTAL=1
[0m00:55:00.679037 [debug] [MainThread]: Resource report: {"command_name": "run", "command_success": true, "command_wall_clock_time": 5.534462, "process_user_time": 2.950869, "process_kernel_time": 0.150554, "process_mem_max_rss": "129988", "process_out_blocks": "1960", "process_in_blocks": "0"}
[0m00:55:00.679552 [debug] [MainThread]: Command `dbt run` succeeded at 00:55:00.679414 after 5.54 seconds
[0m00:55:00.679935 [debug] [MainThread]: Sending event: {'category': 'dbt', 'action': 'invocation', 'label': 'end', 'context': [<snowplow_tracker.self_describing_json.SelfDescribingJson object at 0x7feea1ff69d0>, <snowplow_tracker.self_describing_json.SelfDescribingJson object at 0x7feea1ff6810>, <snowplow_tracker.self_describing_json.SelfDescribingJson object at 0x7feea6537b90>]}
[0m00:55:00.680454 [debug] [MainThread]: Flushing usage events
[0m00:55:04.341492 [debug] [MainThread]: Sending event: {'category': 'dbt', 'action': 'invocation', 'label': 'start', 'context': [<snowplow_tracker.self_describing_json.SelfDescribingJson object at 0x7f5ff5ade110>, <snowplow_tracker.self_describing_json.SelfDescribingJson object at 0x7f5ff5adec10>, <snowplow_tracker.self_describing_json.SelfDescribingJson object at 0x7f5ff5addb90>]}


============================== 00:55:04.345830 | 583301e1-374e-41fe-82cb-9808854441d9 ==============================
[0m00:55:04.345830 [info ] [MainThread]: Running with dbt=1.7.13
[0m00:55:04.346844 [debug] [MainThread]: running dbt with arguments {'printer_width': '80', 'indirect_selection': 'eager', 'log_cache_events': 'False', 'write_json': 'True', 'partial_parse': 'True', 'cache_selected_only': 'False', 'warn_error': 'None', 'debug': 'False', 'fail_fast': 'False', 'log_path': '/usr/local/airflow/dags/dbttest/logs', 'version_check': 'True', 'profiles_dir': '.', 'use_colors': 'True', 'use_experimental_parser': 'False', 'no_print': 'None', 'quiet': 'False', 'warn_error_options': 'WarnErrorOptions(include=[], exclude=[])', 'invocation_command': 'dbt seed --profiles-dir .', 'log_format': 'default', 'introspect': 'True', 'target_path': 'None', 'static_parser': 'True', 'send_anonymous_usage_stats': 'True'}
[0m00:55:04.704349 [debug] [MainThread]: Sending event: {'category': 'dbt', 'action': 'project_id', 'label': '583301e1-374e-41fe-82cb-9808854441d9', 'context': [<snowplow_tracker.self_describing_json.SelfDescribingJson object at 0x7f5ff4ab5350>]}
[0m00:55:04.816479 [debug] [MainThread]: Sending event: {'category': 'dbt', 'action': 'adapter_info', 'label': '583301e1-374e-41fe-82cb-9808854441d9', 'context': [<snowplow_tracker.self_describing_json.SelfDescribingJson object at 0x7f5ff4a67810>]}
[0m00:55:04.817583 [info ] [MainThread]: Registered adapter: snowflake=1.7.1
[0m00:55:04.828498 [debug] [MainThread]: checksum: 6c24e2ee36a42cedd7e5de2827d214776eb7a8e8f425f6d8acb06c31add0afef, vars: {}, profile: , target: , version: 1.7.13
[0m00:55:04.855280 [debug] [MainThread]: Partial parsing enabled: 0 files deleted, 0 files added, 0 files changed.
[0m00:55:04.855870 [debug] [MainThread]: Partial parsing enabled, no changes found, skipping parsing
[0m00:55:04.863729 [debug] [MainThread]: Sending event: {'category': 'dbt', 'action': 'load_project', 'label': '583301e1-374e-41fe-82cb-9808854441d9', 'context': [<snowplow_tracker.self_describing_json.SelfDescribingJson object at 0x7f5ff491f890>]}
[0m00:55:04.938534 [debug] [MainThread]: Sending event: {'category': 'dbt', 'action': 'resource_counts', 'label': '583301e1-374e-41fe-82cb-9808854441d9', 'context': [<snowplow_tracker.self_describing_json.SelfDescribingJson object at 0x7f5ff4c9c710>]}
[0m00:55:04.939179 [info ] [MainThread]: Found 8 models, 2 snapshots, 9 tests, 1 seed, 3 sources, 0 exposures, 0 metrics, 432 macros, 0 groups, 0 semantic models
[0m00:55:04.939646 [debug] [MainThread]: Sending event: {'category': 'dbt', 'action': 'runnable_timing', 'label': '583301e1-374e-41fe-82cb-9808854441d9', 'context': [<snowplow_tracker.self_describing_json.SelfDescribingJson object at 0x7f5ff4b0acd0>]}
[0m00:55:04.941606 [info ] [MainThread]: 
[0m00:55:04.942725 [debug] [MainThread]: Acquiring new snowflake connection 'master'
[0m00:55:04.944202 [debug] [ThreadPool]: Acquiring new snowflake connection 'list_AIRFLOW'
[0m00:55:04.958332 [debug] [ThreadPool]: Using snowflake connection "list_AIRFLOW"
[0m00:55:04.958742 [debug] [ThreadPool]: On list_AIRFLOW: /* {"app": "dbt", "dbt_version": "1.7.13", "profile_name": "dbttest", "target_name": "dev", "connection_name": "list_AIRFLOW"} */
show terse schemas in database AIRFLOW
    limit 10000
[0m00:55:04.959503 [debug] [ThreadPool]: Opening a new connection, currently in state init
[0m00:55:05.434949 [debug] [ThreadPool]: SQL status: SUCCESS 4 in 0.0 seconds
[0m00:55:05.437062 [debug] [ThreadPool]: On list_AIRFLOW: Close
[0m00:55:05.551509 [debug] [ThreadPool]: Re-using an available connection from the pool (formerly list_AIRFLOW, now list_AIRFLOW_DEV)
[0m00:55:05.563324 [debug] [ThreadPool]: Using snowflake connection "list_AIRFLOW_DEV"
[0m00:55:05.564238 [debug] [ThreadPool]: On list_AIRFLOW_DEV: /* {"app": "dbt", "dbt_version": "1.7.13", "profile_name": "dbttest", "target_name": "dev", "connection_name": "list_AIRFLOW_DEV"} */
show terse objects in AIRFLOW.DEV limit 10000
[0m00:55:05.564936 [debug] [ThreadPool]: Opening a new connection, currently in state closed
[0m00:55:05.932155 [debug] [ThreadPool]: SQL status: SUCCESS 6 in 0.0 seconds
[0m00:55:05.934059 [debug] [ThreadPool]: On list_AIRFLOW_DEV: Close
[0m00:55:08.923241 [debug] [ThreadPool]: Re-using an available connection from the pool (formerly list_AIRFLOW_DEV, now list_AIRFLOW_dev)
[0m00:55:08.928686 [debug] [ThreadPool]: Using snowflake connection "list_AIRFLOW_dev"
[0m00:55:08.929736 [debug] [ThreadPool]: On list_AIRFLOW_dev: /* {"app": "dbt", "dbt_version": "1.7.13", "profile_name": "dbttest", "target_name": "dev", "connection_name": "list_AIRFLOW_dev"} */
show terse objects in AIRFLOW.dev limit 10000
[0m00:55:08.930093 [debug] [ThreadPool]: Opening a new connection, currently in state closed
[0m00:55:09.572497 [debug] [ThreadPool]: SQL status: SUCCESS 6 in 1.0 seconds
[0m00:55:09.574615 [debug] [ThreadPool]: On list_AIRFLOW_dev: Close
[0m00:55:09.714153 [debug] [MainThread]: Sending event: {'category': 'dbt', 'action': 'runnable_timing', 'label': '583301e1-374e-41fe-82cb-9808854441d9', 'context': [<snowplow_tracker.self_describing_json.SelfDescribingJson object at 0x7f5ff4c9c710>]}
[0m00:55:09.715437 [info ] [MainThread]: Concurrency: 1 threads (target='dev')
[0m00:55:09.715999 [info ] [MainThread]: 
[0m00:55:09.718613 [debug] [Thread-1 (]: Began running node seed.dbttest.seed_full_moon_dates
[0m00:55:09.719135 [info ] [Thread-1 (]: 1 of 1 START seed file DEV.seed_full_moon_dates ................................ [RUN]
[0m00:55:09.719918 [debug] [Thread-1 (]: Re-using an available connection from the pool (formerly list_AIRFLOW_dev, now seed.dbttest.seed_full_moon_dates)
[0m00:55:09.720278 [debug] [Thread-1 (]: Began compiling node seed.dbttest.seed_full_moon_dates
[0m00:55:09.720715 [debug] [Thread-1 (]: Timing info for seed.dbttest.seed_full_moon_dates (compile): 00:55:09.720502 => 00:55:09.720505
[0m00:55:09.721074 [debug] [Thread-1 (]: Began executing node seed.dbttest.seed_full_moon_dates
[0m00:55:09.772076 [debug] [Thread-1 (]: Using snowflake connection "seed.dbttest.seed_full_moon_dates"
[0m00:55:09.773033 [debug] [Thread-1 (]: On seed.dbttest.seed_full_moon_dates: /* {"app": "dbt", "dbt_version": "1.7.13", "profile_name": "dbttest", "target_name": "dev", "node_id": "seed.dbttest.seed_full_moon_dates"} */
BEGIN
[0m00:55:09.773744 [debug] [Thread-1 (]: Opening a new connection, currently in state closed
[0m00:55:10.263512 [debug] [Thread-1 (]: SQL status: SUCCESS 1 in 0.0 seconds
[0m00:55:10.264384 [debug] [Thread-1 (]: Using snowflake connection "seed.dbttest.seed_full_moon_dates"
[0m00:55:10.265087 [debug] [Thread-1 (]: On seed.dbttest.seed_full_moon_dates: /* {"app": "dbt", "dbt_version": "1.7.13", "profile_name": "dbttest", "target_name": "dev", "node_id": "seed.dbttest.seed_full_moon_dates"} */
truncate table "AIRFLOW"."DEV"."SEED_FULL_MOON_DATES"
  ;
[0m00:55:10.660975 [debug] [Thread-1 (]: SQL status: SUCCESS 1 in 0.0 seconds
[0m00:55:10.661684 [debug] [Thread-1 (]: Using snowflake connection "seed.dbttest.seed_full_moon_dates"
[0m00:55:10.662196 [debug] [Thread-1 (]: On seed.dbttest.seed_full_moon_dates: /* {"app": "dbt", "dbt_version": "1.7.13", "profile_name": "dbttest", "target_name": "dev", "node_id": "seed.dbttest.seed_full_moon_dates"} */
COMMIT
[0m00:55:10.966328 [debug] [Thread-1 (]: SQL status: SUCCESS 1 in 0.0 seconds
[0m00:55:10.987196 [debug] [Thread-1 (]: Using snowflake connection "seed.dbttest.seed_full_moon_dates"
[0m00:55:10.987685 [debug] [Thread-1 (]: On seed.dbttest.seed_full_moon_dates: /* {"app": "dbt", "dbt_version": "1.7.13", "profile_name": "dbttest", "target_name": "dev", "node_id": "seed.dbttest.seed_full_moon_dates"} */
BEGIN
[0m00:55:11.099748 [debug] [Thread-1 (]: SQL status: SUCCESS 1 in 0.0 seconds
[0m00:55:11.103510 [debug] [Thread-1 (]: Using snowflake connection "seed.dbttest.seed_full_moon_dates"
[0m00:55:11.104245 [debug] [Thread-1 (]: On seed.dbttest.seed_full_moon_dates: /* {"app": "dbt", "dbt_version": "1.7.13", "profile_name": "dbttest", "target_name": "dev", "node_id": "seed.dbttest.seed_full_moon_dates"} */
insert into AIRFLOW.DEV.seed_full_moon_dates (full_moon_date) values
            (%s),(%s),(%s),(%s),(%s),(%s),(%s),(%s),(%s),(%s),(%s),(%s),(%s),(%s),(%s),(%s),(%s),(%s),(%s),(%s),(%s),(%s),(%s),(%s),(%s),(%s),(%s),(%s),(%s),(%s),(%s),(%s),(%s),(%s),(%s),(%s),(%s),(%s),(%s),(%s),(%s),(%s),(%s),(%s),(%s),(%s),(%s),(%s),(%s),(%s),(%s),(%s),(%s),(%s),(%s),(%s),(%s),(%s...
[0m00:55:12.612820 [debug] [Thread-1 (]: SQL status: SUCCESS 272 in 2.0 seconds
[0m00:55:12.613714 [debug] [Thread-1 (]: Using snowflake connection "seed.dbttest.seed_full_moon_dates"
[0m00:55:12.614240 [debug] [Thread-1 (]: On seed.dbttest.seed_full_moon_dates: /* {"app": "dbt", "dbt_version": "1.7.13", "profile_name": "dbttest", "target_name": "dev", "node_id": "seed.dbttest.seed_full_moon_dates"} */
COMMIT
[0m00:55:13.015771 [debug] [Thread-1 (]: SQL status: SUCCESS 1 in 0.0 seconds
[0m00:55:13.022675 [debug] [Thread-1 (]: Writing runtime SQL for node "seed.dbttest.seed_full_moon_dates"
[0m00:55:13.041828 [debug] [Thread-1 (]: Timing info for seed.dbttest.seed_full_moon_dates (execute): 00:55:09.721286 => 00:55:13.041612
[0m00:55:13.042406 [debug] [Thread-1 (]: On seed.dbttest.seed_full_moon_dates: Close
[0m00:55:13.167474 [debug] [Thread-1 (]: Sending event: {'category': 'dbt', 'action': 'run_model', 'label': '583301e1-374e-41fe-82cb-9808854441d9', 'context': [<snowplow_tracker.self_describing_json.SelfDescribingJson object at 0x7f5ff4677c90>]}
[0m00:55:13.168633 [info ] [Thread-1 (]: 1 of 1 OK loaded seed file DEV.seed_full_moon_dates ............................ [[32mINSERT 272[0m in 3.45s]
[0m00:55:13.169664 [debug] [Thread-1 (]: Finished running node seed.dbttest.seed_full_moon_dates
[0m00:55:13.173890 [debug] [MainThread]: Connection 'master' was properly closed.
[0m00:55:13.174725 [debug] [MainThread]: Connection 'seed.dbttest.seed_full_moon_dates' was properly closed.
[0m00:55:13.175469 [info ] [MainThread]: 
[0m00:55:13.176121 [info ] [MainThread]: Finished running 1 seed in 0 hours 0 minutes and 8.23 seconds (8.23s).
[0m00:55:13.177251 [debug] [MainThread]: Command end result
[0m00:55:13.189435 [info ] [MainThread]: 
[0m00:55:13.190132 [info ] [MainThread]: [32mCompleted successfully[0m
[0m00:55:13.190499 [info ] [MainThread]: 
[0m00:55:13.190960 [info ] [MainThread]: Done. PASS=1 WARN=0 ERROR=0 SKIP=0 TOTAL=1
[0m00:55:13.191949 [debug] [MainThread]: Resource report: {"command_name": "seed", "command_success": true, "command_wall_clock_time": 8.890903, "process_user_time": 2.868301, "process_kernel_time": 0.169899, "process_mem_max_rss": "128948", "process_out_blocks": "1920", "process_in_blocks": "0"}
[0m00:55:13.192570 [debug] [MainThread]: Command `dbt seed` succeeded at 00:55:13.192396 after 8.89 seconds
[0m00:55:13.193251 [debug] [MainThread]: Sending event: {'category': 'dbt', 'action': 'invocation', 'label': 'end', 'context': [<snowplow_tracker.self_describing_json.SelfDescribingJson object at 0x7f5ff5b20750>, <snowplow_tracker.self_describing_json.SelfDescribingJson object at 0x7f5ff5b22f10>, <snowplow_tracker.self_describing_json.SelfDescribingJson object at 0x7f5ff9ecf810>]}
[0m00:55:13.193727 [debug] [MainThread]: Flushing usage events
[0m00:55:16.737691 [debug] [MainThread]: Sending event: {'category': 'dbt', 'action': 'invocation', 'label': 'start', 'context': [<snowplow_tracker.self_describing_json.SelfDescribingJson object at 0x7f7a5ff9b7d0>, <snowplow_tracker.self_describing_json.SelfDescribingJson object at 0x7f7a5ff9b950>, <snowplow_tracker.self_describing_json.SelfDescribingJson object at 0x7f7a5fdfab10>]}


============================== 00:55:16.740465 | c89058ec-ccfd-4f2b-a62b-799aec0144a4 ==============================
[0m00:55:16.740465 [info ] [MainThread]: Running with dbt=1.7.13
[0m00:55:16.741043 [debug] [MainThread]: running dbt with arguments {'printer_width': '80', 'indirect_selection': 'eager', 'log_cache_events': 'False', 'write_json': 'True', 'partial_parse': 'True', 'cache_selected_only': 'False', 'warn_error': 'None', 'version_check': 'True', 'fail_fast': 'False', 'log_path': '/usr/local/airflow/dags/dbttest/logs', 'debug': 'False', 'profiles_dir': '.', 'use_colors': 'True', 'use_experimental_parser': 'False', 'no_print': 'None', 'quiet': 'False', 'log_format': 'default', 'invocation_command': 'dbt run --models mart.* --profiles-dir .', 'introspect': 'True', 'static_parser': 'True', 'target_path': 'None', 'warn_error_options': 'WarnErrorOptions(include=[], exclude=[])', 'send_anonymous_usage_stats': 'True'}
[0m00:55:17.101961 [debug] [MainThread]: Sending event: {'category': 'dbt', 'action': 'project_id', 'label': 'c89058ec-ccfd-4f2b-a62b-799aec0144a4', 'context': [<snowplow_tracker.self_describing_json.SelfDescribingJson object at 0x7f7a5fe01210>]}
[0m00:55:17.194366 [debug] [MainThread]: Sending event: {'category': 'dbt', 'action': 'adapter_info', 'label': 'c89058ec-ccfd-4f2b-a62b-799aec0144a4', 'context': [<snowplow_tracker.self_describing_json.SelfDescribingJson object at 0x7f7a5fe01210>]}
[0m00:55:17.195270 [info ] [MainThread]: Registered adapter: snowflake=1.7.1
[0m00:55:17.203363 [debug] [MainThread]: checksum: 6c24e2ee36a42cedd7e5de2827d214776eb7a8e8f425f6d8acb06c31add0afef, vars: {}, profile: , target: , version: 1.7.13
[0m00:55:17.231075 [debug] [MainThread]: Partial parsing enabled: 0 files deleted, 0 files added, 0 files changed.
[0m00:55:17.231777 [debug] [MainThread]: Partial parsing enabled, no changes found, skipping parsing
[0m00:55:17.239764 [debug] [MainThread]: Sending event: {'category': 'dbt', 'action': 'load_project', 'label': 'c89058ec-ccfd-4f2b-a62b-799aec0144a4', 'context': [<snowplow_tracker.self_describing_json.SelfDescribingJson object at 0x7f7a5eba2f10>]}
[0m00:55:17.316258 [debug] [MainThread]: Sending event: {'category': 'dbt', 'action': 'resource_counts', 'label': 'c89058ec-ccfd-4f2b-a62b-799aec0144a4', 'context': [<snowplow_tracker.self_describing_json.SelfDescribingJson object at 0x7f7a5ef43990>]}
[0m00:55:17.316890 [info ] [MainThread]: Found 8 models, 2 snapshots, 9 tests, 1 seed, 3 sources, 0 exposures, 0 metrics, 432 macros, 0 groups, 0 semantic models
[0m00:55:17.317302 [debug] [MainThread]: Sending event: {'category': 'dbt', 'action': 'runnable_timing', 'label': 'c89058ec-ccfd-4f2b-a62b-799aec0144a4', 'context': [<snowplow_tracker.self_describing_json.SelfDescribingJson object at 0x7f7a5ef85710>]}
[0m00:55:17.319032 [info ] [MainThread]: 
[0m00:55:17.319939 [debug] [MainThread]: Acquiring new snowflake connection 'master'
[0m00:55:17.321355 [debug] [ThreadPool]: Acquiring new snowflake connection 'list_AIRFLOW'
[0m00:55:17.335717 [debug] [ThreadPool]: Using snowflake connection "list_AIRFLOW"
[0m00:55:17.336183 [debug] [ThreadPool]: On list_AIRFLOW: /* {"app": "dbt", "dbt_version": "1.7.13", "profile_name": "dbttest", "target_name": "dev", "connection_name": "list_AIRFLOW"} */
show terse schemas in database AIRFLOW
    limit 10000
[0m00:55:17.336514 [debug] [ThreadPool]: Opening a new connection, currently in state init
[0m00:55:17.943763 [debug] [ThreadPool]: SQL status: SUCCESS 4 in 1.0 seconds
[0m00:55:17.945459 [debug] [ThreadPool]: On list_AIRFLOW: Close
[0m00:55:18.062090 [debug] [ThreadPool]: Re-using an available connection from the pool (formerly list_AIRFLOW, now list_AIRFLOW_dev)
[0m00:55:18.072407 [debug] [ThreadPool]: Using snowflake connection "list_AIRFLOW_dev"
[0m00:55:18.072878 [debug] [ThreadPool]: On list_AIRFLOW_dev: /* {"app": "dbt", "dbt_version": "1.7.13", "profile_name": "dbttest", "target_name": "dev", "connection_name": "list_AIRFLOW_dev"} */
show terse objects in AIRFLOW.dev limit 10000
[0m00:55:18.073205 [debug] [ThreadPool]: Opening a new connection, currently in state closed
[0m00:55:23.970641 [debug] [ThreadPool]: SQL status: SUCCESS 6 in 6.0 seconds
[0m00:55:23.974305 [debug] [ThreadPool]: On list_AIRFLOW_dev: Close
[0m00:55:24.157638 [debug] [ThreadPool]: Re-using an available connection from the pool (formerly list_AIRFLOW_dev, now list_AIRFLOW_DEV)
[0m00:55:24.161656 [debug] [ThreadPool]: Using snowflake connection "list_AIRFLOW_DEV"
[0m00:55:24.162326 [debug] [ThreadPool]: On list_AIRFLOW_DEV: /* {"app": "dbt", "dbt_version": "1.7.13", "profile_name": "dbttest", "target_name": "dev", "connection_name": "list_AIRFLOW_DEV"} */
show terse objects in AIRFLOW.DEV limit 10000
[0m00:55:24.162686 [debug] [ThreadPool]: Opening a new connection, currently in state closed
[0m00:55:24.516485 [debug] [ThreadPool]: SQL status: SUCCESS 6 in 0.0 seconds
[0m00:55:24.518950 [debug] [ThreadPool]: On list_AIRFLOW_DEV: Close
[0m00:55:24.628459 [debug] [MainThread]: Sending event: {'category': 'dbt', 'action': 'runnable_timing', 'label': 'c89058ec-ccfd-4f2b-a62b-799aec0144a4', 'context': [<snowplow_tracker.self_describing_json.SelfDescribingJson object at 0x7f7a5ec16cd0>]}
[0m00:55:24.629755 [info ] [MainThread]: Concurrency: 1 threads (target='dev')
[0m00:55:24.630250 [info ] [MainThread]: 
[0m00:55:24.633968 [debug] [Thread-1 (]: Began running node model.dbttest.mart_full_moon_reviews
[0m00:55:24.634559 [info ] [Thread-1 (]: 1 of 1 START sql table model DEV.mart_full_moon_reviews ........................ [RUN]
[0m00:55:24.635764 [debug] [Thread-1 (]: Re-using an available connection from the pool (formerly list_AIRFLOW_DEV, now model.dbttest.mart_full_moon_reviews)
[0m00:55:24.636370 [debug] [Thread-1 (]: Began compiling node model.dbttest.mart_full_moon_reviews
[0m00:55:24.644658 [debug] [Thread-1 (]: Writing injected SQL for node "model.dbttest.mart_full_moon_reviews"
[0m00:55:24.645652 [debug] [Thread-1 (]: Timing info for model.dbttest.mart_full_moon_reviews (compile): 00:55:24.636657 => 00:55:24.645287
[0m00:55:24.646194 [debug] [Thread-1 (]: Began executing node model.dbttest.mart_full_moon_reviews
[0m00:55:24.682554 [debug] [Thread-1 (]: Writing runtime sql for node "model.dbttest.mart_full_moon_reviews"
[0m00:55:24.683873 [debug] [Thread-1 (]: Using snowflake connection "model.dbttest.mart_full_moon_reviews"
[0m00:55:24.684410 [debug] [Thread-1 (]: On model.dbttest.mart_full_moon_reviews: /* {"app": "dbt", "dbt_version": "1.7.13", "profile_name": "dbttest", "target_name": "dev", "node_id": "model.dbttest.mart_full_moon_reviews"} */
create or replace transient table AIRFLOW.DEV.mart_full_moon_reviews
         as
        (

WITH fct_reviews AS (
    SELECT * FROM AIRFLOW.DEV.fct_reviews
),
full_moon_dates AS (
    SELECT * FROM AIRFLOW.DEV.seed_full_moon_dates
)

SELECT
    r.*,
    CASE
        WHEN fm.full_moon_date IS NULL THEN 'not full moon'
        ELSE 'full moon'
    END AS is_full_moon
FROM
    fct_reviews r 
    LEFT JOIN full_moon_dates fm 
    ON (TO_DATE(r.review_date)= DATEADD(DAY,1,fm.full_moon_date))
        );
[0m00:55:24.685404 [debug] [Thread-1 (]: Opening a new connection, currently in state closed
[0m00:55:28.572970 [debug] [Thread-1 (]: SQL status: SUCCESS 1 in 4.0 seconds
[0m00:55:28.595869 [debug] [Thread-1 (]: Timing info for model.dbttest.mart_full_moon_reviews (execute): 00:55:24.646466 => 00:55:28.595481
[0m00:55:28.596346 [debug] [Thread-1 (]: On model.dbttest.mart_full_moon_reviews: Close
[0m00:55:28.763433 [debug] [Thread-1 (]: Sending event: {'category': 'dbt', 'action': 'run_model', 'label': 'c89058ec-ccfd-4f2b-a62b-799aec0144a4', 'context': [<snowplow_tracker.self_describing_json.SelfDescribingJson object at 0x7f7a5ecf8b10>]}
[0m00:55:28.764257 [info ] [Thread-1 (]: 1 of 1 OK created sql table model DEV.mart_full_moon_reviews ................... [[32mSUCCESS 1[0m in 4.13s]
[0m00:55:28.765087 [debug] [Thread-1 (]: Finished running node model.dbttest.mart_full_moon_reviews
[0m00:55:28.768301 [debug] [MainThread]: Connection 'master' was properly closed.
[0m00:55:28.768808 [debug] [MainThread]: Connection 'model.dbttest.mart_full_moon_reviews' was properly closed.
[0m00:55:28.769441 [info ] [MainThread]: 
[0m00:55:28.770097 [info ] [MainThread]: Finished running 1 table model in 0 hours 0 minutes and 11.45 seconds (11.45s).
[0m00:55:28.771047 [debug] [MainThread]: Command end result
[0m00:55:28.783798 [info ] [MainThread]: 
[0m00:55:28.784384 [info ] [MainThread]: [32mCompleted successfully[0m
[0m00:55:28.784792 [info ] [MainThread]: 
[0m00:55:28.785379 [info ] [MainThread]: Done. PASS=1 WARN=0 ERROR=0 SKIP=0 TOTAL=1
[0m00:55:28.786535 [debug] [MainThread]: Resource report: {"command_name": "run", "command_success": true, "command_wall_clock_time": 12.098561, "process_user_time": 2.829526, "process_kernel_time": 0.120186, "process_mem_max_rss": "128508", "process_out_blocks": "1936", "process_in_blocks": "0"}
[0m00:55:28.787081 [debug] [MainThread]: Command `dbt run` succeeded at 00:55:28.786960 after 12.10 seconds
[0m00:55:28.787474 [debug] [MainThread]: Sending event: {'category': 'dbt', 'action': 'invocation', 'label': 'end', 'context': [<snowplow_tracker.self_describing_json.SelfDescribingJson object at 0x7f7a641bf750>, <snowplow_tracker.self_describing_json.SelfDescribingJson object at 0x7f7a5ffb6510>, <snowplow_tracker.self_describing_json.SelfDescribingJson object at 0x7f7a64323090>]}
[0m00:55:28.787847 [debug] [MainThread]: Flushing usage events
[0m17:02:05.163793 [debug] [MainThread]: Sending event: {'category': 'dbt', 'action': 'invocation', 'label': 'start', 'context': [<snowplow_tracker.self_describing_json.SelfDescribingJson object at 0x7fe157e9f2d0>, <snowplow_tracker.self_describing_json.SelfDescribingJson object at 0x7fe158158310>, <snowplow_tracker.self_describing_json.SelfDescribingJson object at 0x7fe157ce3b10>]}


============================== 17:02:05.169546 | b15be2e7-5175-46ea-a44b-ffb64a00f789 ==============================
[0m17:02:05.169546 [info ] [MainThread]: Running with dbt=1.7.13
[0m17:02:05.170236 [debug] [MainThread]: running dbt with arguments {'printer_width': '80', 'indirect_selection': 'eager', 'write_json': 'True', 'log_cache_events': 'False', 'partial_parse': 'True', 'cache_selected_only': 'False', 'warn_error': 'None', 'version_check': 'True', 'fail_fast': 'False', 'log_path': '/usr/local/airflow/dags/dbttest/logs', 'profiles_dir': '.', 'debug': 'False', 'use_colors': 'True', 'use_experimental_parser': 'False', 'no_print': 'None', 'quiet': 'False', 'log_format': 'default', 'introspect': 'True', 'warn_error_options': 'WarnErrorOptions(include=[], exclude=[])', 'static_parser': 'True', 'target_path': 'None', 'invocation_command': 'dbt run --full-refresh --models src.* --profiles-dir .', 'send_anonymous_usage_stats': 'True'}
[0m17:02:05.797276 [debug] [MainThread]: Sending event: {'category': 'dbt', 'action': 'project_id', 'label': 'b15be2e7-5175-46ea-a44b-ffb64a00f789', 'context': [<snowplow_tracker.self_describing_json.SelfDescribingJson object at 0x7fe156e64210>]}
[0m17:02:05.905916 [debug] [MainThread]: Sending event: {'category': 'dbt', 'action': 'adapter_info', 'label': 'b15be2e7-5175-46ea-a44b-ffb64a00f789', 'context': [<snowplow_tracker.self_describing_json.SelfDescribingJson object at 0x7fe156e4df50>]}
[0m17:02:05.907390 [info ] [MainThread]: Registered adapter: snowflake=1.7.1
[0m17:02:05.922354 [debug] [MainThread]: checksum: 6c24e2ee36a42cedd7e5de2827d214776eb7a8e8f425f6d8acb06c31add0afef, vars: {}, profile: , target: , version: 1.7.13
[0m17:02:05.987964 [debug] [MainThread]: Partial parsing enabled: 0 files deleted, 0 files added, 0 files changed.
[0m17:02:05.988578 [debug] [MainThread]: Partial parsing enabled, no changes found, skipping parsing
[0m17:02:05.996575 [debug] [MainThread]: Sending event: {'category': 'dbt', 'action': 'load_project', 'label': 'b15be2e7-5175-46ea-a44b-ffb64a00f789', 'context': [<snowplow_tracker.self_describing_json.SelfDescribingJson object at 0x7fe156a4c250>]}
[0m17:02:06.106365 [debug] [MainThread]: Sending event: {'category': 'dbt', 'action': 'resource_counts', 'label': 'b15be2e7-5175-46ea-a44b-ffb64a00f789', 'context': [<snowplow_tracker.self_describing_json.SelfDescribingJson object at 0x7fe156af0050>]}
[0m17:02:06.107344 [info ] [MainThread]: Found 8 models, 2 snapshots, 9 tests, 1 seed, 3 sources, 0 exposures, 0 metrics, 432 macros, 0 groups, 0 semantic models
[0m17:02:06.108277 [debug] [MainThread]: Sending event: {'category': 'dbt', 'action': 'runnable_timing', 'label': 'b15be2e7-5175-46ea-a44b-ffb64a00f789', 'context': [<snowplow_tracker.self_describing_json.SelfDescribingJson object at 0x7fe156d1dd90>]}
[0m17:02:06.112110 [info ] [MainThread]: 
[0m17:02:06.113688 [debug] [MainThread]: Acquiring new snowflake connection 'master'
[0m17:02:06.116427 [debug] [ThreadPool]: Acquiring new snowflake connection 'list_AIRFLOW_dev'
[0m17:02:06.141754 [debug] [ThreadPool]: Using snowflake connection "list_AIRFLOW_dev"
[0m17:02:06.142327 [debug] [ThreadPool]: On list_AIRFLOW_dev: /* {"app": "dbt", "dbt_version": "1.7.13", "profile_name": "dbttest", "target_name": "dev", "connection_name": "list_AIRFLOW_dev"} */
show terse objects in AIRFLOW.dev limit 10000
[0m17:02:06.142806 [debug] [ThreadPool]: Opening a new connection, currently in state init
[0m17:02:09.730784 [debug] [ThreadPool]: SQL status: SUCCESS 6 in 4.0 seconds
[0m17:02:09.732907 [debug] [ThreadPool]: On list_AIRFLOW_dev: Close
[0m17:02:09.908071 [debug] [ThreadPool]: Re-using an available connection from the pool (formerly list_AIRFLOW_dev, now list_AIRFLOW_DEV)
[0m17:02:09.912478 [debug] [ThreadPool]: Using snowflake connection "list_AIRFLOW_DEV"
[0m17:02:09.913162 [debug] [ThreadPool]: On list_AIRFLOW_DEV: /* {"app": "dbt", "dbt_version": "1.7.13", "profile_name": "dbttest", "target_name": "dev", "connection_name": "list_AIRFLOW_DEV"} */
show terse objects in AIRFLOW.DEV limit 10000
[0m17:02:09.913588 [debug] [ThreadPool]: Opening a new connection, currently in state closed
[0m17:02:23.512167 [debug] [ThreadPool]: SQL status: SUCCESS 6 in 14.0 seconds
[0m17:02:23.521398 [debug] [ThreadPool]: On list_AIRFLOW_DEV: Close
[0m17:02:23.719873 [debug] [MainThread]: Sending event: {'category': 'dbt', 'action': 'runnable_timing', 'label': 'b15be2e7-5175-46ea-a44b-ffb64a00f789', 'context': [<snowplow_tracker.self_describing_json.SelfDescribingJson object at 0x7fe156c10450>]}
[0m17:02:23.721388 [info ] [MainThread]: Concurrency: 1 threads (target='dev')
[0m17:02:23.721868 [info ] [MainThread]: 
[0m17:02:23.726022 [debug] [Thread-1 (]: Began running node model.dbttest.src_hosts
[0m17:02:23.727174 [debug] [Thread-1 (]: Re-using an available connection from the pool (formerly list_AIRFLOW_DEV, now model.dbttest.src_hosts)
[0m17:02:23.727669 [debug] [Thread-1 (]: Began compiling node model.dbttest.src_hosts
[0m17:02:23.740249 [debug] [Thread-1 (]: Writing injected SQL for node "model.dbttest.src_hosts"
[0m17:02:23.741459 [debug] [Thread-1 (]: Timing info for model.dbttest.src_hosts (compile): 17:02:23.727984 => 17:02:23.741142
[0m17:02:23.742639 [debug] [Thread-1 (]: Finished running node model.dbttest.src_hosts
[0m17:02:23.743199 [debug] [Thread-1 (]: Began running node model.dbttest.src_listings
[0m17:02:23.744196 [debug] [Thread-1 (]: Re-using an available connection from the pool (formerly model.dbttest.src_hosts, now model.dbttest.src_listings)
[0m17:02:23.744609 [debug] [Thread-1 (]: Began compiling node model.dbttest.src_listings
[0m17:02:23.748097 [debug] [Thread-1 (]: Writing injected SQL for node "model.dbttest.src_listings"
[0m17:02:23.748800 [debug] [Thread-1 (]: Timing info for model.dbttest.src_listings (compile): 17:02:23.744849 => 17:02:23.748566
[0m17:02:23.749741 [debug] [Thread-1 (]: Finished running node model.dbttest.src_listings
[0m17:02:23.750345 [debug] [Thread-1 (]: Began running node model.dbttest.src_reviews
[0m17:02:23.752252 [debug] [Thread-1 (]: Re-using an available connection from the pool (formerly model.dbttest.src_listings, now model.dbttest.src_reviews)
[0m17:02:23.753168 [debug] [Thread-1 (]: Began compiling node model.dbttest.src_reviews
[0m17:02:23.758242 [debug] [Thread-1 (]: Writing injected SQL for node "model.dbttest.src_reviews"
[0m17:02:23.759185 [debug] [Thread-1 (]: Timing info for model.dbttest.src_reviews (compile): 17:02:23.753615 => 17:02:23.758904
[0m17:02:23.760396 [debug] [Thread-1 (]: Finished running node model.dbttest.src_reviews
[0m17:02:23.763557 [debug] [MainThread]: Connection 'master' was properly closed.
[0m17:02:23.764047 [debug] [MainThread]: Connection 'model.dbttest.src_reviews' was properly closed.
[0m17:02:23.764443 [info ] [MainThread]: 
[0m17:02:23.764896 [info ] [MainThread]: Finished running  in 0 hours 0 minutes and 17.65 seconds (17.65s).
[0m17:02:23.765478 [debug] [MainThread]: Command end result
[0m17:02:23.782876 [debug] [MainThread]: Resource report: {"command_name": "run", "command_success": true, "command_wall_clock_time": 18.675348, "process_user_time": 3.958757, "process_kernel_time": 1.057683, "process_mem_max_rss": "129184", "process_in_blocks": "14088", "process_out_blocks": "2784"}
[0m17:02:23.784083 [debug] [MainThread]: Command `dbt run` succeeded at 17:02:23.783783 after 18.68 seconds
[0m17:02:23.784851 [debug] [MainThread]: Sending event: {'category': 'dbt', 'action': 'invocation', 'label': 'end', 'context': [<snowplow_tracker.self_describing_json.SelfDescribingJson object at 0x7fe157e9a210>, <snowplow_tracker.self_describing_json.SelfDescribingJson object at 0x7fe158a7a490>, <snowplow_tracker.self_describing_json.SelfDescribingJson object at 0x7fe158a79d90>]}
[0m17:02:23.785480 [debug] [MainThread]: Flushing usage events
[0m17:02:28.220267 [debug] [MainThread]: Sending event: {'category': 'dbt', 'action': 'invocation', 'label': 'start', 'context': [<snowplow_tracker.self_describing_json.SelfDescribingJson object at 0x7f264db97a10>, <snowplow_tracker.self_describing_json.SelfDescribingJson object at 0x7f264ee9c4d0>, <snowplow_tracker.self_describing_json.SelfDescribingJson object at 0x7f264dbcab10>]}


============================== 17:02:28.223267 | d6506e8e-3b75-45c3-a942-82157730e0d7 ==============================
[0m17:02:28.223267 [info ] [MainThread]: Running with dbt=1.7.13
[0m17:02:28.223889 [debug] [MainThread]: running dbt with arguments {'printer_width': '80', 'indirect_selection': 'eager', 'write_json': 'True', 'log_cache_events': 'False', 'partial_parse': 'True', 'cache_selected_only': 'False', 'profiles_dir': '.', 'debug': 'False', 'version_check': 'True', 'log_path': '/usr/local/airflow/dags/dbttest/logs', 'fail_fast': 'False', 'warn_error': 'None', 'use_colors': 'True', 'use_experimental_parser': 'False', 'no_print': 'None', 'quiet': 'False', 'warn_error_options': 'WarnErrorOptions(include=[], exclude=[])', 'invocation_command': 'dbt run --full-refresh --models dim.* --profiles-dir .', 'introspect': 'True', 'log_format': 'default', 'target_path': 'None', 'static_parser': 'True', 'send_anonymous_usage_stats': 'True'}
[0m17:02:28.642831 [debug] [MainThread]: Sending event: {'category': 'dbt', 'action': 'project_id', 'label': 'd6506e8e-3b75-45c3-a942-82157730e0d7', 'context': [<snowplow_tracker.self_describing_json.SelfDescribingJson object at 0x7f264cbae750>]}
[0m17:02:28.794824 [debug] [MainThread]: Sending event: {'category': 'dbt', 'action': 'adapter_info', 'label': 'd6506e8e-3b75-45c3-a942-82157730e0d7', 'context': [<snowplow_tracker.self_describing_json.SelfDescribingJson object at 0x7f264cbb9610>]}
[0m17:02:28.796046 [info ] [MainThread]: Registered adapter: snowflake=1.7.1
[0m17:02:28.807925 [debug] [MainThread]: checksum: 6c24e2ee36a42cedd7e5de2827d214776eb7a8e8f425f6d8acb06c31add0afef, vars: {}, profile: , target: , version: 1.7.13
[0m17:02:28.842452 [debug] [MainThread]: Partial parsing enabled: 0 files deleted, 0 files added, 0 files changed.
[0m17:02:28.843170 [debug] [MainThread]: Partial parsing enabled, no changes found, skipping parsing
[0m17:02:28.852181 [debug] [MainThread]: Sending event: {'category': 'dbt', 'action': 'load_project', 'label': 'd6506e8e-3b75-45c3-a942-82157730e0d7', 'context': [<snowplow_tracker.self_describing_json.SelfDescribingJson object at 0x7f264c96add0>]}
[0m17:02:28.931136 [debug] [MainThread]: Sending event: {'category': 'dbt', 'action': 'resource_counts', 'label': 'd6506e8e-3b75-45c3-a942-82157730e0d7', 'context': [<snowplow_tracker.self_describing_json.SelfDescribingJson object at 0x7f264ccd4910>]}
[0m17:02:28.931779 [info ] [MainThread]: Found 8 models, 2 snapshots, 9 tests, 1 seed, 3 sources, 0 exposures, 0 metrics, 432 macros, 0 groups, 0 semantic models
[0m17:02:28.932260 [debug] [MainThread]: Sending event: {'category': 'dbt', 'action': 'runnable_timing', 'label': 'd6506e8e-3b75-45c3-a942-82157730e0d7', 'context': [<snowplow_tracker.self_describing_json.SelfDescribingJson object at 0x7f264dbf03d0>]}
[0m17:02:28.934822 [info ] [MainThread]: 
[0m17:02:28.936245 [debug] [MainThread]: Acquiring new snowflake connection 'master'
[0m17:02:28.938204 [debug] [ThreadPool]: Acquiring new snowflake connection 'list_AIRFLOW'
[0m17:02:28.955250 [debug] [ThreadPool]: Using snowflake connection "list_AIRFLOW"
[0m17:02:28.955801 [debug] [ThreadPool]: On list_AIRFLOW: /* {"app": "dbt", "dbt_version": "1.7.13", "profile_name": "dbttest", "target_name": "dev", "connection_name": "list_AIRFLOW"} */
show terse schemas in database AIRFLOW
    limit 10000
[0m17:02:28.956220 [debug] [ThreadPool]: Opening a new connection, currently in state init
[0m17:02:29.655947 [debug] [ThreadPool]: SQL status: SUCCESS 4 in 1.0 seconds
[0m17:02:29.658468 [debug] [ThreadPool]: On list_AIRFLOW: Close
[0m17:02:29.830422 [debug] [ThreadPool]: Re-using an available connection from the pool (formerly list_AIRFLOW, now list_AIRFLOW_DEV)
[0m17:02:29.840615 [debug] [ThreadPool]: Using snowflake connection "list_AIRFLOW_DEV"
[0m17:02:29.841126 [debug] [ThreadPool]: On list_AIRFLOW_DEV: /* {"app": "dbt", "dbt_version": "1.7.13", "profile_name": "dbttest", "target_name": "dev", "connection_name": "list_AIRFLOW_DEV"} */
show terse objects in AIRFLOW.DEV limit 10000
[0m17:02:29.841464 [debug] [ThreadPool]: Opening a new connection, currently in state closed
[0m17:02:33.047720 [debug] [ThreadPool]: SQL status: SUCCESS 6 in 3.0 seconds
[0m17:02:33.049555 [debug] [ThreadPool]: On list_AIRFLOW_DEV: Close
[0m17:02:33.167161 [debug] [ThreadPool]: Re-using an available connection from the pool (formerly list_AIRFLOW_DEV, now list_AIRFLOW_dev)
[0m17:02:33.171038 [debug] [ThreadPool]: Using snowflake connection "list_AIRFLOW_dev"
[0m17:02:33.171833 [debug] [ThreadPool]: On list_AIRFLOW_dev: /* {"app": "dbt", "dbt_version": "1.7.13", "profile_name": "dbttest", "target_name": "dev", "connection_name": "list_AIRFLOW_dev"} */
show terse objects in AIRFLOW.dev limit 10000
[0m17:02:33.172140 [debug] [ThreadPool]: Opening a new connection, currently in state closed
[0m17:02:33.918273 [debug] [ThreadPool]: SQL status: SUCCESS 6 in 1.0 seconds
[0m17:02:33.920111 [debug] [ThreadPool]: On list_AIRFLOW_dev: Close
[0m17:02:36.472719 [debug] [MainThread]: Sending event: {'category': 'dbt', 'action': 'runnable_timing', 'label': 'd6506e8e-3b75-45c3-a942-82157730e0d7', 'context': [<snowplow_tracker.self_describing_json.SelfDescribingJson object at 0x7f264ca0fed0>]}
[0m17:02:36.473660 [info ] [MainThread]: Concurrency: 1 threads (target='dev')
[0m17:02:36.474096 [info ] [MainThread]: 
[0m17:02:36.476132 [debug] [Thread-1 (]: Began running node model.dbttest.dim_hosts_cleansed
[0m17:02:36.476633 [info ] [Thread-1 (]: 1 of 3 START sql view model DEV.dim_hosts_cleansed ............................. [RUN]
[0m17:02:36.477347 [debug] [Thread-1 (]: Re-using an available connection from the pool (formerly list_AIRFLOW_dev, now model.dbttest.dim_hosts_cleansed)
[0m17:02:36.477665 [debug] [Thread-1 (]: Began compiling node model.dbttest.dim_hosts_cleansed
[0m17:02:36.487574 [debug] [Thread-1 (]: Writing injected SQL for node "model.dbttest.dim_hosts_cleansed"
[0m17:02:36.490121 [debug] [Thread-1 (]: Writing injected SQL for node "model.dbttest.dim_hosts_cleansed"
[0m17:02:36.490772 [debug] [Thread-1 (]: Timing info for model.dbttest.dim_hosts_cleansed (compile): 17:02:36.477855 => 17:02:36.490531
[0m17:02:36.491152 [debug] [Thread-1 (]: Began executing node model.dbttest.dim_hosts_cleansed
[0m17:02:36.520901 [debug] [Thread-1 (]: Writing runtime sql for node "model.dbttest.dim_hosts_cleansed"
[0m17:02:36.522282 [debug] [Thread-1 (]: Using snowflake connection "model.dbttest.dim_hosts_cleansed"
[0m17:02:36.522738 [debug] [Thread-1 (]: On model.dbttest.dim_hosts_cleansed: /* {"app": "dbt", "dbt_version": "1.7.13", "profile_name": "dbttest", "target_name": "dev", "node_id": "model.dbttest.dim_hosts_cleansed"} */
create or replace   view AIRFLOW.DEV.dim_hosts_cleansed
  
   as (
    

WITH  __dbt__cte__src_hosts as (
WITH raw_hosts AS (
    SELECT * FROM AIRFLOW.raw.raw_hosts
)
SELECT 
    id AS host_id,
    name AS host_name,
    is_superhost,
    created_at,
    updated_at
FROM 
    raw_hosts
), src_hosts AS (
    SELECT * FROM __dbt__cte__src_hosts
)
SELECT 
    host_id,
    NVL( host_name, 'Anonymous') AS host_name, -- similar to below
    
    is_superhost,
    created_at,
    updated_at
FROM
    src_hosts
  );
[0m17:02:36.523078 [debug] [Thread-1 (]: Opening a new connection, currently in state closed
[0m17:02:37.524782 [debug] [Thread-1 (]: SQL status: SUCCESS 1 in 1.0 seconds
[0m17:02:37.552533 [debug] [Thread-1 (]: Timing info for model.dbttest.dim_hosts_cleansed (execute): 17:02:36.491382 => 17:02:37.552302
[0m17:02:37.553179 [debug] [Thread-1 (]: On model.dbttest.dim_hosts_cleansed: Close
[0m17:02:38.299513 [debug] [Thread-1 (]: Sending event: {'category': 'dbt', 'action': 'run_model', 'label': 'd6506e8e-3b75-45c3-a942-82157730e0d7', 'context': [<snowplow_tracker.self_describing_json.SelfDescribingJson object at 0x7f264c916d10>]}
[0m17:02:38.300243 [info ] [Thread-1 (]: 1 of 3 OK created sql view model DEV.dim_hosts_cleansed ........................ [[32mSUCCESS 1[0m in 1.82s]
[0m17:02:38.301059 [debug] [Thread-1 (]: Finished running node model.dbttest.dim_hosts_cleansed
[0m17:02:38.301699 [debug] [Thread-1 (]: Began running node model.dbttest.dim_listings_cleansed
[0m17:02:38.302301 [info ] [Thread-1 (]: 2 of 3 START sql view model DEV.dim_listings_cleansed .......................... [RUN]
[0m17:02:38.303128 [debug] [Thread-1 (]: Re-using an available connection from the pool (formerly model.dbttest.dim_hosts_cleansed, now model.dbttest.dim_listings_cleansed)
[0m17:02:38.303499 [debug] [Thread-1 (]: Began compiling node model.dbttest.dim_listings_cleansed
[0m17:02:38.310425 [debug] [Thread-1 (]: Writing injected SQL for node "model.dbttest.dim_listings_cleansed"
[0m17:02:38.314348 [debug] [Thread-1 (]: Writing injected SQL for node "model.dbttest.dim_listings_cleansed"
[0m17:02:38.315614 [debug] [Thread-1 (]: Timing info for model.dbttest.dim_listings_cleansed (compile): 17:02:38.303721 => 17:02:38.314819
[0m17:02:38.316460 [debug] [Thread-1 (]: Began executing node model.dbttest.dim_listings_cleansed
[0m17:02:38.322117 [debug] [Thread-1 (]: Writing runtime sql for node "model.dbttest.dim_listings_cleansed"
[0m17:02:38.323780 [debug] [Thread-1 (]: Using snowflake connection "model.dbttest.dim_listings_cleansed"
[0m17:02:38.324383 [debug] [Thread-1 (]: On model.dbttest.dim_listings_cleansed: /* {"app": "dbt", "dbt_version": "1.7.13", "profile_name": "dbttest", "target_name": "dev", "node_id": "model.dbttest.dim_listings_cleansed"} */
create or replace   view AIRFLOW.DEV.dim_listings_cleansed
  
   as (
    

WITH  __dbt__cte__src_listings as (
WITH raw_listings AS (
    SELECT * FROM AIRFLOW.raw.raw_listings
)
SELECT 
    id AS listing_id,
    name AS listing_name,
    listing_url,
    room_type,
    minimum_nights,
    host_id,
    price AS price_str,
    created_at,
    updated_at
FROM
    raw_listings
), src_listings AS (
    SELECT * FROM __dbt__cte__src_listings
)
SELECT
    listing_id,
    listing_name,
    listing_url,
    room_type,
    CASE 
        WHEN minimum_nights = 0 THEN 1
        ELSE minimum_nights
    END AS minimum_nights,
    host_id,
    REPLACE (price_str, '$') :: NUMBER(10,2) AS price,
    created_at,
    updated_at
FROM
    src_listings
  );
[0m17:02:38.324754 [debug] [Thread-1 (]: Opening a new connection, currently in state closed
[0m17:02:39.499326 [debug] [Thread-1 (]: SQL status: SUCCESS 1 in 1.0 seconds
[0m17:02:39.501807 [debug] [Thread-1 (]: Timing info for model.dbttest.dim_listings_cleansed (execute): 17:02:38.316826 => 17:02:39.501613
[0m17:02:39.502190 [debug] [Thread-1 (]: On model.dbttest.dim_listings_cleansed: Close
[0m17:02:39.659715 [debug] [Thread-1 (]: Sending event: {'category': 'dbt', 'action': 'run_model', 'label': 'd6506e8e-3b75-45c3-a942-82157730e0d7', 'context': [<snowplow_tracker.self_describing_json.SelfDescribingJson object at 0x7f264c7cc410>]}
[0m17:02:39.660427 [info ] [Thread-1 (]: 2 of 3 OK created sql view model DEV.dim_listings_cleansed ..................... [[32mSUCCESS 1[0m in 1.36s]
[0m17:02:39.660996 [debug] [Thread-1 (]: Finished running node model.dbttest.dim_listings_cleansed
[0m17:02:39.662022 [debug] [Thread-1 (]: Began running node model.dbttest.dim_listings_w_hosts
[0m17:02:39.662431 [info ] [Thread-1 (]: 3 of 3 START sql table model DEV.dim_listings_w_hosts .......................... [RUN]
[0m17:02:39.663092 [debug] [Thread-1 (]: Re-using an available connection from the pool (formerly model.dbttest.dim_listings_cleansed, now model.dbttest.dim_listings_w_hosts)
[0m17:02:39.663410 [debug] [Thread-1 (]: Began compiling node model.dbttest.dim_listings_w_hosts
[0m17:02:39.666689 [debug] [Thread-1 (]: Writing injected SQL for node "model.dbttest.dim_listings_w_hosts"
[0m17:02:39.667348 [debug] [Thread-1 (]: Timing info for model.dbttest.dim_listings_w_hosts (compile): 17:02:39.663598 => 17:02:39.667135
[0m17:02:39.667741 [debug] [Thread-1 (]: Began executing node model.dbttest.dim_listings_w_hosts
[0m17:02:39.690150 [debug] [Thread-1 (]: Writing runtime sql for node "model.dbttest.dim_listings_w_hosts"
[0m17:02:39.691719 [debug] [Thread-1 (]: Using snowflake connection "model.dbttest.dim_listings_w_hosts"
[0m17:02:39.692203 [debug] [Thread-1 (]: On model.dbttest.dim_listings_w_hosts: /* {"app": "dbt", "dbt_version": "1.7.13", "profile_name": "dbttest", "target_name": "dev", "node_id": "model.dbttest.dim_listings_w_hosts"} */
create or replace transient table AIRFLOW.DEV.dim_listings_w_hosts
         as
        (WITH l AS (
    SELECT * FROM AIRFLOW.DEV.dim_listings_cleansed
), 
h AS (
    SELECT * FROM AIRFLOW.DEV.dim_hosts_cleansed
)

SELECT 
    l.listing_id,
    l.listing_name,
    l.room_type,
    l.minimum_nights,
    l.price,
    l.host_id,
    h.host_name,
    h.is_superhost AS host_is_superhost,
    l.created_at,
    GREATEST(l.updated_at, h.updated_at) as updated_at
FROM l
LEFT JOIN h ON (h.host_id = l.host_id)
        );
[0m17:02:39.692564 [debug] [Thread-1 (]: Opening a new connection, currently in state closed
[0m17:02:45.462963 [debug] [Thread-1 (]: SQL status: SUCCESS 1 in 6.0 seconds
[0m17:02:45.466946 [debug] [Thread-1 (]: Timing info for model.dbttest.dim_listings_w_hosts (execute): 17:02:39.668000 => 17:02:45.466484
[0m17:02:45.467776 [debug] [Thread-1 (]: On model.dbttest.dim_listings_w_hosts: Close
[0m17:02:46.294273 [debug] [Thread-1 (]: Sending event: {'category': 'dbt', 'action': 'run_model', 'label': 'd6506e8e-3b75-45c3-a942-82157730e0d7', 'context': [<snowplow_tracker.self_describing_json.SelfDescribingJson object at 0x7f264c77ebd0>]}
[0m17:02:46.295056 [info ] [Thread-1 (]: 3 of 3 OK created sql table model DEV.dim_listings_w_hosts ..................... [[32mSUCCESS 1[0m in 6.63s]
[0m17:02:46.295700 [debug] [Thread-1 (]: Finished running node model.dbttest.dim_listings_w_hosts
[0m17:02:46.297789 [debug] [MainThread]: Connection 'master' was properly closed.
[0m17:02:46.298340 [debug] [MainThread]: Connection 'model.dbttest.dim_listings_w_hosts' was properly closed.
[0m17:02:46.298925 [info ] [MainThread]: 
[0m17:02:46.299719 [info ] [MainThread]: Finished running 2 view models, 1 table model in 0 hours 0 minutes and 17.36 seconds (17.36s).
[0m17:02:46.300772 [debug] [MainThread]: Command end result
[0m17:02:46.309883 [info ] [MainThread]: 
[0m17:02:46.310572 [info ] [MainThread]: [32mCompleted successfully[0m
[0m17:02:46.311207 [info ] [MainThread]: 
[0m17:02:46.311651 [info ] [MainThread]: Done. PASS=3 WARN=0 ERROR=0 SKIP=0 TOTAL=3
[0m17:02:46.312893 [debug] [MainThread]: Resource report: {"command_name": "run", "command_success": true, "command_wall_clock_time": 18.14237, "process_user_time": 3.450405, "process_kernel_time": 0.1816, "process_mem_max_rss": "128824", "process_out_blocks": "2016", "process_in_blocks": "0"}
[0m17:02:46.313505 [debug] [MainThread]: Command `dbt run` succeeded at 17:02:46.313358 after 18.14 seconds
[0m17:02:46.313904 [debug] [MainThread]: Sending event: {'category': 'dbt', 'action': 'invocation', 'label': 'end', 'context': [<snowplow_tracker.self_describing_json.SelfDescribingJson object at 0x7f264dd83050>, <snowplow_tracker.self_describing_json.SelfDescribingJson object at 0x7f264dc96690>, <snowplow_tracker.self_describing_json.SelfDescribingJson object at 0x7f2651f77950>]}
[0m17:02:46.314283 [debug] [MainThread]: Flushing usage events
[0m17:02:50.136219 [debug] [MainThread]: Sending event: {'category': 'dbt', 'action': 'invocation', 'label': 'start', 'context': [<snowplow_tracker.self_describing_json.SelfDescribingJson object at 0x7f7269252410>, <snowplow_tracker.self_describing_json.SelfDescribingJson object at 0x7f726940cc90>, <snowplow_tracker.self_describing_json.SelfDescribingJson object at 0x7f726940c210>]}


============================== 17:02:50.141298 | c5034f55-ad49-41dd-bf17-de9b1133a4f2 ==============================
[0m17:02:50.141298 [info ] [MainThread]: Running with dbt=1.7.13
[0m17:02:50.142285 [debug] [MainThread]: running dbt with arguments {'printer_width': '80', 'indirect_selection': 'eager', 'write_json': 'True', 'log_cache_events': 'False', 'partial_parse': 'True', 'cache_selected_only': 'False', 'profiles_dir': '.', 'debug': 'False', 'warn_error': 'None', 'log_path': '/usr/local/airflow/dags/dbttest/logs', 'fail_fast': 'False', 'version_check': 'True', 'use_colors': 'True', 'use_experimental_parser': 'False', 'no_print': 'None', 'quiet': 'False', 'warn_error_options': 'WarnErrorOptions(include=[], exclude=[])', 'invocation_command': 'dbt run --models fct.* --profiles-dir .', 'static_parser': 'True', 'introspect': 'True', 'target_path': 'None', 'log_format': 'default', 'send_anonymous_usage_stats': 'True'}
[0m17:02:50.592383 [debug] [MainThread]: Sending event: {'category': 'dbt', 'action': 'project_id', 'label': 'c5034f55-ad49-41dd-bf17-de9b1133a4f2', 'context': [<snowplow_tracker.self_describing_json.SelfDescribingJson object at 0x7f7269279050>]}
[0m17:02:50.756177 [debug] [MainThread]: Sending event: {'category': 'dbt', 'action': 'adapter_info', 'label': 'c5034f55-ad49-41dd-bf17-de9b1133a4f2', 'context': [<snowplow_tracker.self_describing_json.SelfDescribingJson object at 0x7f7268417850>]}
[0m17:02:50.757364 [info ] [MainThread]: Registered adapter: snowflake=1.7.1
[0m17:02:50.771260 [debug] [MainThread]: checksum: 6c24e2ee36a42cedd7e5de2827d214776eb7a8e8f425f6d8acb06c31add0afef, vars: {}, profile: , target: , version: 1.7.13
[0m17:02:50.805647 [debug] [MainThread]: Partial parsing enabled: 0 files deleted, 0 files added, 0 files changed.
[0m17:02:50.806317 [debug] [MainThread]: Partial parsing enabled, no changes found, skipping parsing
[0m17:02:50.814472 [debug] [MainThread]: Sending event: {'category': 'dbt', 'action': 'load_project', 'label': 'c5034f55-ad49-41dd-bf17-de9b1133a4f2', 'context': [<snowplow_tracker.self_describing_json.SelfDescribingJson object at 0x7f726832b750>]}
[0m17:02:50.901371 [debug] [MainThread]: Sending event: {'category': 'dbt', 'action': 'resource_counts', 'label': 'c5034f55-ad49-41dd-bf17-de9b1133a4f2', 'context': [<snowplow_tracker.self_describing_json.SelfDescribingJson object at 0x7f7268414750>]}
[0m17:02:50.902334 [info ] [MainThread]: Found 8 models, 2 snapshots, 9 tests, 1 seed, 3 sources, 0 exposures, 0 metrics, 432 macros, 0 groups, 0 semantic models
[0m17:02:50.902927 [debug] [MainThread]: Sending event: {'category': 'dbt', 'action': 'runnable_timing', 'label': 'c5034f55-ad49-41dd-bf17-de9b1133a4f2', 'context': [<snowplow_tracker.self_describing_json.SelfDescribingJson object at 0x7f72681b6790>]}
[0m17:02:50.906408 [info ] [MainThread]: 
[0m17:02:50.908122 [debug] [MainThread]: Acquiring new snowflake connection 'master'
[0m17:02:50.910179 [debug] [ThreadPool]: Acquiring new snowflake connection 'list_AIRFLOW'
[0m17:02:50.932947 [debug] [ThreadPool]: Using snowflake connection "list_AIRFLOW"
[0m17:02:50.933592 [debug] [ThreadPool]: On list_AIRFLOW: /* {"app": "dbt", "dbt_version": "1.7.13", "profile_name": "dbttest", "target_name": "dev", "connection_name": "list_AIRFLOW"} */
show terse schemas in database AIRFLOW
    limit 10000
[0m17:02:50.934080 [debug] [ThreadPool]: Opening a new connection, currently in state init
[0m17:02:52.078761 [debug] [ThreadPool]: SQL status: SUCCESS 4 in 1.0 seconds
[0m17:02:52.080814 [debug] [ThreadPool]: On list_AIRFLOW: Close
[0m17:02:52.706431 [debug] [ThreadPool]: Re-using an available connection from the pool (formerly list_AIRFLOW, now list_AIRFLOW_dev)
[0m17:02:52.714872 [debug] [ThreadPool]: Using snowflake connection "list_AIRFLOW_dev"
[0m17:02:52.715386 [debug] [ThreadPool]: On list_AIRFLOW_dev: /* {"app": "dbt", "dbt_version": "1.7.13", "profile_name": "dbttest", "target_name": "dev", "connection_name": "list_AIRFLOW_dev"} */
show terse objects in AIRFLOW.dev limit 10000
[0m17:02:52.715703 [debug] [ThreadPool]: Opening a new connection, currently in state closed
[0m17:02:54.106841 [debug] [ThreadPool]: SQL status: SUCCESS 6 in 1.0 seconds
[0m17:02:54.115282 [debug] [ThreadPool]: On list_AIRFLOW_dev: Close
[0m17:02:54.368928 [debug] [ThreadPool]: Re-using an available connection from the pool (formerly list_AIRFLOW_dev, now list_AIRFLOW_DEV)
[0m17:02:54.374142 [debug] [ThreadPool]: Using snowflake connection "list_AIRFLOW_DEV"
[0m17:02:54.375214 [debug] [ThreadPool]: On list_AIRFLOW_DEV: /* {"app": "dbt", "dbt_version": "1.7.13", "profile_name": "dbttest", "target_name": "dev", "connection_name": "list_AIRFLOW_DEV"} */
show terse objects in AIRFLOW.DEV limit 10000
[0m17:02:54.375583 [debug] [ThreadPool]: Opening a new connection, currently in state closed
[0m17:02:55.732378 [debug] [ThreadPool]: SQL status: SUCCESS 6 in 1.0 seconds
[0m17:02:55.734545 [debug] [ThreadPool]: On list_AIRFLOW_DEV: Close
[0m17:02:56.337025 [debug] [MainThread]: Sending event: {'category': 'dbt', 'action': 'runnable_timing', 'label': 'c5034f55-ad49-41dd-bf17-de9b1133a4f2', 'context': [<snowplow_tracker.self_describing_json.SelfDescribingJson object at 0x7f7269e5de10>]}
[0m17:02:56.338056 [info ] [MainThread]: Concurrency: 1 threads (target='dev')
[0m17:02:56.338516 [info ] [MainThread]: 
[0m17:02:56.341169 [debug] [Thread-1 (]: Began running node model.dbttest.fct_reviews
[0m17:02:56.342572 [info ] [Thread-1 (]: 1 of 1 START sql incremental model DEV.fct_reviews ............................. [RUN]
[0m17:02:56.343686 [debug] [Thread-1 (]: Re-using an available connection from the pool (formerly list_AIRFLOW_DEV, now model.dbttest.fct_reviews)
[0m17:02:56.344424 [debug] [Thread-1 (]: Began compiling node model.dbttest.fct_reviews
[0m17:02:56.363442 [debug] [Thread-1 (]: Writing injected SQL for node "model.dbttest.fct_reviews"
[0m17:02:56.366810 [debug] [Thread-1 (]: Writing injected SQL for node "model.dbttest.fct_reviews"
[0m17:02:56.367812 [debug] [Thread-1 (]: Timing info for model.dbttest.fct_reviews (compile): 17:02:56.344901 => 17:02:56.367476
[0m17:02:56.368289 [debug] [Thread-1 (]: Began executing node model.dbttest.fct_reviews
[0m17:02:56.418981 [debug] [Thread-1 (]: Using snowflake connection "model.dbttest.fct_reviews"
[0m17:02:56.419593 [debug] [Thread-1 (]: On model.dbttest.fct_reviews: /* {"app": "dbt", "dbt_version": "1.7.13", "profile_name": "dbttest", "target_name": "dev", "node_id": "model.dbttest.fct_reviews"} */
create or replace  temporary view AIRFLOW.DEV.fct_reviews__dbt_tmp
  
   as (
    -- This is a configuration block to create an incremental materialization
-- It appends the data to the reviews fact table when any new reviews come in

-- Then you define your CTE as usual
WITH  __dbt__cte__src_reviews as (
WITH raw_reviews AS(
    SELECT * FROM AIRFLOW.raw.raw_reviews
)
SELECT 
    listing_id,
    date AS review_date,
    reviewer_name,
    comments AS review_text,
    sentiment AS review_sentiment
FROM
    raw_reviews
), src_reviews AS (
    SELECT * FROM __dbt__cte__src_reviews
)
SELECT * FROM src_reviews
WHERE review_text IS NOT NULL
-- how dbt knows a record review is new or not 
-- we need to create a jinja if stmt

  and review_date > (select max(review_date) from AIRFLOW.DEV.fct_reviews)

  );
[0m17:02:56.420110 [debug] [Thread-1 (]: Opening a new connection, currently in state closed
[0m17:02:59.423318 [debug] [Thread-1 (]: SQL status: SUCCESS 1 in 3.0 seconds
[0m17:02:59.432173 [debug] [Thread-1 (]: Using snowflake connection "model.dbttest.fct_reviews"
[0m17:02:59.432738 [debug] [Thread-1 (]: On model.dbttest.fct_reviews: /* {"app": "dbt", "dbt_version": "1.7.13", "profile_name": "dbttest", "target_name": "dev", "node_id": "model.dbttest.fct_reviews"} */
describe table AIRFLOW.DEV.fct_reviews__dbt_tmp
[0m17:02:59.523647 [debug] [Thread-1 (]: SQL status: SUCCESS 5 in 0.0 seconds
[0m17:02:59.528750 [debug] [Thread-1 (]: Using snowflake connection "model.dbttest.fct_reviews"
[0m17:02:59.529401 [debug] [Thread-1 (]: On model.dbttest.fct_reviews: /* {"app": "dbt", "dbt_version": "1.7.13", "profile_name": "dbttest", "target_name": "dev", "node_id": "model.dbttest.fct_reviews"} */
describe table AIRFLOW.DEV.fct_reviews
[0m17:02:59.629899 [debug] [Thread-1 (]: SQL status: SUCCESS 5 in 0.0 seconds
[0m17:02:59.647024 [debug] [Thread-1 (]: Using snowflake connection "model.dbttest.fct_reviews"
[0m17:02:59.648001 [debug] [Thread-1 (]: On model.dbttest.fct_reviews: /* {"app": "dbt", "dbt_version": "1.7.13", "profile_name": "dbttest", "target_name": "dev", "node_id": "model.dbttest.fct_reviews"} */
describe table AIRFLOW.DEV.fct_reviews__dbt_tmp
[0m17:03:00.283787 [debug] [Thread-1 (]: SQL status: SUCCESS 5 in 1.0 seconds
[0m17:03:00.288709 [debug] [Thread-1 (]: Using snowflake connection "model.dbttest.fct_reviews"
[0m17:03:00.289328 [debug] [Thread-1 (]: On model.dbttest.fct_reviews: /* {"app": "dbt", "dbt_version": "1.7.13", "profile_name": "dbttest", "target_name": "dev", "node_id": "model.dbttest.fct_reviews"} */
describe table "AIRFLOW"."DEV"."FCT_REVIEWS"
[0m17:03:00.700827 [debug] [Thread-1 (]: SQL status: SUCCESS 5 in 0.0 seconds
[0m17:03:00.718553 [debug] [Thread-1 (]: 
    In "AIRFLOW"."DEV"."FCT_REVIEWS":
        Schema changed: False
        Source columns not in target: []
        Target columns not in source: []
        New column types: []
  
[0m17:03:00.753222 [debug] [Thread-1 (]: Writing runtime sql for node "model.dbttest.fct_reviews"
[0m17:03:00.754874 [debug] [Thread-1 (]: Using snowflake connection "model.dbttest.fct_reviews"
[0m17:03:00.755646 [debug] [Thread-1 (]: On model.dbttest.fct_reviews: /* {"app": "dbt", "dbt_version": "1.7.13", "profile_name": "dbttest", "target_name": "dev", "node_id": "model.dbttest.fct_reviews"} */
-- back compat for old kwarg name
  
  begin;
[0m17:03:01.101420 [debug] [Thread-1 (]: SQL status: SUCCESS 1 in 0.0 seconds
[0m17:03:01.102794 [debug] [Thread-1 (]: Using snowflake connection "model.dbttest.fct_reviews"
[0m17:03:01.103779 [debug] [Thread-1 (]: On model.dbttest.fct_reviews: /* {"app": "dbt", "dbt_version": "1.7.13", "profile_name": "dbttest", "target_name": "dev", "node_id": "model.dbttest.fct_reviews"} */
insert into AIRFLOW.DEV.fct_reviews ("LISTING_ID", "REVIEW_DATE", "REVIEWER_NAME", "REVIEW_TEXT", "REVIEW_SENTIMENT")
        (
            select "LISTING_ID", "REVIEW_DATE", "REVIEWER_NAME", "REVIEW_TEXT", "REVIEW_SENTIMENT"
            from AIRFLOW.DEV.fct_reviews__dbt_tmp
        );
[0m17:03:01.665550 [debug] [Thread-1 (]: SQL status: SUCCESS 0 in 1.0 seconds
[0m17:03:01.666355 [debug] [Thread-1 (]: Using snowflake connection "model.dbttest.fct_reviews"
[0m17:03:01.667016 [debug] [Thread-1 (]: On model.dbttest.fct_reviews: /* {"app": "dbt", "dbt_version": "1.7.13", "profile_name": "dbttest", "target_name": "dev", "node_id": "model.dbttest.fct_reviews"} */
COMMIT
[0m17:03:02.772798 [debug] [Thread-1 (]: SQL status: SUCCESS 1 in 1.0 seconds
[0m17:03:02.786507 [debug] [Thread-1 (]: Applying DROP to: AIRFLOW.DEV.fct_reviews__dbt_tmp
[0m17:03:02.796260 [debug] [Thread-1 (]: Using snowflake connection "model.dbttest.fct_reviews"
[0m17:03:02.796827 [debug] [Thread-1 (]: On model.dbttest.fct_reviews: /* {"app": "dbt", "dbt_version": "1.7.13", "profile_name": "dbttest", "target_name": "dev", "node_id": "model.dbttest.fct_reviews"} */
drop view if exists AIRFLOW.DEV.fct_reviews__dbt_tmp cascade
[0m17:03:02.957036 [debug] [Thread-1 (]: SQL status: SUCCESS 1 in 0.0 seconds
[0m17:03:02.982183 [debug] [Thread-1 (]: Timing info for model.dbttest.fct_reviews (execute): 17:02:56.368574 => 17:03:02.981938
[0m17:03:02.982772 [debug] [Thread-1 (]: On model.dbttest.fct_reviews: Close
[0m17:03:03.225920 [debug] [Thread-1 (]: Sending event: {'category': 'dbt', 'action': 'run_model', 'label': 'c5034f55-ad49-41dd-bf17-de9b1133a4f2', 'context': [<snowplow_tracker.self_describing_json.SelfDescribingJson object at 0x7f72680273d0>]}
[0m17:03:03.227677 [info ] [Thread-1 (]: 1 of 1 OK created sql incremental model DEV.fct_reviews ........................ [[32mSUCCESS 0[0m in 6.88s]
[0m17:03:03.228641 [debug] [Thread-1 (]: Finished running node model.dbttest.fct_reviews
[0m17:03:03.231203 [debug] [MainThread]: Connection 'master' was properly closed.
[0m17:03:03.231916 [debug] [MainThread]: Connection 'model.dbttest.fct_reviews' was properly closed.
[0m17:03:03.232439 [info ] [MainThread]: 
[0m17:03:03.232970 [info ] [MainThread]: Finished running 1 incremental model in 0 hours 0 minutes and 12.33 seconds (12.33s).
[0m17:03:03.233785 [debug] [MainThread]: Command end result
[0m17:03:03.244833 [info ] [MainThread]: 
[0m17:03:03.245416 [info ] [MainThread]: [32mCompleted successfully[0m
[0m17:03:03.245791 [info ] [MainThread]: 
[0m17:03:03.246170 [info ] [MainThread]: Done. PASS=1 WARN=0 ERROR=0 SKIP=0 TOTAL=1
[0m17:03:03.246999 [debug] [MainThread]: Resource report: {"command_name": "run", "command_success": true, "command_wall_clock_time": 13.170341, "process_user_time": 3.628958, "process_kernel_time": 0.159077, "process_mem_max_rss": "129200", "process_out_blocks": "1952", "process_in_blocks": "0"}
[0m17:03:03.247487 [debug] [MainThread]: Command `dbt run` succeeded at 17:03:03.247367 after 13.17 seconds
[0m17:03:03.247850 [debug] [MainThread]: Sending event: {'category': 'dbt', 'action': 'invocation', 'label': 'end', 'context': [<snowplow_tracker.self_describing_json.SelfDescribingJson object at 0x7f726940dc50>, <snowplow_tracker.self_describing_json.SelfDescribingJson object at 0x7f7269fe9d90>, <snowplow_tracker.self_describing_json.SelfDescribingJson object at 0x7f726d60b750>]}
[0m17:03:03.248197 [debug] [MainThread]: Flushing usage events
[0m17:03:07.486265 [debug] [MainThread]: Sending event: {'category': 'dbt', 'action': 'invocation', 'label': 'start', 'context': [<snowplow_tracker.self_describing_json.SelfDescribingJson object at 0x7f3dc1840f90>, <snowplow_tracker.self_describing_json.SelfDescribingJson object at 0x7f3dc1faff10>, <snowplow_tracker.self_describing_json.SelfDescribingJson object at 0x7f3dc1ce8310>]}


============================== 17:03:07.489095 | dd56935e-c8ed-46f5-9976-ca202a934426 ==============================
[0m17:03:07.489095 [info ] [MainThread]: Running with dbt=1.7.13
[0m17:03:07.489692 [debug] [MainThread]: running dbt with arguments {'printer_width': '80', 'indirect_selection': 'eager', 'write_json': 'True', 'log_cache_events': 'False', 'partial_parse': 'True', 'cache_selected_only': 'False', 'profiles_dir': '.', 'version_check': 'True', 'debug': 'False', 'log_path': '/usr/local/airflow/dags/dbttest/logs', 'fail_fast': 'False', 'warn_error': 'None', 'use_colors': 'True', 'use_experimental_parser': 'False', 'no_print': 'None', 'quiet': 'False', 'log_format': 'default', 'static_parser': 'True', 'invocation_command': 'dbt seed --profiles-dir .', 'warn_error_options': 'WarnErrorOptions(include=[], exclude=[])', 'target_path': 'None', 'introspect': 'True', 'send_anonymous_usage_stats': 'True'}
[0m17:03:08.083090 [debug] [MainThread]: Sending event: {'category': 'dbt', 'action': 'project_id', 'label': 'dd56935e-c8ed-46f5-9976-ca202a934426', 'context': [<snowplow_tracker.self_describing_json.SelfDescribingJson object at 0x7f3dc1c555d0>]}
[0m17:03:08.219915 [debug] [MainThread]: Sending event: {'category': 'dbt', 'action': 'adapter_info', 'label': 'dd56935e-c8ed-46f5-9976-ca202a934426', 'context': [<snowplow_tracker.self_describing_json.SelfDescribingJson object at 0x7f3dc094f550>]}
[0m17:03:08.221271 [info ] [MainThread]: Registered adapter: snowflake=1.7.1
[0m17:03:08.232043 [debug] [MainThread]: checksum: 6c24e2ee36a42cedd7e5de2827d214776eb7a8e8f425f6d8acb06c31add0afef, vars: {}, profile: , target: , version: 1.7.13
[0m17:03:08.274476 [debug] [MainThread]: Partial parsing enabled: 0 files deleted, 0 files added, 0 files changed.
[0m17:03:08.275470 [debug] [MainThread]: Partial parsing enabled, no changes found, skipping parsing
[0m17:03:08.285837 [debug] [MainThread]: Sending event: {'category': 'dbt', 'action': 'load_project', 'label': 'dd56935e-c8ed-46f5-9976-ca202a934426', 'context': [<snowplow_tracker.self_describing_json.SelfDescribingJson object at 0x7f3dc083e990>]}
[0m17:03:08.380709 [debug] [MainThread]: Sending event: {'category': 'dbt', 'action': 'resource_counts', 'label': 'dd56935e-c8ed-46f5-9976-ca202a934426', 'context': [<snowplow_tracker.self_describing_json.SelfDescribingJson object at 0x7f3dc2182f90>]}
[0m17:03:08.381482 [info ] [MainThread]: Found 8 models, 2 snapshots, 9 tests, 1 seed, 3 sources, 0 exposures, 0 metrics, 432 macros, 0 groups, 0 semantic models
[0m17:03:08.382091 [debug] [MainThread]: Sending event: {'category': 'dbt', 'action': 'runnable_timing', 'label': 'dd56935e-c8ed-46f5-9976-ca202a934426', 'context': [<snowplow_tracker.self_describing_json.SelfDescribingJson object at 0x7f3dc09f6810>]}
[0m17:03:08.385266 [info ] [MainThread]: 
[0m17:03:08.387139 [debug] [MainThread]: Acquiring new snowflake connection 'master'
[0m17:03:08.389598 [debug] [ThreadPool]: Acquiring new snowflake connection 'list_AIRFLOW'
[0m17:03:08.414324 [debug] [ThreadPool]: Using snowflake connection "list_AIRFLOW"
[0m17:03:08.415189 [debug] [ThreadPool]: On list_AIRFLOW: /* {"app": "dbt", "dbt_version": "1.7.13", "profile_name": "dbttest", "target_name": "dev", "connection_name": "list_AIRFLOW"} */
show terse schemas in database AIRFLOW
    limit 10000
[0m17:03:08.415796 [debug] [ThreadPool]: Opening a new connection, currently in state init
[0m17:03:08.961204 [debug] [ThreadPool]: SQL status: SUCCESS 4 in 1.0 seconds
[0m17:03:08.964769 [debug] [ThreadPool]: On list_AIRFLOW: Close
[0m17:03:09.151314 [debug] [ThreadPool]: Re-using an available connection from the pool (formerly list_AIRFLOW, now list_AIRFLOW_dev)
[0m17:03:09.163634 [debug] [ThreadPool]: Using snowflake connection "list_AIRFLOW_dev"
[0m17:03:09.164268 [debug] [ThreadPool]: On list_AIRFLOW_dev: /* {"app": "dbt", "dbt_version": "1.7.13", "profile_name": "dbttest", "target_name": "dev", "connection_name": "list_AIRFLOW_dev"} */
show terse objects in AIRFLOW.dev limit 10000
[0m17:03:09.164752 [debug] [ThreadPool]: Opening a new connection, currently in state closed
[0m17:03:11.464154 [debug] [ThreadPool]: SQL status: SUCCESS 6 in 2.0 seconds
[0m17:03:11.466658 [debug] [ThreadPool]: On list_AIRFLOW_dev: Close
[0m17:03:12.390172 [debug] [ThreadPool]: Re-using an available connection from the pool (formerly list_AIRFLOW_dev, now list_AIRFLOW_DEV)
[0m17:03:12.394708 [debug] [ThreadPool]: Using snowflake connection "list_AIRFLOW_DEV"
[0m17:03:12.395731 [debug] [ThreadPool]: On list_AIRFLOW_DEV: /* {"app": "dbt", "dbt_version": "1.7.13", "profile_name": "dbttest", "target_name": "dev", "connection_name": "list_AIRFLOW_DEV"} */
show terse objects in AIRFLOW.DEV limit 10000
[0m17:03:12.396153 [debug] [ThreadPool]: Opening a new connection, currently in state closed
[0m17:03:12.893620 [debug] [ThreadPool]: SQL status: SUCCESS 6 in 0.0 seconds
[0m17:03:12.895999 [debug] [ThreadPool]: On list_AIRFLOW_DEV: Close
[0m17:03:13.216244 [debug] [MainThread]: Sending event: {'category': 'dbt', 'action': 'runnable_timing', 'label': 'dd56935e-c8ed-46f5-9976-ca202a934426', 'context': [<snowplow_tracker.self_describing_json.SelfDescribingJson object at 0x7f3dc2483f50>]}
[0m17:03:13.217419 [info ] [MainThread]: Concurrency: 1 threads (target='dev')
[0m17:03:13.217961 [info ] [MainThread]: 
[0m17:03:13.221817 [debug] [Thread-1 (]: Began running node seed.dbttest.seed_full_moon_dates
[0m17:03:13.222816 [info ] [Thread-1 (]: 1 of 1 START seed file DEV.seed_full_moon_dates ................................ [RUN]
[0m17:03:13.224031 [debug] [Thread-1 (]: Re-using an available connection from the pool (formerly list_AIRFLOW_DEV, now seed.dbttest.seed_full_moon_dates)
[0m17:03:13.224704 [debug] [Thread-1 (]: Began compiling node seed.dbttest.seed_full_moon_dates
[0m17:03:13.225479 [debug] [Thread-1 (]: Timing info for seed.dbttest.seed_full_moon_dates (compile): 17:03:13.225115 => 17:03:13.225122
[0m17:03:13.226017 [debug] [Thread-1 (]: Began executing node seed.dbttest.seed_full_moon_dates
[0m17:03:13.269530 [debug] [Thread-1 (]: Using snowflake connection "seed.dbttest.seed_full_moon_dates"
[0m17:03:13.270440 [debug] [Thread-1 (]: On seed.dbttest.seed_full_moon_dates: /* {"app": "dbt", "dbt_version": "1.7.13", "profile_name": "dbttest", "target_name": "dev", "node_id": "seed.dbttest.seed_full_moon_dates"} */
BEGIN
[0m17:03:13.270946 [debug] [Thread-1 (]: Opening a new connection, currently in state closed
[0m17:03:14.462945 [debug] [Thread-1 (]: SQL status: SUCCESS 1 in 1.0 seconds
[0m17:03:14.463567 [debug] [Thread-1 (]: Using snowflake connection "seed.dbttest.seed_full_moon_dates"
[0m17:03:14.463946 [debug] [Thread-1 (]: On seed.dbttest.seed_full_moon_dates: /* {"app": "dbt", "dbt_version": "1.7.13", "profile_name": "dbttest", "target_name": "dev", "node_id": "seed.dbttest.seed_full_moon_dates"} */
truncate table "AIRFLOW"."DEV"."SEED_FULL_MOON_DATES"
  ;
[0m17:03:14.834161 [debug] [Thread-1 (]: SQL status: SUCCESS 1 in 0.0 seconds
[0m17:03:14.835187 [debug] [Thread-1 (]: Using snowflake connection "seed.dbttest.seed_full_moon_dates"
[0m17:03:14.835912 [debug] [Thread-1 (]: On seed.dbttest.seed_full_moon_dates: /* {"app": "dbt", "dbt_version": "1.7.13", "profile_name": "dbttest", "target_name": "dev", "node_id": "seed.dbttest.seed_full_moon_dates"} */
COMMIT
[0m17:03:18.019279 [debug] [Thread-1 (]: SQL status: SUCCESS 1 in 3.0 seconds
[0m17:03:18.040135 [debug] [Thread-1 (]: Using snowflake connection "seed.dbttest.seed_full_moon_dates"
[0m17:03:18.041369 [debug] [Thread-1 (]: On seed.dbttest.seed_full_moon_dates: /* {"app": "dbt", "dbt_version": "1.7.13", "profile_name": "dbttest", "target_name": "dev", "node_id": "seed.dbttest.seed_full_moon_dates"} */
BEGIN
[0m17:03:36.204753 [debug] [Thread-1 (]: SQL status: SUCCESS 1 in 18.0 seconds
[0m17:03:36.207629 [debug] [Thread-1 (]: Using snowflake connection "seed.dbttest.seed_full_moon_dates"
[0m17:03:36.208193 [debug] [Thread-1 (]: On seed.dbttest.seed_full_moon_dates: /* {"app": "dbt", "dbt_version": "1.7.13", "profile_name": "dbttest", "target_name": "dev", "node_id": "seed.dbttest.seed_full_moon_dates"} */
insert into AIRFLOW.DEV.seed_full_moon_dates (full_moon_date) values
            (%s),(%s),(%s),(%s),(%s),(%s),(%s),(%s),(%s),(%s),(%s),(%s),(%s),(%s),(%s),(%s),(%s),(%s),(%s),(%s),(%s),(%s),(%s),(%s),(%s),(%s),(%s),(%s),(%s),(%s),(%s),(%s),(%s),(%s),(%s),(%s),(%s),(%s),(%s),(%s),(%s),(%s),(%s),(%s),(%s),(%s),(%s),(%s),(%s),(%s),(%s),(%s),(%s),(%s),(%s),(%s),(%s),(%s...
[0m17:03:37.136943 [debug] [Thread-1 (]: SQL status: SUCCESS 272 in 1.0 seconds
[0m17:03:37.137753 [debug] [Thread-1 (]: Using snowflake connection "seed.dbttest.seed_full_moon_dates"
[0m17:03:37.138175 [debug] [Thread-1 (]: On seed.dbttest.seed_full_moon_dates: /* {"app": "dbt", "dbt_version": "1.7.13", "profile_name": "dbttest", "target_name": "dev", "node_id": "seed.dbttest.seed_full_moon_dates"} */
COMMIT
[0m17:03:37.429622 [debug] [Thread-1 (]: SQL status: SUCCESS 1 in 0.0 seconds
[0m17:03:37.436898 [debug] [Thread-1 (]: Writing runtime SQL for node "seed.dbttest.seed_full_moon_dates"
[0m17:03:37.458282 [debug] [Thread-1 (]: Timing info for seed.dbttest.seed_full_moon_dates (execute): 17:03:13.226272 => 17:03:37.458040
[0m17:03:37.458858 [debug] [Thread-1 (]: On seed.dbttest.seed_full_moon_dates: Close
[0m17:03:37.562224 [debug] [Thread-1 (]: Sending event: {'category': 'dbt', 'action': 'run_model', 'label': 'dd56935e-c8ed-46f5-9976-ca202a934426', 'context': [<snowplow_tracker.self_describing_json.SelfDescribingJson object at 0x7f3dc0812490>]}
[0m17:03:37.562975 [info ] [Thread-1 (]: 1 of 1 OK loaded seed file DEV.seed_full_moon_dates ............................ [[32mINSERT 272[0m in 24.34s]
[0m17:03:37.563635 [debug] [Thread-1 (]: Finished running node seed.dbttest.seed_full_moon_dates
[0m17:03:37.565960 [debug] [MainThread]: Connection 'master' was properly closed.
[0m17:03:37.566355 [debug] [MainThread]: Connection 'seed.dbttest.seed_full_moon_dates' was properly closed.
[0m17:03:37.566725 [info ] [MainThread]: 
[0m17:03:37.567248 [info ] [MainThread]: Finished running 1 seed in 0 hours 0 minutes and 29.18 seconds (29.18s).
[0m17:03:37.568287 [debug] [MainThread]: Command end result
[0m17:03:37.580720 [info ] [MainThread]: 
[0m17:03:37.581264 [info ] [MainThread]: [32mCompleted successfully[0m
[0m17:03:37.581617 [info ] [MainThread]: 
[0m17:03:37.581961 [info ] [MainThread]: Done. PASS=1 WARN=0 ERROR=0 SKIP=0 TOTAL=1
[0m17:03:37.582855 [debug] [MainThread]: Resource report: {"command_name": "seed", "command_success": true, "command_wall_clock_time": 30.143633, "process_user_time": 3.771891, "process_kernel_time": 0.120756, "process_mem_max_rss": "128916", "process_out_blocks": "1944", "process_in_blocks": "0"}
[0m17:03:37.583839 [debug] [MainThread]: Command `dbt seed` succeeded at 17:03:37.583508 after 30.14 seconds
[0m17:03:37.584398 [debug] [MainThread]: Sending event: {'category': 'dbt', 'action': 'invocation', 'label': 'end', 'context': [<snowplow_tracker.self_describing_json.SelfDescribingJson object at 0x7f3dc1877e10>, <snowplow_tracker.self_describing_json.SelfDescribingJson object at 0x7f3dc1832850>, <snowplow_tracker.self_describing_json.SelfDescribingJson object at 0x7f3dc1ce80d0>]}
[0m17:03:37.584800 [debug] [MainThread]: Flushing usage events
[0m17:03:41.791449 [debug] [MainThread]: Sending event: {'category': 'dbt', 'action': 'invocation', 'label': 'start', 'context': [<snowplow_tracker.self_describing_json.SelfDescribingJson object at 0x7f2fd6fa1b50>, <snowplow_tracker.self_describing_json.SelfDescribingJson object at 0x7f2fd6dda5d0>, <snowplow_tracker.self_describing_json.SelfDescribingJson object at 0x7f2fd6fa2510>]}


============================== 17:03:41.794038 | ce3ebd9e-b6b3-4c81-b1df-f6ead75904a3 ==============================
[0m17:03:41.794038 [info ] [MainThread]: Running with dbt=1.7.13
[0m17:03:41.794596 [debug] [MainThread]: running dbt with arguments {'printer_width': '80', 'indirect_selection': 'eager', 'write_json': 'True', 'log_cache_events': 'False', 'partial_parse': 'True', 'cache_selected_only': 'False', 'profiles_dir': '.', 'debug': 'False', 'warn_error': 'None', 'log_path': '/usr/local/airflow/dags/dbttest/logs', 'fail_fast': 'False', 'version_check': 'True', 'use_colors': 'True', 'use_experimental_parser': 'False', 'no_print': 'None', 'quiet': 'False', 'log_format': 'default', 'invocation_command': 'dbt run --models mart.* --profiles-dir .', 'warn_error_options': 'WarnErrorOptions(include=[], exclude=[])', 'static_parser': 'True', 'target_path': 'None', 'introspect': 'True', 'send_anonymous_usage_stats': 'True'}
[0m17:03:42.106164 [debug] [MainThread]: Sending event: {'category': 'dbt', 'action': 'project_id', 'label': 'ce3ebd9e-b6b3-4c81-b1df-f6ead75904a3', 'context': [<snowplow_tracker.self_describing_json.SelfDescribingJson object at 0x7f2fd6df4ad0>]}
[0m17:03:42.191264 [debug] [MainThread]: Sending event: {'category': 'dbt', 'action': 'adapter_info', 'label': 'ce3ebd9e-b6b3-4c81-b1df-f6ead75904a3', 'context': [<snowplow_tracker.self_describing_json.SelfDescribingJson object at 0x7f2fd7774a50>]}
[0m17:03:42.192178 [info ] [MainThread]: Registered adapter: snowflake=1.7.1
[0m17:03:42.202320 [debug] [MainThread]: checksum: 6c24e2ee36a42cedd7e5de2827d214776eb7a8e8f425f6d8acb06c31add0afef, vars: {}, profile: , target: , version: 1.7.13
[0m17:03:42.231942 [debug] [MainThread]: Partial parsing enabled: 0 files deleted, 0 files added, 0 files changed.
[0m17:03:42.232419 [debug] [MainThread]: Partial parsing enabled, no changes found, skipping parsing
[0m17:03:42.239092 [debug] [MainThread]: Sending event: {'category': 'dbt', 'action': 'load_project', 'label': 'ce3ebd9e-b6b3-4c81-b1df-f6ead75904a3', 'context': [<snowplow_tracker.self_describing_json.SelfDescribingJson object at 0x7f2fd5b58250>]}
[0m17:03:42.316669 [debug] [MainThread]: Sending event: {'category': 'dbt', 'action': 'resource_counts', 'label': 'ce3ebd9e-b6b3-4c81-b1df-f6ead75904a3', 'context': [<snowplow_tracker.self_describing_json.SelfDescribingJson object at 0x7f2fd5de2450>]}
[0m17:03:42.317329 [info ] [MainThread]: Found 8 models, 2 snapshots, 9 tests, 1 seed, 3 sources, 0 exposures, 0 metrics, 432 macros, 0 groups, 0 semantic models
[0m17:03:42.317735 [debug] [MainThread]: Sending event: {'category': 'dbt', 'action': 'runnable_timing', 'label': 'ce3ebd9e-b6b3-4c81-b1df-f6ead75904a3', 'context': [<snowplow_tracker.self_describing_json.SelfDescribingJson object at 0x7f2fd5e25110>]}
[0m17:03:42.319644 [info ] [MainThread]: 
[0m17:03:42.320658 [debug] [MainThread]: Acquiring new snowflake connection 'master'
[0m17:03:42.321931 [debug] [ThreadPool]: Acquiring new snowflake connection 'list_AIRFLOW'
[0m17:03:42.337176 [debug] [ThreadPool]: Using snowflake connection "list_AIRFLOW"
[0m17:03:42.337669 [debug] [ThreadPool]: On list_AIRFLOW: /* {"app": "dbt", "dbt_version": "1.7.13", "profile_name": "dbttest", "target_name": "dev", "connection_name": "list_AIRFLOW"} */
show terse schemas in database AIRFLOW
    limit 10000
[0m17:03:42.338021 [debug] [ThreadPool]: Opening a new connection, currently in state init
[0m17:03:43.506536 [debug] [ThreadPool]: SQL status: SUCCESS 4 in 1.0 seconds
[0m17:03:43.509312 [debug] [ThreadPool]: On list_AIRFLOW: Close
[0m17:03:43.781579 [debug] [ThreadPool]: Re-using an available connection from the pool (formerly list_AIRFLOW, now list_AIRFLOW_dev)
[0m17:03:43.791962 [debug] [ThreadPool]: Using snowflake connection "list_AIRFLOW_dev"
[0m17:03:43.792440 [debug] [ThreadPool]: On list_AIRFLOW_dev: /* {"app": "dbt", "dbt_version": "1.7.13", "profile_name": "dbttest", "target_name": "dev", "connection_name": "list_AIRFLOW_dev"} */
show terse objects in AIRFLOW.dev limit 10000
[0m17:03:43.792736 [debug] [ThreadPool]: Opening a new connection, currently in state closed
[0m17:03:44.292242 [debug] [ThreadPool]: SQL status: SUCCESS 6 in 0.0 seconds
[0m17:03:44.294336 [debug] [ThreadPool]: On list_AIRFLOW_dev: Close
[0m17:03:44.623194 [debug] [ThreadPool]: Re-using an available connection from the pool (formerly list_AIRFLOW_dev, now list_AIRFLOW_DEV)
[0m17:03:44.627668 [debug] [ThreadPool]: Using snowflake connection "list_AIRFLOW_DEV"
[0m17:03:44.628897 [debug] [ThreadPool]: On list_AIRFLOW_DEV: /* {"app": "dbt", "dbt_version": "1.7.13", "profile_name": "dbttest", "target_name": "dev", "connection_name": "list_AIRFLOW_DEV"} */
show terse objects in AIRFLOW.DEV limit 10000
[0m17:03:44.629214 [debug] [ThreadPool]: Opening a new connection, currently in state closed
[0m17:03:45.215221 [debug] [ThreadPool]: SQL status: SUCCESS 6 in 1.0 seconds
[0m17:03:45.217578 [debug] [ThreadPool]: On list_AIRFLOW_DEV: Close
[0m17:03:45.326312 [debug] [MainThread]: Sending event: {'category': 'dbt', 'action': 'runnable_timing', 'label': 'ce3ebd9e-b6b3-4c81-b1df-f6ead75904a3', 'context': [<snowplow_tracker.self_describing_json.SelfDescribingJson object at 0x7f2fd5eae6d0>]}
[0m17:03:45.327316 [info ] [MainThread]: Concurrency: 1 threads (target='dev')
[0m17:03:45.327725 [info ] [MainThread]: 
[0m17:03:45.331359 [debug] [Thread-1 (]: Began running node model.dbttest.mart_full_moon_reviews
[0m17:03:45.332100 [info ] [Thread-1 (]: 1 of 1 START sql table model DEV.mart_full_moon_reviews ........................ [RUN]
[0m17:03:45.332920 [debug] [Thread-1 (]: Re-using an available connection from the pool (formerly list_AIRFLOW_DEV, now model.dbttest.mart_full_moon_reviews)
[0m17:03:45.333297 [debug] [Thread-1 (]: Began compiling node model.dbttest.mart_full_moon_reviews
[0m17:03:45.342772 [debug] [Thread-1 (]: Writing injected SQL for node "model.dbttest.mart_full_moon_reviews"
[0m17:03:45.343699 [debug] [Thread-1 (]: Timing info for model.dbttest.mart_full_moon_reviews (compile): 17:03:45.333506 => 17:03:45.343410
[0m17:03:45.344106 [debug] [Thread-1 (]: Began executing node model.dbttest.mart_full_moon_reviews
[0m17:03:45.380125 [debug] [Thread-1 (]: Writing runtime sql for node "model.dbttest.mart_full_moon_reviews"
[0m17:03:45.381839 [debug] [Thread-1 (]: Using snowflake connection "model.dbttest.mart_full_moon_reviews"
[0m17:03:45.382408 [debug] [Thread-1 (]: On model.dbttest.mart_full_moon_reviews: /* {"app": "dbt", "dbt_version": "1.7.13", "profile_name": "dbttest", "target_name": "dev", "node_id": "model.dbttest.mart_full_moon_reviews"} */
create or replace transient table AIRFLOW.DEV.mart_full_moon_reviews
         as
        (

WITH fct_reviews AS (
    SELECT * FROM AIRFLOW.DEV.fct_reviews
),
full_moon_dates AS (
    SELECT * FROM AIRFLOW.DEV.seed_full_moon_dates
)

SELECT
    r.*,
    CASE
        WHEN fm.full_moon_date IS NULL THEN 'not full moon'
        ELSE 'full moon'
    END AS is_full_moon
FROM
    fct_reviews r 
    LEFT JOIN full_moon_dates fm 
    ON (TO_DATE(r.review_date)= DATEADD(DAY,1,fm.full_moon_date))
        );
[0m17:03:45.382835 [debug] [Thread-1 (]: Opening a new connection, currently in state closed
[0m17:03:53.711765 [debug] [Thread-1 (]: SQL status: SUCCESS 1 in 8.0 seconds
[0m17:03:53.737281 [debug] [Thread-1 (]: Timing info for model.dbttest.mart_full_moon_reviews (execute): 17:03:45.344323 => 17:03:53.737027
[0m17:03:53.738284 [debug] [Thread-1 (]: On model.dbttest.mart_full_moon_reviews: Close
[0m17:03:57.781937 [debug] [Thread-1 (]: Sending event: {'category': 'dbt', 'action': 'run_model', 'label': 'ce3ebd9e-b6b3-4c81-b1df-f6ead75904a3', 'context': [<snowplow_tracker.self_describing_json.SelfDescribingJson object at 0x7f2fd5d82150>]}
[0m17:03:57.783123 [info ] [Thread-1 (]: 1 of 1 OK created sql table model DEV.mart_full_moon_reviews ................... [[32mSUCCESS 1[0m in 12.45s]
[0m17:03:57.784051 [debug] [Thread-1 (]: Finished running node model.dbttest.mart_full_moon_reviews
[0m17:03:57.786887 [debug] [MainThread]: Connection 'master' was properly closed.
[0m17:03:57.787681 [debug] [MainThread]: Connection 'model.dbttest.mart_full_moon_reviews' was properly closed.
[0m17:03:57.788377 [info ] [MainThread]: 
[0m17:03:57.789169 [info ] [MainThread]: Finished running 1 table model in 0 hours 0 minutes and 15.47 seconds (15.47s).
[0m17:03:57.790264 [debug] [MainThread]: Command end result
[0m17:03:57.799737 [info ] [MainThread]: 
[0m17:03:57.800232 [info ] [MainThread]: [32mCompleted successfully[0m
[0m17:03:57.800562 [info ] [MainThread]: 
[0m17:03:57.800888 [info ] [MainThread]: Done. PASS=1 WARN=0 ERROR=0 SKIP=0 TOTAL=1
[0m17:03:57.801687 [debug] [MainThread]: Resource report: {"command_name": "run", "command_success": true, "command_wall_clock_time": 16.050606, "process_user_time": 3.077123, "process_kernel_time": 0.150754, "process_mem_max_rss": "128968", "process_out_blocks": "1936", "process_in_blocks": "0"}
[0m17:03:57.802129 [debug] [MainThread]: Command `dbt run` succeeded at 17:03:57.802020 after 16.05 seconds
[0m17:03:57.802463 [debug] [MainThread]: Sending event: {'category': 'dbt', 'action': 'invocation', 'label': 'end', 'context': [<snowplow_tracker.self_describing_json.SelfDescribingJson object at 0x7f2fdb1d3650>, <snowplow_tracker.self_describing_json.SelfDescribingJson object at 0x7f2fd5dd0250>, <snowplow_tracker.self_describing_json.SelfDescribingJson object at 0x7f2fdb333990>]}
[0m17:03:57.802796 [debug] [MainThread]: Flushing usage events
[0m13:37:59.157006 [debug] [MainThread]: Sending event: {'category': 'dbt', 'action': 'invocation', 'label': 'start', 'context': [<snowplow_tracker.self_describing_json.SelfDescribingJson object at 0x7fbb4ad5ebd0>, <snowplow_tracker.self_describing_json.SelfDescribingJson object at 0x7fbb4b939e10>, <snowplow_tracker.self_describing_json.SelfDescribingJson object at 0x7fbb4af81c50>]}


============================== 13:37:59.161099 | 3391632c-93e9-43ae-9168-9c29d8b7bc26 ==============================
[0m13:37:59.161099 [info ] [MainThread]: Running with dbt=1.7.13
[0m13:37:59.161718 [debug] [MainThread]: running dbt with arguments {'printer_width': '80', 'indirect_selection': 'eager', 'log_cache_events': 'False', 'write_json': 'True', 'partial_parse': 'True', 'cache_selected_only': 'False', 'profiles_dir': '.', 'fail_fast': 'False', 'debug': 'False', 'log_path': '/usr/local/airflow/dags/dbttest/logs', 'version_check': 'True', 'warn_error': 'None', 'use_colors': 'True', 'use_experimental_parser': 'False', 'no_print': 'None', 'quiet': 'False', 'warn_error_options': 'WarnErrorOptions(include=[], exclude=[])', 'static_parser': 'True', 'invocation_command': 'dbt run --full-refresh --models src.* --profiles-dir .', 'introspect': 'True', 'target_path': 'None', 'log_format': 'default', 'send_anonymous_usage_stats': 'True'}
[0m13:37:59.640381 [debug] [MainThread]: Sending event: {'category': 'dbt', 'action': 'project_id', 'label': '3391632c-93e9-43ae-9168-9c29d8b7bc26', 'context': [<snowplow_tracker.self_describing_json.SelfDescribingJson object at 0x7fbb49b31610>]}
[0m13:37:59.750329 [debug] [MainThread]: Sending event: {'category': 'dbt', 'action': 'adapter_info', 'label': '3391632c-93e9-43ae-9168-9c29d8b7bc26', 'context': [<snowplow_tracker.self_describing_json.SelfDescribingJson object at 0x7fbb49d679d0>]}
[0m13:37:59.754843 [info ] [MainThread]: Registered adapter: snowflake=1.7.1
[0m13:37:59.762212 [debug] [MainThread]: checksum: 6c24e2ee36a42cedd7e5de2827d214776eb7a8e8f425f6d8acb06c31add0afef, vars: {}, profile: , target: , version: 1.7.13
[0m13:37:59.838598 [debug] [MainThread]: Partial parsing enabled: 0 files deleted, 0 files added, 0 files changed.
[0m13:37:59.839027 [debug] [MainThread]: Partial parsing enabled, no changes found, skipping parsing
[0m13:37:59.846528 [debug] [MainThread]: Sending event: {'category': 'dbt', 'action': 'load_project', 'label': '3391632c-93e9-43ae-9168-9c29d8b7bc26', 'context': [<snowplow_tracker.self_describing_json.SelfDescribingJson object at 0x7fbb49d1e590>]}
[0m13:37:59.944671 [debug] [MainThread]: Sending event: {'category': 'dbt', 'action': 'resource_counts', 'label': '3391632c-93e9-43ae-9168-9c29d8b7bc26', 'context': [<snowplow_tracker.self_describing_json.SelfDescribingJson object at 0x7fbb499b3890>]}
[0m13:37:59.945339 [info ] [MainThread]: Found 8 models, 2 snapshots, 9 tests, 1 seed, 3 sources, 0 exposures, 0 metrics, 432 macros, 0 groups, 0 semantic models
[0m13:37:59.945958 [debug] [MainThread]: Sending event: {'category': 'dbt', 'action': 'runnable_timing', 'label': '3391632c-93e9-43ae-9168-9c29d8b7bc26', 'context': [<snowplow_tracker.self_describing_json.SelfDescribingJson object at 0x7fbb49b84f10>]}
[0m13:37:59.948945 [info ] [MainThread]: 
[0m13:37:59.949925 [debug] [MainThread]: Acquiring new snowflake connection 'master'
[0m13:37:59.952005 [debug] [ThreadPool]: Acquiring new snowflake connection 'list_AIRFLOW_dev'
[0m13:37:59.972707 [debug] [ThreadPool]: Using snowflake connection "list_AIRFLOW_dev"
[0m13:37:59.973268 [debug] [ThreadPool]: On list_AIRFLOW_dev: /* {"app": "dbt", "dbt_version": "1.7.13", "profile_name": "dbttest", "target_name": "dev", "connection_name": "list_AIRFLOW_dev"} */
show terse objects in AIRFLOW.dev limit 10000
[0m13:37:59.973795 [debug] [ThreadPool]: Opening a new connection, currently in state init
[0m13:38:01.604984 [debug] [ThreadPool]: SQL status: SUCCESS 6 in 2.0 seconds
[0m13:38:01.607411 [debug] [ThreadPool]: On list_AIRFLOW_dev: Close
[0m13:38:01.798634 [debug] [ThreadPool]: Re-using an available connection from the pool (formerly list_AIRFLOW_dev, now list_AIRFLOW_DEV)
[0m13:38:01.804109 [debug] [ThreadPool]: Using snowflake connection "list_AIRFLOW_DEV"
[0m13:38:01.805584 [debug] [ThreadPool]: On list_AIRFLOW_DEV: /* {"app": "dbt", "dbt_version": "1.7.13", "profile_name": "dbttest", "target_name": "dev", "connection_name": "list_AIRFLOW_DEV"} */
show terse objects in AIRFLOW.DEV limit 10000
[0m13:38:01.806575 [debug] [ThreadPool]: Opening a new connection, currently in state closed
[0m13:38:02.457085 [debug] [ThreadPool]: SQL status: SUCCESS 6 in 1.0 seconds
[0m13:38:02.459418 [debug] [ThreadPool]: On list_AIRFLOW_DEV: Close
[0m13:38:02.704441 [debug] [MainThread]: Sending event: {'category': 'dbt', 'action': 'runnable_timing', 'label': '3391632c-93e9-43ae-9168-9c29d8b7bc26', 'context': [<snowplow_tracker.self_describing_json.SelfDescribingJson object at 0x7fbb49afa450>]}
[0m13:38:02.705857 [info ] [MainThread]: Concurrency: 1 threads (target='dev')
[0m13:38:02.706523 [info ] [MainThread]: 
[0m13:38:02.710723 [debug] [Thread-1 (]: Began running node model.dbttest.src_hosts
[0m13:38:02.711907 [debug] [Thread-1 (]: Re-using an available connection from the pool (formerly list_AIRFLOW_DEV, now model.dbttest.src_hosts)
[0m13:38:02.712328 [debug] [Thread-1 (]: Began compiling node model.dbttest.src_hosts
[0m13:38:02.722513 [debug] [Thread-1 (]: Writing injected SQL for node "model.dbttest.src_hosts"
[0m13:38:02.723427 [debug] [Thread-1 (]: Timing info for model.dbttest.src_hosts (compile): 13:38:02.712624 => 13:38:02.723146
[0m13:38:02.724512 [debug] [Thread-1 (]: Finished running node model.dbttest.src_hosts
[0m13:38:02.725043 [debug] [Thread-1 (]: Began running node model.dbttest.src_listings
[0m13:38:02.725894 [debug] [Thread-1 (]: Re-using an available connection from the pool (formerly model.dbttest.src_hosts, now model.dbttest.src_listings)
[0m13:38:02.726512 [debug] [Thread-1 (]: Began compiling node model.dbttest.src_listings
[0m13:38:02.730341 [debug] [Thread-1 (]: Writing injected SQL for node "model.dbttest.src_listings"
[0m13:38:02.732264 [debug] [Thread-1 (]: Timing info for model.dbttest.src_listings (compile): 13:38:02.726756 => 13:38:02.731815
[0m13:38:02.733831 [debug] [Thread-1 (]: Finished running node model.dbttest.src_listings
[0m13:38:02.734442 [debug] [Thread-1 (]: Began running node model.dbttest.src_reviews
[0m13:38:02.735230 [debug] [Thread-1 (]: Re-using an available connection from the pool (formerly model.dbttest.src_listings, now model.dbttest.src_reviews)
[0m13:38:02.735665 [debug] [Thread-1 (]: Began compiling node model.dbttest.src_reviews
[0m13:38:02.739176 [debug] [Thread-1 (]: Writing injected SQL for node "model.dbttest.src_reviews"
[0m13:38:02.741096 [debug] [Thread-1 (]: Timing info for model.dbttest.src_reviews (compile): 13:38:02.735933 => 13:38:02.740539
[0m13:38:02.742529 [debug] [Thread-1 (]: Finished running node model.dbttest.src_reviews
[0m13:38:02.745672 [debug] [MainThread]: Connection 'master' was properly closed.
[0m13:38:02.746149 [debug] [MainThread]: Connection 'model.dbttest.src_reviews' was properly closed.
[0m13:38:02.746531 [info ] [MainThread]: 
[0m13:38:02.746949 [info ] [MainThread]: Finished running  in 0 hours 0 minutes and 2.80 seconds (2.80s).
[0m13:38:02.747692 [debug] [MainThread]: Command end result
[0m13:38:02.757912 [debug] [MainThread]: Resource report: {"command_name": "run", "command_success": true, "command_wall_clock_time": 3.6535265, "process_user_time": 3.357329, "process_kernel_time": 0.689451, "process_mem_max_rss": "129788", "process_out_blocks": "2776", "process_in_blocks": "0"}
[0m13:38:02.758624 [debug] [MainThread]: Command `dbt run` succeeded at 13:38:02.758465 after 3.65 seconds
[0m13:38:02.759614 [debug] [MainThread]: Sending event: {'category': 'dbt', 'action': 'invocation', 'label': 'end', 'context': [<snowplow_tracker.self_describing_json.SelfDescribingJson object at 0x7fbb4aba3450>, <snowplow_tracker.self_describing_json.SelfDescribingJson object at 0x7fbb4aba3ed0>, <snowplow_tracker.self_describing_json.SelfDescribingJson object at 0x7fbb49964c50>]}
[0m13:38:02.760167 [debug] [MainThread]: Flushing usage events
[0m13:38:05.978945 [debug] [MainThread]: Sending event: {'category': 'dbt', 'action': 'invocation', 'label': 'start', 'context': [<snowplow_tracker.self_describing_json.SelfDescribingJson object at 0x7fe5e68d6250>, <snowplow_tracker.self_describing_json.SelfDescribingJson object at 0x7fe5e6922b90>, <snowplow_tracker.self_describing_json.SelfDescribingJson object at 0x7fe5e6b9c650>]}


============================== 13:38:05.981755 | 7ec89db2-51e5-4a3f-bf17-f4463634bf1c ==============================
[0m13:38:05.981755 [info ] [MainThread]: Running with dbt=1.7.13
[0m13:38:05.982671 [debug] [MainThread]: running dbt with arguments {'printer_width': '80', 'indirect_selection': 'eager', 'log_cache_events': 'False', 'write_json': 'True', 'partial_parse': 'True', 'cache_selected_only': 'False', 'profiles_dir': '.', 'version_check': 'True', 'warn_error': 'None', 'log_path': '/usr/local/airflow/dags/dbttest/logs', 'fail_fast': 'False', 'debug': 'False', 'use_colors': 'True', 'use_experimental_parser': 'False', 'no_print': 'None', 'quiet': 'False', 'warn_error_options': 'WarnErrorOptions(include=[], exclude=[])', 'static_parser': 'True', 'log_format': 'default', 'invocation_command': 'dbt run --full-refresh --models dim.* --profiles-dir .', 'target_path': 'None', 'introspect': 'True', 'send_anonymous_usage_stats': 'True'}
[0m13:38:06.277208 [debug] [MainThread]: Sending event: {'category': 'dbt', 'action': 'project_id', 'label': '7ec89db2-51e5-4a3f-bf17-f4463634bf1c', 'context': [<snowplow_tracker.self_describing_json.SelfDescribingJson object at 0x7fe5e5864610>]}
[0m13:38:06.358509 [debug] [MainThread]: Sending event: {'category': 'dbt', 'action': 'adapter_info', 'label': '7ec89db2-51e5-4a3f-bf17-f4463634bf1c', 'context': [<snowplow_tracker.self_describing_json.SelfDescribingJson object at 0x7fe5e58634d0>]}
[0m13:38:06.359408 [info ] [MainThread]: Registered adapter: snowflake=1.7.1
[0m13:38:06.366908 [debug] [MainThread]: checksum: 6c24e2ee36a42cedd7e5de2827d214776eb7a8e8f425f6d8acb06c31add0afef, vars: {}, profile: , target: , version: 1.7.13
[0m13:38:06.392932 [debug] [MainThread]: Partial parsing enabled: 0 files deleted, 0 files added, 0 files changed.
[0m13:38:06.393394 [debug] [MainThread]: Partial parsing enabled, no changes found, skipping parsing
[0m13:38:06.399904 [debug] [MainThread]: Sending event: {'category': 'dbt', 'action': 'load_project', 'label': '7ec89db2-51e5-4a3f-bf17-f4463634bf1c', 'context': [<snowplow_tracker.self_describing_json.SelfDescribingJson object at 0x7fe5e6ed9890>]}
[0m13:38:06.470848 [debug] [MainThread]: Sending event: {'category': 'dbt', 'action': 'resource_counts', 'label': '7ec89db2-51e5-4a3f-bf17-f4463634bf1c', 'context': [<snowplow_tracker.self_describing_json.SelfDescribingJson object at 0x7fe5e6925510>]}
[0m13:38:06.471708 [info ] [MainThread]: Found 8 models, 2 snapshots, 9 tests, 1 seed, 3 sources, 0 exposures, 0 metrics, 432 macros, 0 groups, 0 semantic models
[0m13:38:06.472295 [debug] [MainThread]: Sending event: {'category': 'dbt', 'action': 'runnable_timing', 'label': '7ec89db2-51e5-4a3f-bf17-f4463634bf1c', 'context': [<snowplow_tracker.self_describing_json.SelfDescribingJson object at 0x7fe5e56fc390>]}
[0m13:38:06.474767 [info ] [MainThread]: 
[0m13:38:06.475933 [debug] [MainThread]: Acquiring new snowflake connection 'master'
[0m13:38:06.477770 [debug] [ThreadPool]: Acquiring new snowflake connection 'list_AIRFLOW'
[0m13:38:06.490946 [debug] [ThreadPool]: Using snowflake connection "list_AIRFLOW"
[0m13:38:06.491443 [debug] [ThreadPool]: On list_AIRFLOW: /* {"app": "dbt", "dbt_version": "1.7.13", "profile_name": "dbttest", "target_name": "dev", "connection_name": "list_AIRFLOW"} */
show terse schemas in database AIRFLOW
    limit 10000
[0m13:38:06.491901 [debug] [ThreadPool]: Opening a new connection, currently in state init
[0m13:38:07.135446 [debug] [ThreadPool]: SQL status: SUCCESS 4 in 1.0 seconds
[0m13:38:07.137357 [debug] [ThreadPool]: On list_AIRFLOW: Close
[0m13:38:07.288256 [debug] [ThreadPool]: Re-using an available connection from the pool (formerly list_AIRFLOW, now list_AIRFLOW_DEV)
[0m13:38:07.297299 [debug] [ThreadPool]: Using snowflake connection "list_AIRFLOW_DEV"
[0m13:38:07.297761 [debug] [ThreadPool]: On list_AIRFLOW_DEV: /* {"app": "dbt", "dbt_version": "1.7.13", "profile_name": "dbttest", "target_name": "dev", "connection_name": "list_AIRFLOW_DEV"} */
show terse objects in AIRFLOW.DEV limit 10000
[0m13:38:07.298111 [debug] [ThreadPool]: Opening a new connection, currently in state closed
[0m13:38:07.910359 [debug] [ThreadPool]: SQL status: SUCCESS 6 in 1.0 seconds
[0m13:38:07.912337 [debug] [ThreadPool]: On list_AIRFLOW_DEV: Close
[0m13:38:08.092479 [debug] [ThreadPool]: Re-using an available connection from the pool (formerly list_AIRFLOW_DEV, now list_AIRFLOW_dev)
[0m13:38:08.097831 [debug] [ThreadPool]: Using snowflake connection "list_AIRFLOW_dev"
[0m13:38:08.098983 [debug] [ThreadPool]: On list_AIRFLOW_dev: /* {"app": "dbt", "dbt_version": "1.7.13", "profile_name": "dbttest", "target_name": "dev", "connection_name": "list_AIRFLOW_dev"} */
show terse objects in AIRFLOW.dev limit 10000
[0m13:38:08.099396 [debug] [ThreadPool]: Opening a new connection, currently in state closed
[0m13:38:08.723586 [debug] [ThreadPool]: SQL status: SUCCESS 6 in 1.0 seconds
[0m13:38:08.725538 [debug] [ThreadPool]: On list_AIRFLOW_dev: Close
[0m13:38:08.871587 [debug] [MainThread]: Sending event: {'category': 'dbt', 'action': 'runnable_timing', 'label': '7ec89db2-51e5-4a3f-bf17-f4463634bf1c', 'context': [<snowplow_tracker.self_describing_json.SelfDescribingJson object at 0x7fe5e5847e50>]}
[0m13:38:08.872700 [info ] [MainThread]: Concurrency: 1 threads (target='dev')
[0m13:38:08.873202 [info ] [MainThread]: 
[0m13:38:08.876293 [debug] [Thread-1 (]: Began running node model.dbttest.dim_hosts_cleansed
[0m13:38:08.876890 [info ] [Thread-1 (]: 1 of 3 START sql view model DEV.dim_hosts_cleansed ............................. [RUN]
[0m13:38:08.877869 [debug] [Thread-1 (]: Re-using an available connection from the pool (formerly list_AIRFLOW_dev, now model.dbttest.dim_hosts_cleansed)
[0m13:38:08.878311 [debug] [Thread-1 (]: Began compiling node model.dbttest.dim_hosts_cleansed
[0m13:38:08.892288 [debug] [Thread-1 (]: Writing injected SQL for node "model.dbttest.dim_hosts_cleansed"
[0m13:38:08.896122 [debug] [Thread-1 (]: Writing injected SQL for node "model.dbttest.dim_hosts_cleansed"
[0m13:38:08.897335 [debug] [Thread-1 (]: Timing info for model.dbttest.dim_hosts_cleansed (compile): 13:38:08.878549 => 13:38:08.896896
[0m13:38:08.898057 [debug] [Thread-1 (]: Began executing node model.dbttest.dim_hosts_cleansed
[0m13:38:08.936586 [debug] [Thread-1 (]: Writing runtime sql for node "model.dbttest.dim_hosts_cleansed"
[0m13:38:08.938027 [debug] [Thread-1 (]: Using snowflake connection "model.dbttest.dim_hosts_cleansed"
[0m13:38:08.938516 [debug] [Thread-1 (]: On model.dbttest.dim_hosts_cleansed: /* {"app": "dbt", "dbt_version": "1.7.13", "profile_name": "dbttest", "target_name": "dev", "node_id": "model.dbttest.dim_hosts_cleansed"} */
create or replace   view AIRFLOW.DEV.dim_hosts_cleansed
  
   as (
    

WITH  __dbt__cte__src_hosts as (
WITH raw_hosts AS (
    SELECT * FROM AIRFLOW.raw.raw_hosts
)
SELECT 
    id AS host_id,
    name AS host_name,
    is_superhost,
    created_at,
    updated_at
FROM 
    raw_hosts
), src_hosts AS (
    SELECT * FROM __dbt__cte__src_hosts
)
SELECT 
    host_id,
    NVL( host_name, 'Anonymous') AS host_name, -- similar to below
    
    is_superhost,
    created_at,
    updated_at
FROM
    src_hosts
  );
[0m13:38:08.938942 [debug] [Thread-1 (]: Opening a new connection, currently in state closed
[0m13:38:09.743761 [debug] [Thread-1 (]: SQL status: SUCCESS 1 in 1.0 seconds
[0m13:38:09.769790 [debug] [Thread-1 (]: Timing info for model.dbttest.dim_hosts_cleansed (execute): 13:38:08.898457 => 13:38:09.769600
[0m13:38:09.770246 [debug] [Thread-1 (]: On model.dbttest.dim_hosts_cleansed: Close
[0m13:38:09.901527 [debug] [Thread-1 (]: Sending event: {'category': 'dbt', 'action': 'run_model', 'label': '7ec89db2-51e5-4a3f-bf17-f4463634bf1c', 'context': [<snowplow_tracker.self_describing_json.SelfDescribingJson object at 0x7fe5e5515610>]}
[0m13:38:09.903148 [info ] [Thread-1 (]: 1 of 3 OK created sql view model DEV.dim_hosts_cleansed ........................ [[32mSUCCESS 1[0m in 1.02s]
[0m13:38:09.904698 [debug] [Thread-1 (]: Finished running node model.dbttest.dim_hosts_cleansed
[0m13:38:09.906207 [debug] [Thread-1 (]: Began running node model.dbttest.dim_listings_cleansed
[0m13:38:09.907849 [info ] [Thread-1 (]: 2 of 3 START sql view model DEV.dim_listings_cleansed .......................... [RUN]
[0m13:38:09.909446 [debug] [Thread-1 (]: Re-using an available connection from the pool (formerly model.dbttest.dim_hosts_cleansed, now model.dbttest.dim_listings_cleansed)
[0m13:38:09.910134 [debug] [Thread-1 (]: Began compiling node model.dbttest.dim_listings_cleansed
[0m13:38:09.918792 [debug] [Thread-1 (]: Writing injected SQL for node "model.dbttest.dim_listings_cleansed"
[0m13:38:09.925012 [debug] [Thread-1 (]: Writing injected SQL for node "model.dbttest.dim_listings_cleansed"
[0m13:38:09.926048 [debug] [Thread-1 (]: Timing info for model.dbttest.dim_listings_cleansed (compile): 13:38:09.910498 => 13:38:09.925694
[0m13:38:09.926832 [debug] [Thread-1 (]: Began executing node model.dbttest.dim_listings_cleansed
[0m13:38:09.933526 [debug] [Thread-1 (]: Writing runtime sql for node "model.dbttest.dim_listings_cleansed"
[0m13:38:09.936451 [debug] [Thread-1 (]: Using snowflake connection "model.dbttest.dim_listings_cleansed"
[0m13:38:09.937076 [debug] [Thread-1 (]: On model.dbttest.dim_listings_cleansed: /* {"app": "dbt", "dbt_version": "1.7.13", "profile_name": "dbttest", "target_name": "dev", "node_id": "model.dbttest.dim_listings_cleansed"} */
create or replace   view AIRFLOW.DEV.dim_listings_cleansed
  
   as (
    

WITH  __dbt__cte__src_listings as (
WITH raw_listings AS (
    SELECT * FROM AIRFLOW.raw.raw_listings
)
SELECT 
    id AS listing_id,
    name AS listing_name,
    listing_url,
    room_type,
    minimum_nights,
    host_id,
    price AS price_str,
    created_at,
    updated_at
FROM
    raw_listings
), src_listings AS (
    SELECT * FROM __dbt__cte__src_listings
)
SELECT
    listing_id,
    listing_name,
    listing_url,
    room_type,
    CASE 
        WHEN minimum_nights = 0 THEN 1
        ELSE minimum_nights
    END AS minimum_nights,
    host_id,
    REPLACE (price_str, '$') :: NUMBER(10,2) AS price,
    created_at,
    updated_at
FROM
    src_listings
  );
[0m13:38:09.937674 [debug] [Thread-1 (]: Opening a new connection, currently in state closed
[0m13:38:11.363026 [debug] [Thread-1 (]: SQL status: SUCCESS 1 in 1.0 seconds
[0m13:38:11.365819 [debug] [Thread-1 (]: Timing info for model.dbttest.dim_listings_cleansed (execute): 13:38:09.927207 => 13:38:11.365586
[0m13:38:11.366441 [debug] [Thread-1 (]: On model.dbttest.dim_listings_cleansed: Close
[0m13:38:11.491427 [debug] [Thread-1 (]: Sending event: {'category': 'dbt', 'action': 'run_model', 'label': '7ec89db2-51e5-4a3f-bf17-f4463634bf1c', 'context': [<snowplow_tracker.self_describing_json.SelfDescribingJson object at 0x7fe5e42f02d0>]}
[0m13:38:11.492323 [info ] [Thread-1 (]: 2 of 3 OK created sql view model DEV.dim_listings_cleansed ..................... [[32mSUCCESS 1[0m in 1.58s]
[0m13:38:11.493358 [debug] [Thread-1 (]: Finished running node model.dbttest.dim_listings_cleansed
[0m13:38:11.494894 [debug] [Thread-1 (]: Began running node model.dbttest.dim_listings_w_hosts
[0m13:38:11.495476 [info ] [Thread-1 (]: 3 of 3 START sql table model DEV.dim_listings_w_hosts .......................... [RUN]
[0m13:38:11.496348 [debug] [Thread-1 (]: Re-using an available connection from the pool (formerly model.dbttest.dim_listings_cleansed, now model.dbttest.dim_listings_w_hosts)
[0m13:38:11.496770 [debug] [Thread-1 (]: Began compiling node model.dbttest.dim_listings_w_hosts
[0m13:38:11.500664 [debug] [Thread-1 (]: Writing injected SQL for node "model.dbttest.dim_listings_w_hosts"
[0m13:38:11.501512 [debug] [Thread-1 (]: Timing info for model.dbttest.dim_listings_w_hosts (compile): 13:38:11.496996 => 13:38:11.501258
[0m13:38:11.502001 [debug] [Thread-1 (]: Began executing node model.dbttest.dim_listings_w_hosts
[0m13:38:11.527339 [debug] [Thread-1 (]: Writing runtime sql for node "model.dbttest.dim_listings_w_hosts"
[0m13:38:11.528806 [debug] [Thread-1 (]: Using snowflake connection "model.dbttest.dim_listings_w_hosts"
[0m13:38:11.529347 [debug] [Thread-1 (]: On model.dbttest.dim_listings_w_hosts: /* {"app": "dbt", "dbt_version": "1.7.13", "profile_name": "dbttest", "target_name": "dev", "node_id": "model.dbttest.dim_listings_w_hosts"} */
create or replace transient table AIRFLOW.DEV.dim_listings_w_hosts
         as
        (WITH l AS (
    SELECT * FROM AIRFLOW.DEV.dim_listings_cleansed
), 
h AS (
    SELECT * FROM AIRFLOW.DEV.dim_hosts_cleansed
)

SELECT 
    l.listing_id,
    l.listing_name,
    l.room_type,
    l.minimum_nights,
    l.price,
    l.host_id,
    h.host_name,
    h.is_superhost AS host_is_superhost,
    l.created_at,
    GREATEST(l.updated_at, h.updated_at) as updated_at
FROM l
LEFT JOIN h ON (h.host_id = l.host_id)
        );
[0m13:38:11.529959 [debug] [Thread-1 (]: Opening a new connection, currently in state closed
[0m13:38:14.107382 [debug] [Thread-1 (]: SQL status: SUCCESS 1 in 3.0 seconds
[0m13:38:14.111432 [debug] [Thread-1 (]: Timing info for model.dbttest.dim_listings_w_hosts (execute): 13:38:11.502311 => 13:38:14.111150
[0m13:38:14.111972 [debug] [Thread-1 (]: On model.dbttest.dim_listings_w_hosts: Close
[0m13:38:14.289209 [debug] [Thread-1 (]: Sending event: {'category': 'dbt', 'action': 'run_model', 'label': '7ec89db2-51e5-4a3f-bf17-f4463634bf1c', 'context': [<snowplow_tracker.self_describing_json.SelfDescribingJson object at 0x7fe5e541f6d0>]}
[0m13:38:14.290131 [info ] [Thread-1 (]: 3 of 3 OK created sql table model DEV.dim_listings_w_hosts ..................... [[32mSUCCESS 1[0m in 2.79s]
[0m13:38:14.290919 [debug] [Thread-1 (]: Finished running node model.dbttest.dim_listings_w_hosts
[0m13:38:14.293616 [debug] [MainThread]: Connection 'master' was properly closed.
[0m13:38:14.293987 [debug] [MainThread]: Connection 'model.dbttest.dim_listings_w_hosts' was properly closed.
[0m13:38:14.294438 [info ] [MainThread]: 
[0m13:38:14.294832 [info ] [MainThread]: Finished running 2 view models, 1 table model in 0 hours 0 minutes and 7.82 seconds (7.82s).
[0m13:38:14.295765 [debug] [MainThread]: Command end result
[0m13:38:14.308014 [info ] [MainThread]: 
[0m13:38:14.308593 [info ] [MainThread]: [32mCompleted successfully[0m
[0m13:38:14.308960 [info ] [MainThread]: 
[0m13:38:14.309406 [info ] [MainThread]: Done. PASS=3 WARN=0 ERROR=0 SKIP=0 TOTAL=3
[0m13:38:14.310454 [debug] [MainThread]: Resource report: {"command_name": "run", "command_success": true, "command_wall_clock_time": 8.371596, "process_user_time": 2.738382, "process_kernel_time": 0.188511, "process_mem_max_rss": "129304", "process_out_blocks": "2000", "process_in_blocks": "0"}
[0m13:38:14.310974 [debug] [MainThread]: Command `dbt run` succeeded at 13:38:14.310854 after 8.37 seconds
[0m13:38:14.311457 [debug] [MainThread]: Sending event: {'category': 'dbt', 'action': 'invocation', 'label': 'end', 'context': [<snowplow_tracker.self_describing_json.SelfDescribingJson object at 0x7fe5eab2f890>, <snowplow_tracker.self_describing_json.SelfDescribingJson object at 0x7fe5e6ed9950>, <snowplow_tracker.self_describing_json.SelfDescribingJson object at 0x7fe5eac93210>]}
[0m13:38:14.311902 [debug] [MainThread]: Flushing usage events
[0m13:38:18.299852 [debug] [MainThread]: Sending event: {'category': 'dbt', 'action': 'invocation', 'label': 'start', 'context': [<snowplow_tracker.self_describing_json.SelfDescribingJson object at 0x7f042af54a50>, <snowplow_tracker.self_describing_json.SelfDescribingJson object at 0x7f042ad8a690>, <snowplow_tracker.self_describing_json.SelfDescribingJson object at 0x7f042c085a50>]}


============================== 13:38:18.302453 | 496c36cf-6dcd-4df6-bc89-c321f85c6c0d ==============================
[0m13:38:18.302453 [info ] [MainThread]: Running with dbt=1.7.13
[0m13:38:18.305137 [debug] [MainThread]: running dbt with arguments {'printer_width': '80', 'indirect_selection': 'eager', 'write_json': 'True', 'log_cache_events': 'False', 'partial_parse': 'True', 'cache_selected_only': 'False', 'profiles_dir': '.', 'version_check': 'True', 'warn_error': 'None', 'log_path': '/usr/local/airflow/dags/dbttest/logs', 'fail_fast': 'False', 'debug': 'False', 'use_colors': 'True', 'use_experimental_parser': 'False', 'no_print': 'None', 'quiet': 'False', 'log_format': 'default', 'introspect': 'True', 'static_parser': 'True', 'warn_error_options': 'WarnErrorOptions(include=[], exclude=[])', 'target_path': 'None', 'invocation_command': 'dbt run --models fct.* --profiles-dir .', 'send_anonymous_usage_stats': 'True'}
[0m13:38:18.608736 [debug] [MainThread]: Sending event: {'category': 'dbt', 'action': 'project_id', 'label': '496c36cf-6dcd-4df6-bc89-c321f85c6c0d', 'context': [<snowplow_tracker.self_describing_json.SelfDescribingJson object at 0x7f042ad8b590>]}
[0m13:38:18.689937 [debug] [MainThread]: Sending event: {'category': 'dbt', 'action': 'adapter_info', 'label': '496c36cf-6dcd-4df6-bc89-c321f85c6c0d', 'context': [<snowplow_tracker.self_describing_json.SelfDescribingJson object at 0x7f042af491d0>]}
[0m13:38:18.690749 [info ] [MainThread]: Registered adapter: snowflake=1.7.1
[0m13:38:18.697687 [debug] [MainThread]: checksum: 6c24e2ee36a42cedd7e5de2827d214776eb7a8e8f425f6d8acb06c31add0afef, vars: {}, profile: , target: , version: 1.7.13
[0m13:38:18.720117 [debug] [MainThread]: Partial parsing enabled: 0 files deleted, 0 files added, 0 files changed.
[0m13:38:18.720553 [debug] [MainThread]: Partial parsing enabled, no changes found, skipping parsing
[0m13:38:18.726356 [debug] [MainThread]: Sending event: {'category': 'dbt', 'action': 'load_project', 'label': '496c36cf-6dcd-4df6-bc89-c321f85c6c0d', 'context': [<snowplow_tracker.self_describing_json.SelfDescribingJson object at 0x7f0429df6790>]}
[0m13:38:18.796177 [debug] [MainThread]: Sending event: {'category': 'dbt', 'action': 'resource_counts', 'label': '496c36cf-6dcd-4df6-bc89-c321f85c6c0d', 'context': [<snowplow_tracker.self_describing_json.SelfDescribingJson object at 0x7f042c101190>]}
[0m13:38:18.796753 [info ] [MainThread]: Found 8 models, 2 snapshots, 9 tests, 1 seed, 3 sources, 0 exposures, 0 metrics, 432 macros, 0 groups, 0 semantic models
[0m13:38:18.797293 [debug] [MainThread]: Sending event: {'category': 'dbt', 'action': 'runnable_timing', 'label': '496c36cf-6dcd-4df6-bc89-c321f85c6c0d', 'context': [<snowplow_tracker.self_describing_json.SelfDescribingJson object at 0x7f0429eb3fd0>]}
[0m13:38:18.799670 [info ] [MainThread]: 
[0m13:38:18.800617 [debug] [MainThread]: Acquiring new snowflake connection 'master'
[0m13:38:18.801964 [debug] [ThreadPool]: Acquiring new snowflake connection 'list_AIRFLOW'
[0m13:38:18.815509 [debug] [ThreadPool]: Using snowflake connection "list_AIRFLOW"
[0m13:38:18.816139 [debug] [ThreadPool]: On list_AIRFLOW: /* {"app": "dbt", "dbt_version": "1.7.13", "profile_name": "dbttest", "target_name": "dev", "connection_name": "list_AIRFLOW"} */
show terse schemas in database AIRFLOW
    limit 10000
[0m13:38:18.816734 [debug] [ThreadPool]: Opening a new connection, currently in state init
[0m13:38:19.431150 [debug] [ThreadPool]: SQL status: SUCCESS 4 in 1.0 seconds
[0m13:38:19.432976 [debug] [ThreadPool]: On list_AIRFLOW: Close
[0m13:38:19.578136 [debug] [ThreadPool]: Re-using an available connection from the pool (formerly list_AIRFLOW, now list_AIRFLOW_dev)
[0m13:38:19.588567 [debug] [ThreadPool]: Using snowflake connection "list_AIRFLOW_dev"
[0m13:38:19.589018 [debug] [ThreadPool]: On list_AIRFLOW_dev: /* {"app": "dbt", "dbt_version": "1.7.13", "profile_name": "dbttest", "target_name": "dev", "connection_name": "list_AIRFLOW_dev"} */
show terse objects in AIRFLOW.dev limit 10000
[0m13:38:19.589269 [debug] [ThreadPool]: Opening a new connection, currently in state closed
[0m13:38:20.034631 [debug] [ThreadPool]: SQL status: SUCCESS 6 in 0.0 seconds
[0m13:38:20.036447 [debug] [ThreadPool]: On list_AIRFLOW_dev: Close
[0m13:38:20.183831 [debug] [ThreadPool]: Re-using an available connection from the pool (formerly list_AIRFLOW_dev, now list_AIRFLOW_DEV)
[0m13:38:20.188158 [debug] [ThreadPool]: Using snowflake connection "list_AIRFLOW_DEV"
[0m13:38:20.188944 [debug] [ThreadPool]: On list_AIRFLOW_DEV: /* {"app": "dbt", "dbt_version": "1.7.13", "profile_name": "dbttest", "target_name": "dev", "connection_name": "list_AIRFLOW_DEV"} */
show terse objects in AIRFLOW.DEV limit 10000
[0m13:38:20.189295 [debug] [ThreadPool]: Opening a new connection, currently in state closed
[0m13:38:20.678502 [debug] [ThreadPool]: SQL status: SUCCESS 6 in 0.0 seconds
[0m13:38:20.680544 [debug] [ThreadPool]: On list_AIRFLOW_DEV: Close
[0m13:38:20.818841 [debug] [MainThread]: Sending event: {'category': 'dbt', 'action': 'runnable_timing', 'label': '496c36cf-6dcd-4df6-bc89-c321f85c6c0d', 'context': [<snowplow_tracker.self_describing_json.SelfDescribingJson object at 0x7f042ad8c950>]}
[0m13:38:20.820197 [info ] [MainThread]: Concurrency: 1 threads (target='dev')
[0m13:38:20.820684 [info ] [MainThread]: 
[0m13:38:20.824227 [debug] [Thread-1 (]: Began running node model.dbttest.fct_reviews
[0m13:38:20.825046 [info ] [Thread-1 (]: 1 of 1 START sql incremental model DEV.fct_reviews ............................. [RUN]
[0m13:38:20.826497 [debug] [Thread-1 (]: Re-using an available connection from the pool (formerly list_AIRFLOW_DEV, now model.dbttest.fct_reviews)
[0m13:38:20.828096 [debug] [Thread-1 (]: Began compiling node model.dbttest.fct_reviews
[0m13:38:20.843825 [debug] [Thread-1 (]: Writing injected SQL for node "model.dbttest.fct_reviews"
[0m13:38:20.846992 [debug] [Thread-1 (]: Writing injected SQL for node "model.dbttest.fct_reviews"
[0m13:38:20.847931 [debug] [Thread-1 (]: Timing info for model.dbttest.fct_reviews (compile): 13:38:20.828392 => 13:38:20.847598
[0m13:38:20.848415 [debug] [Thread-1 (]: Began executing node model.dbttest.fct_reviews
[0m13:38:20.896984 [debug] [Thread-1 (]: Using snowflake connection "model.dbttest.fct_reviews"
[0m13:38:20.897633 [debug] [Thread-1 (]: On model.dbttest.fct_reviews: /* {"app": "dbt", "dbt_version": "1.7.13", "profile_name": "dbttest", "target_name": "dev", "node_id": "model.dbttest.fct_reviews"} */
create or replace  temporary view AIRFLOW.DEV.fct_reviews__dbt_tmp
  
   as (
    -- This is a configuration block to create an incremental materialization
-- It appends the data to the reviews fact table when any new reviews come in

-- Then you define your CTE as usual
WITH  __dbt__cte__src_reviews as (
WITH raw_reviews AS(
    SELECT * FROM AIRFLOW.raw.raw_reviews
)
SELECT 
    listing_id,
    date AS review_date,
    reviewer_name,
    comments AS review_text,
    sentiment AS review_sentiment
FROM
    raw_reviews
), src_reviews AS (
    SELECT * FROM __dbt__cte__src_reviews
)
SELECT * FROM src_reviews
WHERE review_text IS NOT NULL
-- how dbt knows a record review is new or not 
-- we need to create a jinja if stmt

  and review_date > (select max(review_date) from AIRFLOW.DEV.fct_reviews)

  );
[0m13:38:20.898087 [debug] [Thread-1 (]: Opening a new connection, currently in state closed
[0m13:38:21.517692 [debug] [Thread-1 (]: SQL status: SUCCESS 1 in 1.0 seconds
[0m13:38:21.528162 [debug] [Thread-1 (]: Using snowflake connection "model.dbttest.fct_reviews"
[0m13:38:21.528607 [debug] [Thread-1 (]: On model.dbttest.fct_reviews: /* {"app": "dbt", "dbt_version": "1.7.13", "profile_name": "dbttest", "target_name": "dev", "node_id": "model.dbttest.fct_reviews"} */
describe table AIRFLOW.DEV.fct_reviews__dbt_tmp
[0m13:38:21.651159 [debug] [Thread-1 (]: SQL status: SUCCESS 5 in 0.0 seconds
[0m13:38:21.655306 [debug] [Thread-1 (]: Using snowflake connection "model.dbttest.fct_reviews"
[0m13:38:21.655734 [debug] [Thread-1 (]: On model.dbttest.fct_reviews: /* {"app": "dbt", "dbt_version": "1.7.13", "profile_name": "dbttest", "target_name": "dev", "node_id": "model.dbttest.fct_reviews"} */
describe table AIRFLOW.DEV.fct_reviews
[0m13:38:21.774056 [debug] [Thread-1 (]: SQL status: SUCCESS 5 in 0.0 seconds
[0m13:38:21.794916 [debug] [Thread-1 (]: Using snowflake connection "model.dbttest.fct_reviews"
[0m13:38:21.795560 [debug] [Thread-1 (]: On model.dbttest.fct_reviews: /* {"app": "dbt", "dbt_version": "1.7.13", "profile_name": "dbttest", "target_name": "dev", "node_id": "model.dbttest.fct_reviews"} */
describe table AIRFLOW.DEV.fct_reviews__dbt_tmp
[0m13:38:22.030628 [debug] [Thread-1 (]: SQL status: SUCCESS 5 in 0.0 seconds
[0m13:38:22.034761 [debug] [Thread-1 (]: Using snowflake connection "model.dbttest.fct_reviews"
[0m13:38:22.035238 [debug] [Thread-1 (]: On model.dbttest.fct_reviews: /* {"app": "dbt", "dbt_version": "1.7.13", "profile_name": "dbttest", "target_name": "dev", "node_id": "model.dbttest.fct_reviews"} */
describe table "AIRFLOW"."DEV"."FCT_REVIEWS"
[0m13:38:22.234571 [debug] [Thread-1 (]: SQL status: SUCCESS 5 in 0.0 seconds
[0m13:38:22.243824 [debug] [Thread-1 (]: 
    In "AIRFLOW"."DEV"."FCT_REVIEWS":
        Schema changed: False
        Source columns not in target: []
        Target columns not in source: []
        New column types: []
  
[0m13:38:22.259911 [debug] [Thread-1 (]: Writing runtime sql for node "model.dbttest.fct_reviews"
[0m13:38:22.261006 [debug] [Thread-1 (]: Using snowflake connection "model.dbttest.fct_reviews"
[0m13:38:22.261441 [debug] [Thread-1 (]: On model.dbttest.fct_reviews: /* {"app": "dbt", "dbt_version": "1.7.13", "profile_name": "dbttest", "target_name": "dev", "node_id": "model.dbttest.fct_reviews"} */
-- back compat for old kwarg name
  
  begin;
[0m13:38:22.422192 [debug] [Thread-1 (]: SQL status: SUCCESS 1 in 0.0 seconds
[0m13:38:22.422792 [debug] [Thread-1 (]: Using snowflake connection "model.dbttest.fct_reviews"
[0m13:38:22.423419 [debug] [Thread-1 (]: On model.dbttest.fct_reviews: /* {"app": "dbt", "dbt_version": "1.7.13", "profile_name": "dbttest", "target_name": "dev", "node_id": "model.dbttest.fct_reviews"} */
insert into AIRFLOW.DEV.fct_reviews ("LISTING_ID", "REVIEW_DATE", "REVIEWER_NAME", "REVIEW_TEXT", "REVIEW_SENTIMENT")
        (
            select "LISTING_ID", "REVIEW_DATE", "REVIEWER_NAME", "REVIEW_TEXT", "REVIEW_SENTIMENT"
            from AIRFLOW.DEV.fct_reviews__dbt_tmp
        );
[0m13:38:23.043089 [debug] [Thread-1 (]: SQL status: SUCCESS 0 in 1.0 seconds
[0m13:38:23.044208 [debug] [Thread-1 (]: Using snowflake connection "model.dbttest.fct_reviews"
[0m13:38:23.044913 [debug] [Thread-1 (]: On model.dbttest.fct_reviews: /* {"app": "dbt", "dbt_version": "1.7.13", "profile_name": "dbttest", "target_name": "dev", "node_id": "model.dbttest.fct_reviews"} */
COMMIT
[0m13:38:23.289844 [debug] [Thread-1 (]: SQL status: SUCCESS 1 in 0.0 seconds
[0m13:38:23.298869 [debug] [Thread-1 (]: Applying DROP to: AIRFLOW.DEV.fct_reviews__dbt_tmp
[0m13:38:23.308014 [debug] [Thread-1 (]: Using snowflake connection "model.dbttest.fct_reviews"
[0m13:38:23.308514 [debug] [Thread-1 (]: On model.dbttest.fct_reviews: /* {"app": "dbt", "dbt_version": "1.7.13", "profile_name": "dbttest", "target_name": "dev", "node_id": "model.dbttest.fct_reviews"} */
drop view if exists AIRFLOW.DEV.fct_reviews__dbt_tmp cascade
[0m13:38:23.433900 [debug] [Thread-1 (]: SQL status: SUCCESS 1 in 0.0 seconds
[0m13:38:23.457660 [debug] [Thread-1 (]: Timing info for model.dbttest.fct_reviews (execute): 13:38:20.848738 => 13:38:23.457315
[0m13:38:23.458337 [debug] [Thread-1 (]: On model.dbttest.fct_reviews: Close
[0m13:38:23.592714 [debug] [Thread-1 (]: Sending event: {'category': 'dbt', 'action': 'run_model', 'label': '496c36cf-6dcd-4df6-bc89-c321f85c6c0d', 'context': [<snowplow_tracker.self_describing_json.SelfDescribingJson object at 0x7f0429c27a10>]}
[0m13:38:23.593863 [info ] [Thread-1 (]: 1 of 1 OK created sql incremental model DEV.fct_reviews ........................ [[32mSUCCESS 0[0m in 2.77s]
[0m13:38:23.595025 [debug] [Thread-1 (]: Finished running node model.dbttest.fct_reviews
[0m13:38:23.598347 [debug] [MainThread]: Connection 'master' was properly closed.
[0m13:38:23.598777 [debug] [MainThread]: Connection 'model.dbttest.fct_reviews' was properly closed.
[0m13:38:23.599244 [info ] [MainThread]: 
[0m13:38:23.599780 [info ] [MainThread]: Finished running 1 incremental model in 0 hours 0 minutes and 4.80 seconds (4.80s).
[0m13:38:23.600549 [debug] [MainThread]: Command end result
[0m13:38:23.610502 [info ] [MainThread]: 
[0m13:38:23.611158 [info ] [MainThread]: [32mCompleted successfully[0m
[0m13:38:23.611549 [info ] [MainThread]: 
[0m13:38:23.611945 [info ] [MainThread]: Done. PASS=1 WARN=0 ERROR=0 SKIP=0 TOTAL=1
[0m13:38:23.612888 [debug] [MainThread]: Resource report: {"command_name": "run", "command_success": true, "command_wall_clock_time": 5.3654804, "process_user_time": 2.742179, "process_kernel_time": 0.12994, "process_mem_max_rss": "129992", "process_out_blocks": "1952", "process_in_blocks": "0"}
[0m13:38:23.613359 [debug] [MainThread]: Command `dbt run` succeeded at 13:38:23.613239 after 5.37 seconds
[0m13:38:23.613705 [debug] [MainThread]: Sending event: {'category': 'dbt', 'action': 'invocation', 'label': 'end', 'context': [<snowplow_tracker.self_describing_json.SelfDescribingJson object at 0x7f042ad8add0>, <snowplow_tracker.self_describing_json.SelfDescribingJson object at 0x7f042c307d90>, <snowplow_tracker.self_describing_json.SelfDescribingJson object at 0x7f042af46e50>]}
[0m13:38:23.614182 [debug] [MainThread]: Flushing usage events
[0m13:38:27.601286 [debug] [MainThread]: Sending event: {'category': 'dbt', 'action': 'invocation', 'label': 'start', 'context': [<snowplow_tracker.self_describing_json.SelfDescribingJson object at 0x7f4bbc602dd0>, <snowplow_tracker.self_describing_json.SelfDescribingJson object at 0x7f4bbc7b7990>, <snowplow_tracker.self_describing_json.SelfDescribingJson object at 0x7f4bbc7b7c10>]}


============================== 13:38:27.603673 | 31767527-caac-4f0f-8e9f-efeb6c9f0f98 ==============================
[0m13:38:27.603673 [info ] [MainThread]: Running with dbt=1.7.13
[0m13:38:27.604353 [debug] [MainThread]: running dbt with arguments {'printer_width': '80', 'indirect_selection': 'eager', 'write_json': 'True', 'log_cache_events': 'False', 'partial_parse': 'True', 'cache_selected_only': 'False', 'profiles_dir': '.', 'debug': 'False', 'version_check': 'True', 'log_path': '/usr/local/airflow/dags/dbttest/logs', 'fail_fast': 'False', 'warn_error': 'None', 'use_colors': 'True', 'use_experimental_parser': 'False', 'no_print': 'None', 'quiet': 'False', 'log_format': 'default', 'static_parser': 'True', 'warn_error_options': 'WarnErrorOptions(include=[], exclude=[])', 'invocation_command': 'dbt seed --profiles-dir .', 'target_path': 'None', 'introspect': 'True', 'send_anonymous_usage_stats': 'True'}
[0m13:38:27.913169 [debug] [MainThread]: Sending event: {'category': 'dbt', 'action': 'project_id', 'label': '31767527-caac-4f0f-8e9f-efeb6c9f0f98', 'context': [<snowplow_tracker.self_describing_json.SelfDescribingJson object at 0x7f4bbc6235d0>]}
[0m13:38:28.003023 [debug] [MainThread]: Sending event: {'category': 'dbt', 'action': 'adapter_info', 'label': '31767527-caac-4f0f-8e9f-efeb6c9f0f98', 'context': [<snowplow_tracker.self_describing_json.SelfDescribingJson object at 0x7f4bbb759890>]}
[0m13:38:28.003960 [info ] [MainThread]: Registered adapter: snowflake=1.7.1
[0m13:38:28.014747 [debug] [MainThread]: checksum: 6c24e2ee36a42cedd7e5de2827d214776eb7a8e8f425f6d8acb06c31add0afef, vars: {}, profile: , target: , version: 1.7.13
[0m13:38:28.047220 [debug] [MainThread]: Partial parsing enabled: 0 files deleted, 0 files added, 0 files changed.
[0m13:38:28.047828 [debug] [MainThread]: Partial parsing enabled, no changes found, skipping parsing
[0m13:38:28.055353 [debug] [MainThread]: Sending event: {'category': 'dbt', 'action': 'load_project', 'label': '31767527-caac-4f0f-8e9f-efeb6c9f0f98', 'context': [<snowplow_tracker.self_describing_json.SelfDescribingJson object at 0x7f4bbb5e0490>]}
[0m13:38:28.132080 [debug] [MainThread]: Sending event: {'category': 'dbt', 'action': 'resource_counts', 'label': '31767527-caac-4f0f-8e9f-efeb6c9f0f98', 'context': [<snowplow_tracker.self_describing_json.SelfDescribingJson object at 0x7f4bbb707f50>]}
[0m13:38:28.132915 [info ] [MainThread]: Found 8 models, 2 snapshots, 9 tests, 1 seed, 3 sources, 0 exposures, 0 metrics, 432 macros, 0 groups, 0 semantic models
[0m13:38:28.133375 [debug] [MainThread]: Sending event: {'category': 'dbt', 'action': 'runnable_timing', 'label': '31767527-caac-4f0f-8e9f-efeb6c9f0f98', 'context': [<snowplow_tracker.self_describing_json.SelfDescribingJson object at 0x7f4bbb5f3c50>]}
[0m13:38:28.135824 [info ] [MainThread]: 
[0m13:38:28.136929 [debug] [MainThread]: Acquiring new snowflake connection 'master'
[0m13:38:28.138316 [debug] [ThreadPool]: Acquiring new snowflake connection 'list_AIRFLOW'
[0m13:38:28.153187 [debug] [ThreadPool]: Using snowflake connection "list_AIRFLOW"
[0m13:38:28.153663 [debug] [ThreadPool]: On list_AIRFLOW: /* {"app": "dbt", "dbt_version": "1.7.13", "profile_name": "dbttest", "target_name": "dev", "connection_name": "list_AIRFLOW"} */
show terse schemas in database AIRFLOW
    limit 10000
[0m13:38:28.154564 [debug] [ThreadPool]: Opening a new connection, currently in state init
[0m13:38:28.813846 [debug] [ThreadPool]: SQL status: SUCCESS 4 in 1.0 seconds
[0m13:38:28.815694 [debug] [ThreadPool]: On list_AIRFLOW: Close
[0m13:38:28.963321 [debug] [ThreadPool]: Re-using an available connection from the pool (formerly list_AIRFLOW, now list_AIRFLOW_DEV)
[0m13:38:28.975562 [debug] [ThreadPool]: Using snowflake connection "list_AIRFLOW_DEV"
[0m13:38:28.975996 [debug] [ThreadPool]: On list_AIRFLOW_DEV: /* {"app": "dbt", "dbt_version": "1.7.13", "profile_name": "dbttest", "target_name": "dev", "connection_name": "list_AIRFLOW_DEV"} */
show terse objects in AIRFLOW.DEV limit 10000
[0m13:38:28.976293 [debug] [ThreadPool]: Opening a new connection, currently in state closed
[0m13:38:29.602006 [debug] [ThreadPool]: SQL status: SUCCESS 6 in 1.0 seconds
[0m13:38:29.604495 [debug] [ThreadPool]: On list_AIRFLOW_DEV: Close
[0m13:38:29.733999 [debug] [ThreadPool]: Re-using an available connection from the pool (formerly list_AIRFLOW_DEV, now list_AIRFLOW_dev)
[0m13:38:29.738433 [debug] [ThreadPool]: Using snowflake connection "list_AIRFLOW_dev"
[0m13:38:29.739260 [debug] [ThreadPool]: On list_AIRFLOW_dev: /* {"app": "dbt", "dbt_version": "1.7.13", "profile_name": "dbttest", "target_name": "dev", "connection_name": "list_AIRFLOW_dev"} */
show terse objects in AIRFLOW.dev limit 10000
[0m13:38:29.739666 [debug] [ThreadPool]: Opening a new connection, currently in state closed
[0m13:38:30.229938 [debug] [ThreadPool]: SQL status: SUCCESS 6 in 0.0 seconds
[0m13:38:30.232364 [debug] [ThreadPool]: On list_AIRFLOW_dev: Close
[0m13:38:30.370300 [debug] [MainThread]: Sending event: {'category': 'dbt', 'action': 'runnable_timing', 'label': '31767527-caac-4f0f-8e9f-efeb6c9f0f98', 'context': [<snowplow_tracker.self_describing_json.SelfDescribingJson object at 0x7f4bbb5bba10>]}
[0m13:38:30.371349 [info ] [MainThread]: Concurrency: 1 threads (target='dev')
[0m13:38:30.371785 [info ] [MainThread]: 
[0m13:38:30.374846 [debug] [Thread-1 (]: Began running node seed.dbttest.seed_full_moon_dates
[0m13:38:30.375386 [info ] [Thread-1 (]: 1 of 1 START seed file DEV.seed_full_moon_dates ................................ [RUN]
[0m13:38:30.376223 [debug] [Thread-1 (]: Re-using an available connection from the pool (formerly list_AIRFLOW_dev, now seed.dbttest.seed_full_moon_dates)
[0m13:38:30.376632 [debug] [Thread-1 (]: Began compiling node seed.dbttest.seed_full_moon_dates
[0m13:38:30.377104 [debug] [Thread-1 (]: Timing info for seed.dbttest.seed_full_moon_dates (compile): 13:38:30.376866 => 13:38:30.376884
[0m13:38:30.377518 [debug] [Thread-1 (]: Began executing node seed.dbttest.seed_full_moon_dates
[0m13:38:30.416411 [debug] [Thread-1 (]: Using snowflake connection "seed.dbttest.seed_full_moon_dates"
[0m13:38:30.417151 [debug] [Thread-1 (]: On seed.dbttest.seed_full_moon_dates: /* {"app": "dbt", "dbt_version": "1.7.13", "profile_name": "dbttest", "target_name": "dev", "node_id": "seed.dbttest.seed_full_moon_dates"} */
BEGIN
[0m13:38:30.417795 [debug] [Thread-1 (]: Opening a new connection, currently in state closed
[0m13:38:30.836797 [debug] [Thread-1 (]: SQL status: SUCCESS 1 in 0.0 seconds
[0m13:38:30.837607 [debug] [Thread-1 (]: Using snowflake connection "seed.dbttest.seed_full_moon_dates"
[0m13:38:30.838157 [debug] [Thread-1 (]: On seed.dbttest.seed_full_moon_dates: /* {"app": "dbt", "dbt_version": "1.7.13", "profile_name": "dbttest", "target_name": "dev", "node_id": "seed.dbttest.seed_full_moon_dates"} */
truncate table "AIRFLOW"."DEV"."SEED_FULL_MOON_DATES"
  ;
[0m13:38:31.220430 [debug] [Thread-1 (]: SQL status: SUCCESS 1 in 0.0 seconds
[0m13:38:31.221122 [debug] [Thread-1 (]: Using snowflake connection "seed.dbttest.seed_full_moon_dates"
[0m13:38:31.221637 [debug] [Thread-1 (]: On seed.dbttest.seed_full_moon_dates: /* {"app": "dbt", "dbt_version": "1.7.13", "profile_name": "dbttest", "target_name": "dev", "node_id": "seed.dbttest.seed_full_moon_dates"} */
COMMIT
[0m13:38:31.654734 [debug] [Thread-1 (]: SQL status: SUCCESS 1 in 0.0 seconds
[0m13:38:31.675752 [debug] [Thread-1 (]: Using snowflake connection "seed.dbttest.seed_full_moon_dates"
[0m13:38:31.676497 [debug] [Thread-1 (]: On seed.dbttest.seed_full_moon_dates: /* {"app": "dbt", "dbt_version": "1.7.13", "profile_name": "dbttest", "target_name": "dev", "node_id": "seed.dbttest.seed_full_moon_dates"} */
BEGIN
[0m13:38:31.799468 [debug] [Thread-1 (]: SQL status: SUCCESS 1 in 0.0 seconds
[0m13:38:31.802028 [debug] [Thread-1 (]: Using snowflake connection "seed.dbttest.seed_full_moon_dates"
[0m13:38:31.802471 [debug] [Thread-1 (]: On seed.dbttest.seed_full_moon_dates: /* {"app": "dbt", "dbt_version": "1.7.13", "profile_name": "dbttest", "target_name": "dev", "node_id": "seed.dbttest.seed_full_moon_dates"} */
insert into AIRFLOW.DEV.seed_full_moon_dates (full_moon_date) values
            (%s),(%s),(%s),(%s),(%s),(%s),(%s),(%s),(%s),(%s),(%s),(%s),(%s),(%s),(%s),(%s),(%s),(%s),(%s),(%s),(%s),(%s),(%s),(%s),(%s),(%s),(%s),(%s),(%s),(%s),(%s),(%s),(%s),(%s),(%s),(%s),(%s),(%s),(%s),(%s),(%s),(%s),(%s),(%s),(%s),(%s),(%s),(%s),(%s),(%s),(%s),(%s),(%s),(%s),(%s),(%s),(%s),(%s...
[0m13:38:32.438821 [debug] [Thread-1 (]: SQL status: SUCCESS 272 in 1.0 seconds
[0m13:38:32.439650 [debug] [Thread-1 (]: Using snowflake connection "seed.dbttest.seed_full_moon_dates"
[0m13:38:32.440216 [debug] [Thread-1 (]: On seed.dbttest.seed_full_moon_dates: /* {"app": "dbt", "dbt_version": "1.7.13", "profile_name": "dbttest", "target_name": "dev", "node_id": "seed.dbttest.seed_full_moon_dates"} */
COMMIT
[0m13:38:32.831084 [debug] [Thread-1 (]: SQL status: SUCCESS 1 in 0.0 seconds
[0m13:38:32.840699 [debug] [Thread-1 (]: Writing runtime SQL for node "seed.dbttest.seed_full_moon_dates"
[0m13:38:32.872293 [debug] [Thread-1 (]: Timing info for seed.dbttest.seed_full_moon_dates (execute): 13:38:30.377737 => 13:38:32.871785
[0m13:38:32.873437 [debug] [Thread-1 (]: On seed.dbttest.seed_full_moon_dates: Close
[0m13:38:32.998924 [debug] [Thread-1 (]: Sending event: {'category': 'dbt', 'action': 'run_model', 'label': '31767527-caac-4f0f-8e9f-efeb6c9f0f98', 'context': [<snowplow_tracker.self_describing_json.SelfDescribingJson object at 0x7f4bbb319710>]}
[0m13:38:33.000177 [info ] [Thread-1 (]: 1 of 1 OK loaded seed file DEV.seed_full_moon_dates ............................ [[32mINSERT 272[0m in 2.62s]
[0m13:38:33.001470 [debug] [Thread-1 (]: Finished running node seed.dbttest.seed_full_moon_dates
[0m13:38:33.005216 [debug] [MainThread]: Connection 'master' was properly closed.
[0m13:38:33.005859 [debug] [MainThread]: Connection 'seed.dbttest.seed_full_moon_dates' was properly closed.
[0m13:38:33.006365 [info ] [MainThread]: 
[0m13:38:33.006847 [info ] [MainThread]: Finished running 1 seed in 0 hours 0 minutes and 4.87 seconds (4.87s).
[0m13:38:33.007624 [debug] [MainThread]: Command end result
[0m13:38:33.018605 [info ] [MainThread]: 
[0m13:38:33.019270 [info ] [MainThread]: [32mCompleted successfully[0m
[0m13:38:33.019770 [info ] [MainThread]: 
[0m13:38:33.020221 [info ] [MainThread]: Done. PASS=1 WARN=0 ERROR=0 SKIP=0 TOTAL=1
[0m13:38:33.021183 [debug] [MainThread]: Resource report: {"command_name": "seed", "command_success": true, "command_wall_clock_time": 5.4585123, "process_user_time": 2.797764, "process_kernel_time": 0.11049, "process_mem_max_rss": "128876", "process_out_blocks": "1928", "process_in_blocks": "0"}
[0m13:38:33.021693 [debug] [MainThread]: Command `dbt seed` succeeded at 13:38:33.021575 after 5.46 seconds
[0m13:38:33.022074 [debug] [MainThread]: Sending event: {'category': 'dbt', 'action': 'invocation', 'label': 'end', 'context': [<snowplow_tracker.self_describing_json.SelfDescribingJson object at 0x7f4bbca77d10>, <snowplow_tracker.self_describing_json.SelfDescribingJson object at 0x7f4bbca88490>, <snowplow_tracker.self_describing_json.SelfDescribingJson object at 0x7f4bbc7bed90>]}
[0m13:38:33.022488 [debug] [MainThread]: Flushing usage events
[0m13:38:36.660488 [debug] [MainThread]: Sending event: {'category': 'dbt', 'action': 'invocation', 'label': 'start', 'context': [<snowplow_tracker.self_describing_json.SelfDescribingJson object at 0x7f23368bf7d0>, <snowplow_tracker.self_describing_json.SelfDescribingJson object at 0x7f23368fb150>, <snowplow_tracker.self_describing_json.SelfDescribingJson object at 0x7f23368b3d50>]}


============================== 13:38:36.663182 | 9d6d06f8-0512-49f1-b978-0104c077338c ==============================
[0m13:38:36.663182 [info ] [MainThread]: Running with dbt=1.7.13
[0m13:38:36.663847 [debug] [MainThread]: running dbt with arguments {'printer_width': '80', 'indirect_selection': 'eager', 'write_json': 'True', 'log_cache_events': 'False', 'partial_parse': 'True', 'cache_selected_only': 'False', 'profiles_dir': '.', 'version_check': 'True', 'debug': 'False', 'log_path': '/usr/local/airflow/dags/dbttest/logs', 'warn_error': 'None', 'fail_fast': 'False', 'use_colors': 'True', 'use_experimental_parser': 'False', 'no_print': 'None', 'quiet': 'False', 'warn_error_options': 'WarnErrorOptions(include=[], exclude=[])', 'introspect': 'True', 'invocation_command': 'dbt run --models mart.* --profiles-dir .', 'static_parser': 'True', 'target_path': 'None', 'log_format': 'default', 'send_anonymous_usage_stats': 'True'}
[0m13:38:36.942149 [debug] [MainThread]: Sending event: {'category': 'dbt', 'action': 'project_id', 'label': '9d6d06f8-0512-49f1-b978-0104c077338c', 'context': [<snowplow_tracker.self_describing_json.SelfDescribingJson object at 0x7f23368b1d10>]}
[0m13:38:37.021771 [debug] [MainThread]: Sending event: {'category': 'dbt', 'action': 'adapter_info', 'label': '9d6d06f8-0512-49f1-b978-0104c077338c', 'context': [<snowplow_tracker.self_describing_json.SelfDescribingJson object at 0x7f23357e18d0>]}
[0m13:38:37.022864 [info ] [MainThread]: Registered adapter: snowflake=1.7.1
[0m13:38:37.030881 [debug] [MainThread]: checksum: 6c24e2ee36a42cedd7e5de2827d214776eb7a8e8f425f6d8acb06c31add0afef, vars: {}, profile: , target: , version: 1.7.13
[0m13:38:37.055072 [debug] [MainThread]: Partial parsing enabled: 0 files deleted, 0 files added, 0 files changed.
[0m13:38:37.055543 [debug] [MainThread]: Partial parsing enabled, no changes found, skipping parsing
[0m13:38:37.061824 [debug] [MainThread]: Sending event: {'category': 'dbt', 'action': 'load_project', 'label': '9d6d06f8-0512-49f1-b978-0104c077338c', 'context': [<snowplow_tracker.self_describing_json.SelfDescribingJson object at 0x7f233565c090>]}
[0m13:38:37.135587 [debug] [MainThread]: Sending event: {'category': 'dbt', 'action': 'resource_counts', 'label': '9d6d06f8-0512-49f1-b978-0104c077338c', 'context': [<snowplow_tracker.self_describing_json.SelfDescribingJson object at 0x7f23356d96d0>]}
[0m13:38:37.137649 [info ] [MainThread]: Found 8 models, 2 snapshots, 9 tests, 1 seed, 3 sources, 0 exposures, 0 metrics, 432 macros, 0 groups, 0 semantic models
[0m13:38:37.138336 [debug] [MainThread]: Sending event: {'category': 'dbt', 'action': 'runnable_timing', 'label': '9d6d06f8-0512-49f1-b978-0104c077338c', 'context': [<snowplow_tracker.self_describing_json.SelfDescribingJson object at 0x7f23355ac950>]}
[0m13:38:37.140876 [info ] [MainThread]: 
[0m13:38:37.142046 [debug] [MainThread]: Acquiring new snowflake connection 'master'
[0m13:38:37.143714 [debug] [ThreadPool]: Acquiring new snowflake connection 'list_AIRFLOW'
[0m13:38:37.165836 [debug] [ThreadPool]: Using snowflake connection "list_AIRFLOW"
[0m13:38:37.166518 [debug] [ThreadPool]: On list_AIRFLOW: /* {"app": "dbt", "dbt_version": "1.7.13", "profile_name": "dbttest", "target_name": "dev", "connection_name": "list_AIRFLOW"} */
show terse schemas in database AIRFLOW
    limit 10000
[0m13:38:37.167743 [debug] [ThreadPool]: Opening a new connection, currently in state init
[0m13:38:37.725295 [debug] [ThreadPool]: SQL status: SUCCESS 4 in 1.0 seconds
[0m13:38:37.727007 [debug] [ThreadPool]: On list_AIRFLOW: Close
[0m13:38:37.877293 [debug] [ThreadPool]: Re-using an available connection from the pool (formerly list_AIRFLOW, now list_AIRFLOW_DEV)
[0m13:38:37.889781 [debug] [ThreadPool]: Using snowflake connection "list_AIRFLOW_DEV"
[0m13:38:37.890254 [debug] [ThreadPool]: On list_AIRFLOW_DEV: /* {"app": "dbt", "dbt_version": "1.7.13", "profile_name": "dbttest", "target_name": "dev", "connection_name": "list_AIRFLOW_DEV"} */
show terse objects in AIRFLOW.DEV limit 10000
[0m13:38:37.890513 [debug] [ThreadPool]: Opening a new connection, currently in state closed
[0m13:38:38.491237 [debug] [ThreadPool]: SQL status: SUCCESS 6 in 1.0 seconds
[0m13:38:38.493854 [debug] [ThreadPool]: On list_AIRFLOW_DEV: Close
[0m13:38:38.630525 [debug] [ThreadPool]: Re-using an available connection from the pool (formerly list_AIRFLOW_DEV, now list_AIRFLOW_dev)
[0m13:38:38.634596 [debug] [ThreadPool]: Using snowflake connection "list_AIRFLOW_dev"
[0m13:38:38.635315 [debug] [ThreadPool]: On list_AIRFLOW_dev: /* {"app": "dbt", "dbt_version": "1.7.13", "profile_name": "dbttest", "target_name": "dev", "connection_name": "list_AIRFLOW_dev"} */
show terse objects in AIRFLOW.dev limit 10000
[0m13:38:38.635661 [debug] [ThreadPool]: Opening a new connection, currently in state closed
[0m13:38:39.169803 [debug] [ThreadPool]: SQL status: SUCCESS 6 in 1.0 seconds
[0m13:38:39.171662 [debug] [ThreadPool]: On list_AIRFLOW_dev: Close
[0m13:38:39.311053 [debug] [MainThread]: Sending event: {'category': 'dbt', 'action': 'runnable_timing', 'label': '9d6d06f8-0512-49f1-b978-0104c077338c', 'context': [<snowplow_tracker.self_describing_json.SelfDescribingJson object at 0x7f23355c2290>]}
[0m13:38:39.312108 [info ] [MainThread]: Concurrency: 1 threads (target='dev')
[0m13:38:39.312592 [info ] [MainThread]: 
[0m13:38:39.316920 [debug] [Thread-1 (]: Began running node model.dbttest.mart_full_moon_reviews
[0m13:38:39.318428 [info ] [Thread-1 (]: 1 of 1 START sql table model DEV.mart_full_moon_reviews ........................ [RUN]
[0m13:38:39.319818 [debug] [Thread-1 (]: Re-using an available connection from the pool (formerly list_AIRFLOW_dev, now model.dbttest.mart_full_moon_reviews)
[0m13:38:39.320363 [debug] [Thread-1 (]: Began compiling node model.dbttest.mart_full_moon_reviews
[0m13:38:39.329194 [debug] [Thread-1 (]: Writing injected SQL for node "model.dbttest.mart_full_moon_reviews"
[0m13:38:39.332089 [debug] [Thread-1 (]: Timing info for model.dbttest.mart_full_moon_reviews (compile): 13:38:39.320719 => 13:38:39.331663
[0m13:38:39.332728 [debug] [Thread-1 (]: Began executing node model.dbttest.mart_full_moon_reviews
[0m13:38:39.374283 [debug] [Thread-1 (]: Writing runtime sql for node "model.dbttest.mart_full_moon_reviews"
[0m13:38:39.375867 [debug] [Thread-1 (]: Using snowflake connection "model.dbttest.mart_full_moon_reviews"
[0m13:38:39.376404 [debug] [Thread-1 (]: On model.dbttest.mart_full_moon_reviews: /* {"app": "dbt", "dbt_version": "1.7.13", "profile_name": "dbttest", "target_name": "dev", "node_id": "model.dbttest.mart_full_moon_reviews"} */
create or replace transient table AIRFLOW.DEV.mart_full_moon_reviews
         as
        (

WITH fct_reviews AS (
    SELECT * FROM AIRFLOW.DEV.fct_reviews
),
full_moon_dates AS (
    SELECT * FROM AIRFLOW.DEV.seed_full_moon_dates
)

SELECT
    r.*,
    CASE
        WHEN fm.full_moon_date IS NULL THEN 'not full moon'
        ELSE 'full moon'
    END AS is_full_moon
FROM
    fct_reviews r 
    LEFT JOIN full_moon_dates fm 
    ON (TO_DATE(r.review_date)= DATEADD(DAY,1,fm.full_moon_date))
        );
[0m13:38:39.377101 [debug] [Thread-1 (]: Opening a new connection, currently in state closed
[0m13:38:43.776204 [debug] [Thread-1 (]: SQL status: SUCCESS 1 in 4.0 seconds
[0m13:38:43.803122 [debug] [Thread-1 (]: Timing info for model.dbttest.mart_full_moon_reviews (execute): 13:38:39.333002 => 13:38:43.802816
[0m13:38:43.803714 [debug] [Thread-1 (]: On model.dbttest.mart_full_moon_reviews: Close
[0m13:38:43.928677 [debug] [Thread-1 (]: Sending event: {'category': 'dbt', 'action': 'run_model', 'label': '9d6d06f8-0512-49f1-b978-0104c077338c', 'context': [<snowplow_tracker.self_describing_json.SelfDescribingJson object at 0x7f23354f2350>]}
[0m13:38:43.929599 [info ] [Thread-1 (]: 1 of 1 OK created sql table model DEV.mart_full_moon_reviews ................... [[32mSUCCESS 1[0m in 4.61s]
[0m13:38:43.930411 [debug] [Thread-1 (]: Finished running node model.dbttest.mart_full_moon_reviews
[0m13:38:43.934588 [debug] [MainThread]: Connection 'master' was properly closed.
[0m13:38:43.935727 [debug] [MainThread]: Connection 'model.dbttest.mart_full_moon_reviews' was properly closed.
[0m13:38:43.936661 [info ] [MainThread]: 
[0m13:38:43.937562 [info ] [MainThread]: Finished running 1 table model in 0 hours 0 minutes and 6.80 seconds (6.80s).
[0m13:38:43.939028 [debug] [MainThread]: Command end result
[0m13:38:43.952794 [info ] [MainThread]: 
[0m13:38:43.953937 [info ] [MainThread]: [32mCompleted successfully[0m
[0m13:38:43.954500 [info ] [MainThread]: 
[0m13:38:43.954992 [info ] [MainThread]: Done. PASS=1 WARN=0 ERROR=0 SKIP=0 TOTAL=1
[0m13:38:43.956413 [debug] [MainThread]: Resource report: {"command_name": "run", "command_success": true, "command_wall_clock_time": 7.336965, "process_user_time": 2.64887, "process_kernel_time": 0.141361, "process_mem_max_rss": "129428", "process_out_blocks": "1936", "process_in_blocks": "0"}
[0m13:38:43.957011 [debug] [MainThread]: Command `dbt run` succeeded at 13:38:43.956843 after 7.34 seconds
[0m13:38:43.957514 [debug] [MainThread]: Sending event: {'category': 'dbt', 'action': 'invocation', 'label': 'end', 'context': [<snowplow_tracker.self_describing_json.SelfDescribingJson object at 0x7f233748bd90>, <snowplow_tracker.self_describing_json.SelfDescribingJson object at 0x7f233ab42490>, <snowplow_tracker.self_describing_json.SelfDescribingJson object at 0x7f233ab33590>]}
[0m13:38:43.957961 [debug] [MainThread]: Flushing usage events
[0m14:50:49.395508 [debug] [MainThread]: Sending event: {'category': 'dbt', 'action': 'invocation', 'label': 'start', 'context': [<snowplow_tracker.self_describing_json.SelfDescribingJson object at 0x7ff73085b990>, <snowplow_tracker.self_describing_json.SelfDescribingJson object at 0x7ff730699c50>, <snowplow_tracker.self_describing_json.SelfDescribingJson object at 0x7ff73084ccd0>]}


============================== 14:50:49.399459 | edc173f3-9240-480e-b4dc-f6e725e8e027 ==============================
[0m14:50:49.399459 [info ] [MainThread]: Running with dbt=1.7.13
[0m14:50:49.400001 [debug] [MainThread]: running dbt with arguments {'printer_width': '80', 'indirect_selection': 'eager', 'write_json': 'True', 'log_cache_events': 'False', 'partial_parse': 'True', 'cache_selected_only': 'False', 'profiles_dir': '.', 'version_check': 'True', 'warn_error': 'None', 'log_path': '/usr/local/airflow/dags/dbttest/logs', 'fail_fast': 'False', 'debug': 'False', 'use_colors': 'True', 'use_experimental_parser': 'False', 'no_print': 'None', 'quiet': 'False', 'log_format': 'default', 'invocation_command': 'dbt run --full-refresh --models dim.* --profiles-dir .', 'static_parser': 'True', 'introspect': 'True', 'target_path': 'None', 'warn_error_options': 'WarnErrorOptions(include=[], exclude=[])', 'send_anonymous_usage_stats': 'True'}
[0m14:50:49.806280 [debug] [MainThread]: Sending event: {'category': 'dbt', 'action': 'project_id', 'label': 'edc173f3-9240-480e-b4dc-f6e725e8e027', 'context': [<snowplow_tracker.self_describing_json.SelfDescribingJson object at 0x7ff72f83d390>]}
[0m14:50:49.906085 [debug] [MainThread]: Sending event: {'category': 'dbt', 'action': 'adapter_info', 'label': 'edc173f3-9240-480e-b4dc-f6e725e8e027', 'context': [<snowplow_tracker.self_describing_json.SelfDescribingJson object at 0x7ff72f863a90>]}
[0m14:50:49.907113 [info ] [MainThread]: Registered adapter: snowflake=1.7.1
[0m14:50:49.917723 [debug] [MainThread]: checksum: 6c24e2ee36a42cedd7e5de2827d214776eb7a8e8f425f6d8acb06c31add0afef, vars: {}, profile: , target: , version: 1.7.13
[0m14:50:49.959478 [debug] [MainThread]: Partial parsing enabled: 0 files deleted, 0 files added, 0 files changed.
[0m14:50:49.959913 [debug] [MainThread]: Partial parsing enabled, no changes found, skipping parsing
[0m14:50:49.966752 [debug] [MainThread]: Sending event: {'category': 'dbt', 'action': 'load_project', 'label': 'edc173f3-9240-480e-b4dc-f6e725e8e027', 'context': [<snowplow_tracker.self_describing_json.SelfDescribingJson object at 0x7ff72f651510>]}
[0m14:50:50.042065 [debug] [MainThread]: Sending event: {'category': 'dbt', 'action': 'resource_counts', 'label': 'edc173f3-9240-480e-b4dc-f6e725e8e027', 'context': [<snowplow_tracker.self_describing_json.SelfDescribingJson object at 0x7ff72f6831d0>]}
[0m14:50:50.042790 [info ] [MainThread]: Found 8 models, 2 snapshots, 9 tests, 1 seed, 3 sources, 0 exposures, 0 metrics, 432 macros, 0 groups, 0 semantic models
[0m14:50:50.043223 [debug] [MainThread]: Sending event: {'category': 'dbt', 'action': 'runnable_timing', 'label': 'edc173f3-9240-480e-b4dc-f6e725e8e027', 'context': [<snowplow_tracker.self_describing_json.SelfDescribingJson object at 0x7ff730700f90>]}
[0m14:50:50.045118 [info ] [MainThread]: 
[0m14:50:50.046101 [debug] [MainThread]: Acquiring new snowflake connection 'master'
[0m14:50:50.047659 [debug] [ThreadPool]: Acquiring new snowflake connection 'list_AIRFLOW'
[0m14:50:50.061702 [debug] [ThreadPool]: Using snowflake connection "list_AIRFLOW"
[0m14:50:50.062305 [debug] [ThreadPool]: On list_AIRFLOW: /* {"app": "dbt", "dbt_version": "1.7.13", "profile_name": "dbttest", "target_name": "dev", "connection_name": "list_AIRFLOW"} */
show terse schemas in database AIRFLOW
    limit 10000
[0m14:50:50.062550 [debug] [ThreadPool]: Opening a new connection, currently in state init
[0m14:50:50.987293 [debug] [ThreadPool]: SQL status: SUCCESS 4 in 1.0 seconds
[0m14:50:50.989142 [debug] [ThreadPool]: On list_AIRFLOW: Close
[0m14:50:51.186893 [debug] [ThreadPool]: Re-using an available connection from the pool (formerly list_AIRFLOW, now list_AIRFLOW_DEV)
[0m14:50:51.204630 [debug] [ThreadPool]: Using snowflake connection "list_AIRFLOW_DEV"
[0m14:50:51.205458 [debug] [ThreadPool]: On list_AIRFLOW_DEV: /* {"app": "dbt", "dbt_version": "1.7.13", "profile_name": "dbttest", "target_name": "dev", "connection_name": "list_AIRFLOW_DEV"} */
show terse objects in AIRFLOW.DEV limit 10000
[0m14:50:51.208475 [debug] [ThreadPool]: Opening a new connection, currently in state closed
[0m14:50:51.615397 [debug] [ThreadPool]: SQL status: SUCCESS 6 in 0.0 seconds
[0m14:50:51.617926 [debug] [ThreadPool]: On list_AIRFLOW_DEV: Close
[0m14:50:51.792147 [debug] [ThreadPool]: Re-using an available connection from the pool (formerly list_AIRFLOW_DEV, now list_AIRFLOW_dev)
[0m14:50:51.796127 [debug] [ThreadPool]: Using snowflake connection "list_AIRFLOW_dev"
[0m14:50:51.796965 [debug] [ThreadPool]: On list_AIRFLOW_dev: /* {"app": "dbt", "dbt_version": "1.7.13", "profile_name": "dbttest", "target_name": "dev", "connection_name": "list_AIRFLOW_dev"} */
show terse objects in AIRFLOW.dev limit 10000
[0m14:50:51.797413 [debug] [ThreadPool]: Opening a new connection, currently in state closed
[0m14:50:52.384181 [debug] [ThreadPool]: SQL status: SUCCESS 6 in 1.0 seconds
[0m14:50:52.386435 [debug] [ThreadPool]: On list_AIRFLOW_dev: Close
[0m14:50:52.569776 [debug] [MainThread]: Sending event: {'category': 'dbt', 'action': 'runnable_timing', 'label': 'edc173f3-9240-480e-b4dc-f6e725e8e027', 'context': [<snowplow_tracker.self_describing_json.SelfDescribingJson object at 0x7ff72f5e5c10>]}
[0m14:50:52.570812 [info ] [MainThread]: Concurrency: 1 threads (target='dev')
[0m14:50:52.571284 [info ] [MainThread]: 
[0m14:50:52.574385 [debug] [Thread-1 (]: Began running node model.dbttest.dim_hosts_cleansed
[0m14:50:52.575064 [info ] [Thread-1 (]: 1 of 3 START sql view model DEV.dim_hosts_cleansed ............................. [RUN]
[0m14:50:52.575893 [debug] [Thread-1 (]: Re-using an available connection from the pool (formerly list_AIRFLOW_dev, now model.dbttest.dim_hosts_cleansed)
[0m14:50:52.576289 [debug] [Thread-1 (]: Began compiling node model.dbttest.dim_hosts_cleansed
[0m14:50:52.586801 [debug] [Thread-1 (]: Writing injected SQL for node "model.dbttest.dim_hosts_cleansed"
[0m14:50:52.589495 [debug] [Thread-1 (]: Writing injected SQL for node "model.dbttest.dim_hosts_cleansed"
[0m14:50:52.590111 [debug] [Thread-1 (]: Timing info for model.dbttest.dim_hosts_cleansed (compile): 14:50:52.576543 => 14:50:52.589890
[0m14:50:52.590571 [debug] [Thread-1 (]: Began executing node model.dbttest.dim_hosts_cleansed
[0m14:50:52.622912 [debug] [Thread-1 (]: Writing runtime sql for node "model.dbttest.dim_hosts_cleansed"
[0m14:50:52.625285 [debug] [Thread-1 (]: Using snowflake connection "model.dbttest.dim_hosts_cleansed"
[0m14:50:52.625848 [debug] [Thread-1 (]: On model.dbttest.dim_hosts_cleansed: /* {"app": "dbt", "dbt_version": "1.7.13", "profile_name": "dbttest", "target_name": "dev", "node_id": "model.dbttest.dim_hosts_cleansed"} */
create or replace   view AIRFLOW.DEV.dim_hosts_cleansed
  
   as (
    

WITH  __dbt__cte__src_hosts as (
WITH raw_hosts AS (
    SELECT * FROM AIRFLOW.raw.raw_hosts
)
SELECT 
    id AS host_id,
    name AS host_name,
    is_superhost,
    created_at,
    updated_at
FROM 
    raw_hosts
), src_hosts AS (
    SELECT * FROM __dbt__cte__src_hosts
)
SELECT 
    host_id,
    NVL( host_name, 'Anonymous') AS host_name, -- similar to below
    
    is_superhost,
    created_at,
    updated_at
FROM
    src_hosts
  );
[0m14:50:52.626253 [debug] [Thread-1 (]: Opening a new connection, currently in state closed
[0m14:50:53.510725 [debug] [Thread-1 (]: SQL status: SUCCESS 1 in 1.0 seconds
[0m14:50:53.545158 [debug] [Thread-1 (]: Timing info for model.dbttest.dim_hosts_cleansed (execute): 14:50:52.590803 => 14:50:53.544733
[0m14:50:53.546018 [debug] [Thread-1 (]: On model.dbttest.dim_hosts_cleansed: Close
[0m14:50:53.723270 [debug] [Thread-1 (]: Sending event: {'category': 'dbt', 'action': 'run_model', 'label': 'edc173f3-9240-480e-b4dc-f6e725e8e027', 'context': [<snowplow_tracker.self_describing_json.SelfDescribingJson object at 0x7ff72f409210>]}
[0m14:50:53.724216 [info ] [Thread-1 (]: 1 of 3 OK created sql view model DEV.dim_hosts_cleansed ........................ [[32mSUCCESS 1[0m in 1.15s]
[0m14:50:53.725161 [debug] [Thread-1 (]: Finished running node model.dbttest.dim_hosts_cleansed
[0m14:50:53.725836 [debug] [Thread-1 (]: Began running node model.dbttest.dim_listings_cleansed
[0m14:50:53.726423 [info ] [Thread-1 (]: 2 of 3 START sql view model DEV.dim_listings_cleansed .......................... [RUN]
[0m14:50:53.727493 [debug] [Thread-1 (]: Re-using an available connection from the pool (formerly model.dbttest.dim_hosts_cleansed, now model.dbttest.dim_listings_cleansed)
[0m14:50:53.727845 [debug] [Thread-1 (]: Began compiling node model.dbttest.dim_listings_cleansed
[0m14:50:53.734858 [debug] [Thread-1 (]: Writing injected SQL for node "model.dbttest.dim_listings_cleansed"
[0m14:50:53.739713 [debug] [Thread-1 (]: Writing injected SQL for node "model.dbttest.dim_listings_cleansed"
[0m14:50:53.740322 [debug] [Thread-1 (]: Timing info for model.dbttest.dim_listings_cleansed (compile): 14:50:53.728077 => 14:50:53.740111
[0m14:50:53.740669 [debug] [Thread-1 (]: Began executing node model.dbttest.dim_listings_cleansed
[0m14:50:53.746006 [debug] [Thread-1 (]: Writing runtime sql for node "model.dbttest.dim_listings_cleansed"
[0m14:50:53.748430 [debug] [Thread-1 (]: Using snowflake connection "model.dbttest.dim_listings_cleansed"
[0m14:50:53.748988 [debug] [Thread-1 (]: On model.dbttest.dim_listings_cleansed: /* {"app": "dbt", "dbt_version": "1.7.13", "profile_name": "dbttest", "target_name": "dev", "node_id": "model.dbttest.dim_listings_cleansed"} */
create or replace   view AIRFLOW.DEV.dim_listings_cleansed
  
   as (
    

WITH  __dbt__cte__src_listings as (
WITH raw_listings AS (
    SELECT * FROM AIRFLOW.raw.raw_listings
)
SELECT 
    id AS listing_id,
    name AS listing_name,
    listing_url,
    room_type,
    minimum_nights,
    host_id,
    price AS price_str,
    created_at,
    updated_at
FROM
    raw_listings
), src_listings AS (
    SELECT * FROM __dbt__cte__src_listings
)
SELECT
    listing_id,
    listing_name,
    listing_url,
    room_type,
    CASE 
        WHEN minimum_nights = 0 THEN 1
        ELSE minimum_nights
    END AS minimum_nights,
    host_id,
    REPLACE (price_str, '$') :: NUMBER(10,2) AS price,
    created_at,
    updated_at
FROM
    src_listings
  );
[0m14:50:53.749397 [debug] [Thread-1 (]: Opening a new connection, currently in state closed
[0m14:50:54.937409 [debug] [Thread-1 (]: SQL status: SUCCESS 1 in 1.0 seconds
[0m14:50:54.940359 [debug] [Thread-1 (]: Timing info for model.dbttest.dim_listings_cleansed (execute): 14:50:53.741025 => 14:50:54.940163
[0m14:50:54.940836 [debug] [Thread-1 (]: On model.dbttest.dim_listings_cleansed: Close
[0m14:50:55.136858 [debug] [Thread-1 (]: Sending event: {'category': 'dbt', 'action': 'run_model', 'label': 'edc173f3-9240-480e-b4dc-f6e725e8e027', 'context': [<snowplow_tracker.self_describing_json.SelfDescribingJson object at 0x7ff72f25ded0>]}
[0m14:50:55.138128 [info ] [Thread-1 (]: 2 of 3 OK created sql view model DEV.dim_listings_cleansed ..................... [[32mSUCCESS 1[0m in 1.41s]
[0m14:50:55.139225 [debug] [Thread-1 (]: Finished running node model.dbttest.dim_listings_cleansed
[0m14:50:55.140842 [debug] [Thread-1 (]: Began running node model.dbttest.dim_listings_w_hosts
[0m14:50:55.141403 [info ] [Thread-1 (]: 3 of 3 START sql table model DEV.dim_listings_w_hosts .......................... [RUN]
[0m14:50:55.142318 [debug] [Thread-1 (]: Re-using an available connection from the pool (formerly model.dbttest.dim_listings_cleansed, now model.dbttest.dim_listings_w_hosts)
[0m14:50:55.142679 [debug] [Thread-1 (]: Began compiling node model.dbttest.dim_listings_w_hosts
[0m14:50:55.146857 [debug] [Thread-1 (]: Writing injected SQL for node "model.dbttest.dim_listings_w_hosts"
[0m14:50:55.148389 [debug] [Thread-1 (]: Timing info for model.dbttest.dim_listings_w_hosts (compile): 14:50:55.142969 => 14:50:55.147876
[0m14:50:55.149036 [debug] [Thread-1 (]: Began executing node model.dbttest.dim_listings_w_hosts
[0m14:50:55.171144 [debug] [Thread-1 (]: Writing runtime sql for node "model.dbttest.dim_listings_w_hosts"
[0m14:50:55.172417 [debug] [Thread-1 (]: Using snowflake connection "model.dbttest.dim_listings_w_hosts"
[0m14:50:55.172972 [debug] [Thread-1 (]: On model.dbttest.dim_listings_w_hosts: /* {"app": "dbt", "dbt_version": "1.7.13", "profile_name": "dbttest", "target_name": "dev", "node_id": "model.dbttest.dim_listings_w_hosts"} */
create or replace transient table AIRFLOW.DEV.dim_listings_w_hosts
         as
        (WITH l AS (
    SELECT * FROM AIRFLOW.DEV.dim_listings_cleansed
), 
h AS (
    SELECT * FROM AIRFLOW.DEV.dim_hosts_cleansed
)

SELECT 
    l.listing_id,
    l.listing_name,
    l.room_type,
    l.minimum_nights,
    l.price,
    l.host_id,
    h.host_name,
    h.is_superhost AS host_is_superhost,
    l.created_at,
    GREATEST(l.updated_at, h.updated_at) as updated_at
FROM l
LEFT JOIN h ON (h.host_id = l.host_id)
        );
[0m14:50:55.173364 [debug] [Thread-1 (]: Opening a new connection, currently in state closed
[0m14:50:57.512871 [debug] [Thread-1 (]: SQL status: SUCCESS 1 in 2.0 seconds
[0m14:50:57.516330 [debug] [Thread-1 (]: Timing info for model.dbttest.dim_listings_w_hosts (execute): 14:50:55.149374 => 14:50:57.516034
[0m14:50:57.516942 [debug] [Thread-1 (]: On model.dbttest.dim_listings_w_hosts: Close
[0m14:50:57.650264 [debug] [Thread-1 (]: Sending event: {'category': 'dbt', 'action': 'run_model', 'label': 'edc173f3-9240-480e-b4dc-f6e725e8e027', 'context': [<snowplow_tracker.self_describing_json.SelfDescribingJson object at 0x7ff72f255e90>]}
[0m14:50:57.651166 [info ] [Thread-1 (]: 3 of 3 OK created sql table model DEV.dim_listings_w_hosts ..................... [[32mSUCCESS 1[0m in 2.51s]
[0m14:50:57.652042 [debug] [Thread-1 (]: Finished running node model.dbttest.dim_listings_w_hosts
[0m14:50:57.655057 [debug] [MainThread]: Connection 'master' was properly closed.
[0m14:50:57.655723 [debug] [MainThread]: Connection 'model.dbttest.dim_listings_w_hosts' was properly closed.
[0m14:50:57.656348 [info ] [MainThread]: 
[0m14:50:57.656877 [info ] [MainThread]: Finished running 2 view models, 1 table model in 0 hours 0 minutes and 7.61 seconds (7.61s).
[0m14:50:57.658086 [debug] [MainThread]: Command end result
[0m14:50:57.667566 [info ] [MainThread]: 
[0m14:50:57.668259 [info ] [MainThread]: [32mCompleted successfully[0m
[0m14:50:57.668693 [info ] [MainThread]: 
[0m14:50:57.669096 [info ] [MainThread]: Done. PASS=3 WARN=0 ERROR=0 SKIP=0 TOTAL=3
[0m14:50:57.670239 [debug] [MainThread]: Resource report: {"command_name": "run", "command_success": true, "command_wall_clock_time": 8.323047, "process_user_time": 3.234701, "process_kernel_time": 0.632876, "process_mem_max_rss": "128724", "process_out_blocks": "2008", "process_in_blocks": "0"}
[0m14:50:57.670718 [debug] [MainThread]: Command `dbt run` succeeded at 14:50:57.670587 after 8.32 seconds
[0m14:50:57.671099 [debug] [MainThread]: Sending event: {'category': 'dbt', 'action': 'invocation', 'label': 'end', 'context': [<snowplow_tracker.self_describing_json.SelfDescribingJson object at 0x7ff734a57650>, <snowplow_tracker.self_describing_json.SelfDescribingJson object at 0x7ff734a65ad0>, <snowplow_tracker.self_describing_json.SelfDescribingJson object at 0x7ff734bb7050>]}
[0m14:50:57.671488 [debug] [MainThread]: Flushing usage events
[0m14:52:14.140419 [debug] [MainThread]: Sending event: {'category': 'dbt', 'action': 'invocation', 'label': 'start', 'context': [<snowplow_tracker.self_describing_json.SelfDescribingJson object at 0x7f1a8ee03210>, <snowplow_tracker.self_describing_json.SelfDescribingJson object at 0x7f1a8ee00610>, <snowplow_tracker.self_describing_json.SelfDescribingJson object at 0x7f1a8ee00410>]}


============================== 14:52:14.143177 | e34ba1d2-02f7-4a35-a5f7-66f45accef08 ==============================
[0m14:52:14.143177 [info ] [MainThread]: Running with dbt=1.7.13
[0m14:52:14.144038 [debug] [MainThread]: running dbt with arguments {'printer_width': '80', 'indirect_selection': 'eager', 'log_cache_events': 'False', 'write_json': 'True', 'partial_parse': 'True', 'cache_selected_only': 'False', 'warn_error': 'None', 'debug': 'False', 'version_check': 'True', 'log_path': '/usr/local/airflow/dags/dbttest/logs', 'profiles_dir': '.', 'fail_fast': 'False', 'use_colors': 'True', 'use_experimental_parser': 'False', 'no_print': 'None', 'quiet': 'False', 'warn_error_options': 'WarnErrorOptions(include=[], exclude=[])', 'static_parser': 'True', 'introspect': 'True', 'invocation_command': 'dbt run --full-refresh --models src.* --profiles-dir .', 'target_path': 'None', 'log_format': 'default', 'send_anonymous_usage_stats': 'True'}
[0m14:52:14.460640 [debug] [MainThread]: Sending event: {'category': 'dbt', 'action': 'project_id', 'label': 'e34ba1d2-02f7-4a35-a5f7-66f45accef08', 'context': [<snowplow_tracker.self_describing_json.SelfDescribingJson object at 0x7f1a8dcded90>]}
[0m14:52:14.568068 [debug] [MainThread]: Sending event: {'category': 'dbt', 'action': 'adapter_info', 'label': 'e34ba1d2-02f7-4a35-a5f7-66f45accef08', 'context': [<snowplow_tracker.self_describing_json.SelfDescribingJson object at 0x7f1a8dd0cd90>]}
[0m14:52:14.569397 [info ] [MainThread]: Registered adapter: snowflake=1.7.1
[0m14:52:14.581942 [debug] [MainThread]: checksum: 6c24e2ee36a42cedd7e5de2827d214776eb7a8e8f425f6d8acb06c31add0afef, vars: {}, profile: , target: , version: 1.7.13
[0m14:52:14.610328 [debug] [MainThread]: Partial parsing enabled: 0 files deleted, 0 files added, 0 files changed.
[0m14:52:14.610765 [debug] [MainThread]: Partial parsing enabled, no changes found, skipping parsing
[0m14:52:14.617097 [debug] [MainThread]: Sending event: {'category': 'dbt', 'action': 'load_project', 'label': 'e34ba1d2-02f7-4a35-a5f7-66f45accef08', 'context': [<snowplow_tracker.self_describing_json.SelfDescribingJson object at 0x7f1a8d9bae10>]}
[0m14:52:14.693058 [debug] [MainThread]: Sending event: {'category': 'dbt', 'action': 'resource_counts', 'label': 'e34ba1d2-02f7-4a35-a5f7-66f45accef08', 'context': [<snowplow_tracker.self_describing_json.SelfDescribingJson object at 0x7f1a8df1d350>]}
[0m14:52:14.693787 [info ] [MainThread]: Found 8 models, 2 snapshots, 9 tests, 1 seed, 3 sources, 0 exposures, 0 metrics, 432 macros, 0 groups, 0 semantic models
[0m14:52:14.694360 [debug] [MainThread]: Sending event: {'category': 'dbt', 'action': 'runnable_timing', 'label': 'e34ba1d2-02f7-4a35-a5f7-66f45accef08', 'context': [<snowplow_tracker.self_describing_json.SelfDescribingJson object at 0x7f1a8dd06f50>]}
[0m14:52:14.696465 [info ] [MainThread]: 
[0m14:52:14.697322 [debug] [MainThread]: Acquiring new snowflake connection 'master'
[0m14:52:14.699459 [debug] [ThreadPool]: Acquiring new snowflake connection 'list_AIRFLOW_dev'
[0m14:52:14.715140 [debug] [ThreadPool]: Using snowflake connection "list_AIRFLOW_dev"
[0m14:52:14.715646 [debug] [ThreadPool]: On list_AIRFLOW_dev: /* {"app": "dbt", "dbt_version": "1.7.13", "profile_name": "dbttest", "target_name": "dev", "connection_name": "list_AIRFLOW_dev"} */
show terse objects in AIRFLOW.dev limit 10000
[0m14:52:14.715974 [debug] [ThreadPool]: Opening a new connection, currently in state init
[0m14:52:16.161468 [debug] [ThreadPool]: SQL status: SUCCESS 6 in 1.0 seconds
[0m14:52:16.163507 [debug] [ThreadPool]: On list_AIRFLOW_dev: Close
[0m14:52:16.364012 [debug] [ThreadPool]: Re-using an available connection from the pool (formerly list_AIRFLOW_dev, now list_AIRFLOW_DEV)
[0m14:52:16.371415 [debug] [ThreadPool]: Using snowflake connection "list_AIRFLOW_DEV"
[0m14:52:16.372706 [debug] [ThreadPool]: On list_AIRFLOW_DEV: /* {"app": "dbt", "dbt_version": "1.7.13", "profile_name": "dbttest", "target_name": "dev", "connection_name": "list_AIRFLOW_DEV"} */
show terse objects in AIRFLOW.DEV limit 10000
[0m14:52:16.373296 [debug] [ThreadPool]: Opening a new connection, currently in state closed
[0m14:52:16.950226 [debug] [ThreadPool]: SQL status: SUCCESS 6 in 1.0 seconds
[0m14:52:16.953460 [debug] [ThreadPool]: On list_AIRFLOW_DEV: Close
[0m14:52:17.100273 [debug] [MainThread]: Sending event: {'category': 'dbt', 'action': 'runnable_timing', 'label': 'e34ba1d2-02f7-4a35-a5f7-66f45accef08', 'context': [<snowplow_tracker.self_describing_json.SelfDescribingJson object at 0x7f1a8db09b90>]}
[0m14:52:17.101834 [info ] [MainThread]: Concurrency: 1 threads (target='dev')
[0m14:52:17.102490 [info ] [MainThread]: 
[0m14:52:17.107076 [debug] [Thread-1 (]: Began running node model.dbttest.src_hosts
[0m14:52:17.108223 [debug] [Thread-1 (]: Re-using an available connection from the pool (formerly list_AIRFLOW_DEV, now model.dbttest.src_hosts)
[0m14:52:17.108687 [debug] [Thread-1 (]: Began compiling node model.dbttest.src_hosts
[0m14:52:17.119508 [debug] [Thread-1 (]: Writing injected SQL for node "model.dbttest.src_hosts"
[0m14:52:17.120848 [debug] [Thread-1 (]: Timing info for model.dbttest.src_hosts (compile): 14:52:17.108935 => 14:52:17.120352
[0m14:52:17.122267 [debug] [Thread-1 (]: Finished running node model.dbttest.src_hosts
[0m14:52:17.122945 [debug] [Thread-1 (]: Began running node model.dbttest.src_listings
[0m14:52:17.123841 [debug] [Thread-1 (]: Re-using an available connection from the pool (formerly model.dbttest.src_hosts, now model.dbttest.src_listings)
[0m14:52:17.124294 [debug] [Thread-1 (]: Began compiling node model.dbttest.src_listings
[0m14:52:17.128387 [debug] [Thread-1 (]: Writing injected SQL for node "model.dbttest.src_listings"
[0m14:52:17.129634 [debug] [Thread-1 (]: Timing info for model.dbttest.src_listings (compile): 14:52:17.124608 => 14:52:17.129308
[0m14:52:17.130744 [debug] [Thread-1 (]: Finished running node model.dbttest.src_listings
[0m14:52:17.131219 [debug] [Thread-1 (]: Began running node model.dbttest.src_reviews
[0m14:52:17.132088 [debug] [Thread-1 (]: Re-using an available connection from the pool (formerly model.dbttest.src_listings, now model.dbttest.src_reviews)
[0m14:52:17.133371 [debug] [Thread-1 (]: Began compiling node model.dbttest.src_reviews
[0m14:52:17.137878 [debug] [Thread-1 (]: Writing injected SQL for node "model.dbttest.src_reviews"
[0m14:52:17.138737 [debug] [Thread-1 (]: Timing info for model.dbttest.src_reviews (compile): 14:52:17.134299 => 14:52:17.138497
[0m14:52:17.139795 [debug] [Thread-1 (]: Finished running node model.dbttest.src_reviews
[0m14:52:17.142716 [debug] [MainThread]: Connection 'master' was properly closed.
[0m14:52:17.143185 [debug] [MainThread]: Connection 'model.dbttest.src_reviews' was properly closed.
[0m14:52:17.143586 [info ] [MainThread]: 
[0m14:52:17.143991 [info ] [MainThread]: Finished running  in 0 hours 0 minutes and 2.45 seconds (2.45s).
[0m14:52:17.144687 [debug] [MainThread]: Command end result
[0m14:52:17.157246 [debug] [MainThread]: Resource report: {"command_name": "run", "command_success": true, "command_wall_clock_time": 3.0648267, "process_user_time": 3.248803, "process_kernel_time": 0.158478, "process_mem_max_rss": "128368", "process_out_blocks": "1952", "process_in_blocks": "0"}
[0m14:52:17.158075 [debug] [MainThread]: Command `dbt run` succeeded at 14:52:17.157810 after 3.07 seconds
[0m14:52:17.158726 [debug] [MainThread]: Sending event: {'category': 'dbt', 'action': 'invocation', 'label': 'end', 'context': [<snowplow_tracker.self_describing_json.SelfDescribingJson object at 0x7f1a8f0b8150>, <snowplow_tracker.self_describing_json.SelfDescribingJson object at 0x7f1a8ec33750>, <snowplow_tracker.self_describing_json.SelfDescribingJson object at 0x7f1a93173190>]}
[0m14:52:17.159443 [debug] [MainThread]: Flushing usage events
[0m14:52:20.749290 [debug] [MainThread]: Sending event: {'category': 'dbt', 'action': 'invocation', 'label': 'start', 'context': [<snowplow_tracker.self_describing_json.SelfDescribingJson object at 0x7fbaf7288310>, <snowplow_tracker.self_describing_json.SelfDescribingJson object at 0x7fbaf75c5990>, <snowplow_tracker.self_describing_json.SelfDescribingJson object at 0x7fbaf7bc6590>]}


============================== 14:52:20.753648 | 36ad4094-9540-4226-a937-2a64717ee2a8 ==============================
[0m14:52:20.753648 [info ] [MainThread]: Running with dbt=1.7.13
[0m14:52:20.754672 [debug] [MainThread]: running dbt with arguments {'printer_width': '80', 'indirect_selection': 'eager', 'write_json': 'True', 'log_cache_events': 'False', 'partial_parse': 'True', 'cache_selected_only': 'False', 'warn_error': 'None', 'fail_fast': 'False', 'profiles_dir': '.', 'log_path': '/usr/local/airflow/dags/dbttest/logs', 'version_check': 'True', 'debug': 'False', 'use_colors': 'True', 'use_experimental_parser': 'False', 'no_print': 'None', 'quiet': 'False', 'warn_error_options': 'WarnErrorOptions(include=[], exclude=[])', 'static_parser': 'True', 'introspect': 'True', 'log_format': 'default', 'target_path': 'None', 'invocation_command': 'dbt run --full-refresh --models dim.* --profiles-dir .', 'send_anonymous_usage_stats': 'True'}
[0m14:52:21.092375 [debug] [MainThread]: Sending event: {'category': 'dbt', 'action': 'project_id', 'label': '36ad4094-9540-4226-a937-2a64717ee2a8', 'context': [<snowplow_tracker.self_describing_json.SelfDescribingJson object at 0x7fbaf7bc6250>]}
[0m14:52:21.172678 [debug] [MainThread]: Sending event: {'category': 'dbt', 'action': 'adapter_info', 'label': '36ad4094-9540-4226-a937-2a64717ee2a8', 'context': [<snowplow_tracker.self_describing_json.SelfDescribingJson object at 0x7fbaf5f4f250>]}
[0m14:52:21.173522 [info ] [MainThread]: Registered adapter: snowflake=1.7.1
[0m14:52:21.180506 [debug] [MainThread]: checksum: 6c24e2ee36a42cedd7e5de2827d214776eb7a8e8f425f6d8acb06c31add0afef, vars: {}, profile: , target: , version: 1.7.13
[0m14:52:21.203140 [debug] [MainThread]: Partial parsing enabled: 0 files deleted, 0 files added, 0 files changed.
[0m14:52:21.203570 [debug] [MainThread]: Partial parsing enabled, no changes found, skipping parsing
[0m14:52:21.209921 [debug] [MainThread]: Sending event: {'category': 'dbt', 'action': 'load_project', 'label': '36ad4094-9540-4226-a937-2a64717ee2a8', 'context': [<snowplow_tracker.self_describing_json.SelfDescribingJson object at 0x7fbaf5bfe990>]}
[0m14:52:21.293401 [debug] [MainThread]: Sending event: {'category': 'dbt', 'action': 'resource_counts', 'label': '36ad4094-9540-4226-a937-2a64717ee2a8', 'context': [<snowplow_tracker.self_describing_json.SelfDescribingJson object at 0x7fbaf6fc0450>]}
[0m14:52:21.294272 [info ] [MainThread]: Found 8 models, 2 snapshots, 9 tests, 1 seed, 3 sources, 0 exposures, 0 metrics, 432 macros, 0 groups, 0 semantic models
[0m14:52:21.294858 [debug] [MainThread]: Sending event: {'category': 'dbt', 'action': 'runnable_timing', 'label': '36ad4094-9540-4226-a937-2a64717ee2a8', 'context': [<snowplow_tracker.self_describing_json.SelfDescribingJson object at 0x7fbaf5f7fc90>]}
[0m14:52:21.297276 [info ] [MainThread]: 
[0m14:52:21.298384 [debug] [MainThread]: Acquiring new snowflake connection 'master'
[0m14:52:21.300804 [debug] [ThreadPool]: Acquiring new snowflake connection 'list_AIRFLOW'
[0m14:52:21.318859 [debug] [ThreadPool]: Using snowflake connection "list_AIRFLOW"
[0m14:52:21.319386 [debug] [ThreadPool]: On list_AIRFLOW: /* {"app": "dbt", "dbt_version": "1.7.13", "profile_name": "dbttest", "target_name": "dev", "connection_name": "list_AIRFLOW"} */
show terse schemas in database AIRFLOW
    limit 10000
[0m14:52:21.319733 [debug] [ThreadPool]: Opening a new connection, currently in state init
[0m14:52:21.761861 [debug] [ThreadPool]: SQL status: SUCCESS 4 in 0.0 seconds
[0m14:52:21.764343 [debug] [ThreadPool]: On list_AIRFLOW: Close
[0m14:52:21.996419 [debug] [ThreadPool]: Re-using an available connection from the pool (formerly list_AIRFLOW, now list_AIRFLOW_DEV)
[0m14:52:22.007466 [debug] [ThreadPool]: Using snowflake connection "list_AIRFLOW_DEV"
[0m14:52:22.007949 [debug] [ThreadPool]: On list_AIRFLOW_DEV: /* {"app": "dbt", "dbt_version": "1.7.13", "profile_name": "dbttest", "target_name": "dev", "connection_name": "list_AIRFLOW_DEV"} */
show terse objects in AIRFLOW.DEV limit 10000
[0m14:52:22.008239 [debug] [ThreadPool]: Opening a new connection, currently in state closed
[0m14:52:23.542335 [debug] [ThreadPool]: SQL status: SUCCESS 6 in 2.0 seconds
[0m14:52:23.544875 [debug] [ThreadPool]: On list_AIRFLOW_DEV: Close
[0m14:52:23.685470 [debug] [ThreadPool]: Re-using an available connection from the pool (formerly list_AIRFLOW_DEV, now list_AIRFLOW_dev)
[0m14:52:23.689755 [debug] [ThreadPool]: Using snowflake connection "list_AIRFLOW_dev"
[0m14:52:23.690533 [debug] [ThreadPool]: On list_AIRFLOW_dev: /* {"app": "dbt", "dbt_version": "1.7.13", "profile_name": "dbttest", "target_name": "dev", "connection_name": "list_AIRFLOW_dev"} */
show terse objects in AIRFLOW.dev limit 10000
[0m14:52:23.690889 [debug] [ThreadPool]: Opening a new connection, currently in state closed
[0m14:52:24.195494 [debug] [ThreadPool]: SQL status: SUCCESS 6 in 1.0 seconds
[0m14:52:24.197756 [debug] [ThreadPool]: On list_AIRFLOW_dev: Close
[0m14:52:24.333440 [debug] [MainThread]: Sending event: {'category': 'dbt', 'action': 'runnable_timing', 'label': '36ad4094-9540-4226-a937-2a64717ee2a8', 'context': [<snowplow_tracker.self_describing_json.SelfDescribingJson object at 0x7fbaf5e7d8d0>]}
[0m14:52:24.335028 [info ] [MainThread]: Concurrency: 1 threads (target='dev')
[0m14:52:24.335884 [info ] [MainThread]: 
[0m14:52:24.339002 [debug] [Thread-1 (]: Began running node model.dbttest.dim_hosts_cleansed
[0m14:52:24.339533 [info ] [Thread-1 (]: 1 of 3 START sql view model DEV.dim_hosts_cleansed ............................. [RUN]
[0m14:52:24.340282 [debug] [Thread-1 (]: Re-using an available connection from the pool (formerly list_AIRFLOW_dev, now model.dbttest.dim_hosts_cleansed)
[0m14:52:24.340621 [debug] [Thread-1 (]: Began compiling node model.dbttest.dim_hosts_cleansed
[0m14:52:24.351043 [debug] [Thread-1 (]: Writing injected SQL for node "model.dbttest.dim_hosts_cleansed"
[0m14:52:24.353840 [debug] [Thread-1 (]: Writing injected SQL for node "model.dbttest.dim_hosts_cleansed"
[0m14:52:24.354589 [debug] [Thread-1 (]: Timing info for model.dbttest.dim_hosts_cleansed (compile): 14:52:24.340833 => 14:52:24.354287
[0m14:52:24.355064 [debug] [Thread-1 (]: Began executing node model.dbttest.dim_hosts_cleansed
[0m14:52:24.384578 [debug] [Thread-1 (]: Writing runtime sql for node "model.dbttest.dim_hosts_cleansed"
[0m14:52:24.386173 [debug] [Thread-1 (]: Using snowflake connection "model.dbttest.dim_hosts_cleansed"
[0m14:52:24.386645 [debug] [Thread-1 (]: On model.dbttest.dim_hosts_cleansed: /* {"app": "dbt", "dbt_version": "1.7.13", "profile_name": "dbttest", "target_name": "dev", "node_id": "model.dbttest.dim_hosts_cleansed"} */
create or replace   view AIRFLOW.DEV.dim_hosts_cleansed
  
   as (
    

WITH  __dbt__cte__src_hosts as (
WITH raw_hosts AS (
    SELECT * FROM AIRFLOW.raw.raw_hosts
)
SELECT 
    id AS host_id,
    name AS host_name,
    is_superhost,
    created_at,
    updated_at
FROM 
    raw_hosts
), src_hosts AS (
    SELECT * FROM __dbt__cte__src_hosts
)
SELECT 
    host_id,
    NVL( host_name, 'Anonymous') AS host_name, -- similar to below
    
    is_superhost,
    created_at,
    updated_at
FROM
    src_hosts
  );
[0m14:52:24.387054 [debug] [Thread-1 (]: Opening a new connection, currently in state closed
[0m14:52:24.965405 [debug] [Thread-1 (]: SQL status: SUCCESS 1 in 1.0 seconds
[0m14:52:24.990807 [debug] [Thread-1 (]: Timing info for model.dbttest.dim_hosts_cleansed (execute): 14:52:24.355297 => 14:52:24.990615
[0m14:52:24.991244 [debug] [Thread-1 (]: On model.dbttest.dim_hosts_cleansed: Close
[0m14:52:25.202165 [debug] [Thread-1 (]: Sending event: {'category': 'dbt', 'action': 'run_model', 'label': '36ad4094-9540-4226-a937-2a64717ee2a8', 'context': [<snowplow_tracker.self_describing_json.SelfDescribingJson object at 0x7fbaf5be4790>]}
[0m14:52:25.203154 [info ] [Thread-1 (]: 1 of 3 OK created sql view model DEV.dim_hosts_cleansed ........................ [[32mSUCCESS 1[0m in 0.86s]
[0m14:52:25.204026 [debug] [Thread-1 (]: Finished running node model.dbttest.dim_hosts_cleansed
[0m14:52:25.204824 [debug] [Thread-1 (]: Began running node model.dbttest.dim_listings_cleansed
[0m14:52:25.205749 [info ] [Thread-1 (]: 2 of 3 START sql view model DEV.dim_listings_cleansed .......................... [RUN]
[0m14:52:25.206614 [debug] [Thread-1 (]: Re-using an available connection from the pool (formerly model.dbttest.dim_hosts_cleansed, now model.dbttest.dim_listings_cleansed)
[0m14:52:25.206978 [debug] [Thread-1 (]: Began compiling node model.dbttest.dim_listings_cleansed
[0m14:52:25.212730 [debug] [Thread-1 (]: Writing injected SQL for node "model.dbttest.dim_listings_cleansed"
[0m14:52:25.217035 [debug] [Thread-1 (]: Writing injected SQL for node "model.dbttest.dim_listings_cleansed"
[0m14:52:25.217888 [debug] [Thread-1 (]: Timing info for model.dbttest.dim_listings_cleansed (compile): 14:52:25.207222 => 14:52:25.217598
[0m14:52:25.218328 [debug] [Thread-1 (]: Began executing node model.dbttest.dim_listings_cleansed
[0m14:52:25.224111 [debug] [Thread-1 (]: Writing runtime sql for node "model.dbttest.dim_listings_cleansed"
[0m14:52:25.225806 [debug] [Thread-1 (]: Using snowflake connection "model.dbttest.dim_listings_cleansed"
[0m14:52:25.226264 [debug] [Thread-1 (]: On model.dbttest.dim_listings_cleansed: /* {"app": "dbt", "dbt_version": "1.7.13", "profile_name": "dbttest", "target_name": "dev", "node_id": "model.dbttest.dim_listings_cleansed"} */
create or replace   view AIRFLOW.DEV.dim_listings_cleansed
  
   as (
    

WITH  __dbt__cte__src_listings as (
WITH raw_listings AS (
    SELECT * FROM AIRFLOW.raw.raw_listings
)
SELECT 
    id AS listing_id,
    name AS listing_name,
    listing_url,
    room_type,
    minimum_nights,
    host_id,
    price AS price_str,
    created_at,
    updated_at
FROM
    raw_listings
), src_listings AS (
    SELECT * FROM __dbt__cte__src_listings
)
SELECT
    listing_id,
    listing_name,
    listing_url,
    room_type,
    CASE 
        WHEN minimum_nights = 0 THEN 1
        ELSE minimum_nights
    END AS minimum_nights,
    host_id,
    REPLACE (price_str, '$') :: NUMBER(10,2) AS price,
    created_at,
    updated_at
FROM
    src_listings
  );
[0m14:52:25.228643 [debug] [Thread-1 (]: Opening a new connection, currently in state closed
[0m14:52:25.766449 [debug] [Thread-1 (]: SQL status: SUCCESS 1 in 1.0 seconds
[0m14:52:25.769811 [debug] [Thread-1 (]: Timing info for model.dbttest.dim_listings_cleansed (execute): 14:52:25.218550 => 14:52:25.769618
[0m14:52:25.770252 [debug] [Thread-1 (]: On model.dbttest.dim_listings_cleansed: Close
[0m14:52:25.916715 [debug] [Thread-1 (]: Sending event: {'category': 'dbt', 'action': 'run_model', 'label': '36ad4094-9540-4226-a937-2a64717ee2a8', 'context': [<snowplow_tracker.self_describing_json.SelfDescribingJson object at 0x7fbaf4200910>]}
[0m14:52:25.918236 [info ] [Thread-1 (]: 2 of 3 OK created sql view model DEV.dim_listings_cleansed ..................... [[32mSUCCESS 1[0m in 0.71s]
[0m14:52:25.919233 [debug] [Thread-1 (]: Finished running node model.dbttest.dim_listings_cleansed
[0m14:52:25.921011 [debug] [Thread-1 (]: Began running node model.dbttest.dim_listings_w_hosts
[0m14:52:25.921537 [info ] [Thread-1 (]: 3 of 3 START sql table model DEV.dim_listings_w_hosts .......................... [RUN]
[0m14:52:25.922538 [debug] [Thread-1 (]: Re-using an available connection from the pool (formerly model.dbttest.dim_listings_cleansed, now model.dbttest.dim_listings_w_hosts)
[0m14:52:25.923036 [debug] [Thread-1 (]: Began compiling node model.dbttest.dim_listings_w_hosts
[0m14:52:25.927386 [debug] [Thread-1 (]: Writing injected SQL for node "model.dbttest.dim_listings_w_hosts"
[0m14:52:25.928262 [debug] [Thread-1 (]: Timing info for model.dbttest.dim_listings_w_hosts (compile): 14:52:25.923312 => 14:52:25.927996
[0m14:52:25.928778 [debug] [Thread-1 (]: Began executing node model.dbttest.dim_listings_w_hosts
[0m14:52:25.960954 [debug] [Thread-1 (]: Writing runtime sql for node "model.dbttest.dim_listings_w_hosts"
[0m14:52:25.963146 [debug] [Thread-1 (]: Using snowflake connection "model.dbttest.dim_listings_w_hosts"
[0m14:52:25.963810 [debug] [Thread-1 (]: On model.dbttest.dim_listings_w_hosts: /* {"app": "dbt", "dbt_version": "1.7.13", "profile_name": "dbttest", "target_name": "dev", "node_id": "model.dbttest.dim_listings_w_hosts"} */
create or replace transient table AIRFLOW.DEV.dim_listings_w_hosts
         as
        (WITH l AS (
    SELECT * FROM AIRFLOW.DEV.dim_listings_cleansed
), 
h AS (
    SELECT * FROM AIRFLOW.DEV.dim_hosts_cleansed
)

SELECT 
    l.listing_id,
    l.listing_name,
    l.room_type,
    l.minimum_nights,
    l.price,
    l.host_id,
    h.host_name,
    h.is_superhost AS host_is_superhost,
    l.created_at,
    GREATEST(l.updated_at, h.updated_at) as updated_at
FROM l
LEFT JOIN h ON (h.host_id = l.host_id)
        );
[0m14:52:25.964374 [debug] [Thread-1 (]: Opening a new connection, currently in state closed
[0m14:52:27.171301 [debug] [Thread-1 (]: SQL status: SUCCESS 1 in 1.0 seconds
[0m14:52:27.175052 [debug] [Thread-1 (]: Timing info for model.dbttest.dim_listings_w_hosts (execute): 14:52:25.929034 => 14:52:27.174814
[0m14:52:27.175601 [debug] [Thread-1 (]: On model.dbttest.dim_listings_w_hosts: Close
[0m14:52:27.347951 [debug] [Thread-1 (]: Sending event: {'category': 'dbt', 'action': 'run_model', 'label': '36ad4094-9540-4226-a937-2a64717ee2a8', 'context': [<snowplow_tracker.self_describing_json.SelfDescribingJson object at 0x7fbaf4200a10>]}
[0m14:52:27.348995 [info ] [Thread-1 (]: 3 of 3 OK created sql table model DEV.dim_listings_w_hosts ..................... [[32mSUCCESS 1[0m in 1.43s]
[0m14:52:27.350056 [debug] [Thread-1 (]: Finished running node model.dbttest.dim_listings_w_hosts
[0m14:52:27.353954 [debug] [MainThread]: Connection 'master' was properly closed.
[0m14:52:27.354717 [debug] [MainThread]: Connection 'model.dbttest.dim_listings_w_hosts' was properly closed.
[0m14:52:27.355386 [info ] [MainThread]: 
[0m14:52:27.356090 [info ] [MainThread]: Finished running 2 view models, 1 table model in 0 hours 0 minutes and 6.06 seconds (6.06s).
[0m14:52:27.357594 [debug] [MainThread]: Command end result
[0m14:52:27.370134 [info ] [MainThread]: 
[0m14:52:27.371023 [info ] [MainThread]: [32mCompleted successfully[0m
[0m14:52:27.371606 [info ] [MainThread]: 
[0m14:52:27.372040 [info ] [MainThread]: Done. PASS=3 WARN=0 ERROR=0 SKIP=0 TOTAL=3
[0m14:52:27.373018 [debug] [MainThread]: Resource report: {"command_name": "run", "command_success": true, "command_wall_clock_time": 6.684185, "process_user_time": 3.22147, "process_kernel_time": 0.110391, "process_mem_max_rss": "129604", "process_out_blocks": "2008", "process_in_blocks": "0"}
[0m14:52:27.373581 [debug] [MainThread]: Command `dbt run` succeeded at 14:52:27.373421 after 6.68 seconds
[0m14:52:27.374019 [debug] [MainThread]: Sending event: {'category': 'dbt', 'action': 'invocation', 'label': 'end', 'context': [<snowplow_tracker.self_describing_json.SelfDescribingJson object at 0x7fbaf75c57d0>, <snowplow_tracker.self_describing_json.SelfDescribingJson object at 0x7fbafb22a750>, <snowplow_tracker.self_describing_json.SelfDescribingJson object at 0x7fbafb21b850>]}
[0m14:52:27.374483 [debug] [MainThread]: Flushing usage events
[0m14:52:32.893309 [debug] [MainThread]: Sending event: {'category': 'dbt', 'action': 'invocation', 'label': 'start', 'context': [<snowplow_tracker.self_describing_json.SelfDescribingJson object at 0x7f3a6630ad90>, <snowplow_tracker.self_describing_json.SelfDescribingJson object at 0x7f3a6631a350>, <snowplow_tracker.self_describing_json.SelfDescribingJson object at 0x7f3a6640ab10>]}


============================== 14:52:32.896387 | 9a89a817-19b8-4296-916b-4bbd60262a9f ==============================
[0m14:52:32.896387 [info ] [MainThread]: Running with dbt=1.7.13
[0m14:52:32.897059 [debug] [MainThread]: running dbt with arguments {'printer_width': '80', 'indirect_selection': 'eager', 'log_cache_events': 'False', 'write_json': 'True', 'partial_parse': 'True', 'cache_selected_only': 'False', 'profiles_dir': '.', 'debug': 'False', 'fail_fast': 'False', 'log_path': '/usr/local/airflow/dags/dbttest/logs', 'warn_error': 'None', 'version_check': 'True', 'use_colors': 'True', 'use_experimental_parser': 'False', 'no_print': 'None', 'quiet': 'False', 'log_format': 'default', 'introspect': 'True', 'invocation_command': 'dbt run --models fct.* --profiles-dir .', 'static_parser': 'True', 'target_path': 'None', 'warn_error_options': 'WarnErrorOptions(include=[], exclude=[])', 'send_anonymous_usage_stats': 'True'}
[0m14:52:33.211550 [debug] [MainThread]: Sending event: {'category': 'dbt', 'action': 'project_id', 'label': '9a89a817-19b8-4296-916b-4bbd60262a9f', 'context': [<snowplow_tracker.self_describing_json.SelfDescribingJson object at 0x7f3a66326a10>]}
[0m14:52:33.295078 [debug] [MainThread]: Sending event: {'category': 'dbt', 'action': 'adapter_info', 'label': '9a89a817-19b8-4296-916b-4bbd60262a9f', 'context': [<snowplow_tracker.self_describing_json.SelfDescribingJson object at 0x7f3a658b0c10>]}
[0m14:52:33.296100 [info ] [MainThread]: Registered adapter: snowflake=1.7.1
[0m14:52:33.303720 [debug] [MainThread]: checksum: 6c24e2ee36a42cedd7e5de2827d214776eb7a8e8f425f6d8acb06c31add0afef, vars: {}, profile: , target: , version: 1.7.13
[0m14:52:33.327231 [debug] [MainThread]: Partial parsing enabled: 0 files deleted, 0 files added, 0 files changed.
[0m14:52:33.327659 [debug] [MainThread]: Partial parsing enabled, no changes found, skipping parsing
[0m14:52:33.336791 [debug] [MainThread]: Sending event: {'category': 'dbt', 'action': 'load_project', 'label': '9a89a817-19b8-4296-916b-4bbd60262a9f', 'context': [<snowplow_tracker.self_describing_json.SelfDescribingJson object at 0x7f3a6509c810>]}
[0m14:52:33.432555 [debug] [MainThread]: Sending event: {'category': 'dbt', 'action': 'resource_counts', 'label': '9a89a817-19b8-4296-916b-4bbd60262a9f', 'context': [<snowplow_tracker.self_describing_json.SelfDescribingJson object at 0x7f3a654488d0>]}
[0m14:52:33.433593 [info ] [MainThread]: Found 8 models, 2 snapshots, 9 tests, 1 seed, 3 sources, 0 exposures, 0 metrics, 432 macros, 0 groups, 0 semantic models
[0m14:52:33.434369 [debug] [MainThread]: Sending event: {'category': 'dbt', 'action': 'runnable_timing', 'label': '9a89a817-19b8-4296-916b-4bbd60262a9f', 'context': [<snowplow_tracker.self_describing_json.SelfDescribingJson object at 0x7f3a64ff5790>]}
[0m14:52:33.437261 [info ] [MainThread]: 
[0m14:52:33.438471 [debug] [MainThread]: Acquiring new snowflake connection 'master'
[0m14:52:33.440169 [debug] [ThreadPool]: Acquiring new snowflake connection 'list_AIRFLOW'
[0m14:52:33.457063 [debug] [ThreadPool]: Using snowflake connection "list_AIRFLOW"
[0m14:52:33.457535 [debug] [ThreadPool]: On list_AIRFLOW: /* {"app": "dbt", "dbt_version": "1.7.13", "profile_name": "dbttest", "target_name": "dev", "connection_name": "list_AIRFLOW"} */
show terse schemas in database AIRFLOW
    limit 10000
[0m14:52:33.457845 [debug] [ThreadPool]: Opening a new connection, currently in state init
[0m14:52:34.174759 [debug] [ThreadPool]: SQL status: SUCCESS 4 in 1.0 seconds
[0m14:52:34.176641 [debug] [ThreadPool]: On list_AIRFLOW: Close
[0m14:52:34.329493 [debug] [ThreadPool]: Re-using an available connection from the pool (formerly list_AIRFLOW, now list_AIRFLOW_dev)
[0m14:52:34.339491 [debug] [ThreadPool]: Using snowflake connection "list_AIRFLOW_dev"
[0m14:52:34.340052 [debug] [ThreadPool]: On list_AIRFLOW_dev: /* {"app": "dbt", "dbt_version": "1.7.13", "profile_name": "dbttest", "target_name": "dev", "connection_name": "list_AIRFLOW_dev"} */
show terse objects in AIRFLOW.dev limit 10000
[0m14:52:34.340429 [debug] [ThreadPool]: Opening a new connection, currently in state closed
[0m14:52:35.084756 [debug] [ThreadPool]: SQL status: SUCCESS 6 in 1.0 seconds
[0m14:52:35.086981 [debug] [ThreadPool]: On list_AIRFLOW_dev: Close
[0m14:52:35.306914 [debug] [ThreadPool]: Re-using an available connection from the pool (formerly list_AIRFLOW_dev, now list_AIRFLOW_DEV)
[0m14:52:35.312114 [debug] [ThreadPool]: Using snowflake connection "list_AIRFLOW_DEV"
[0m14:52:35.313117 [debug] [ThreadPool]: On list_AIRFLOW_DEV: /* {"app": "dbt", "dbt_version": "1.7.13", "profile_name": "dbttest", "target_name": "dev", "connection_name": "list_AIRFLOW_DEV"} */
show terse objects in AIRFLOW.DEV limit 10000
[0m14:52:35.313701 [debug] [ThreadPool]: Opening a new connection, currently in state closed
[0m14:52:35.843465 [debug] [ThreadPool]: SQL status: SUCCESS 6 in 1.0 seconds
[0m14:52:35.845876 [debug] [ThreadPool]: On list_AIRFLOW_DEV: Close
[0m14:52:35.983789 [debug] [MainThread]: Sending event: {'category': 'dbt', 'action': 'runnable_timing', 'label': '9a89a817-19b8-4296-916b-4bbd60262a9f', 'context': [<snowplow_tracker.self_describing_json.SelfDescribingJson object at 0x7f3a65242010>]}
[0m14:52:35.985219 [info ] [MainThread]: Concurrency: 1 threads (target='dev')
[0m14:52:35.985820 [info ] [MainThread]: 
[0m14:52:35.989369 [debug] [Thread-1 (]: Began running node model.dbttest.fct_reviews
[0m14:52:35.989977 [info ] [Thread-1 (]: 1 of 1 START sql incremental model DEV.fct_reviews ............................. [RUN]
[0m14:52:35.990813 [debug] [Thread-1 (]: Re-using an available connection from the pool (formerly list_AIRFLOW_DEV, now model.dbttest.fct_reviews)
[0m14:52:35.991261 [debug] [Thread-1 (]: Began compiling node model.dbttest.fct_reviews
[0m14:52:36.009471 [debug] [Thread-1 (]: Writing injected SQL for node "model.dbttest.fct_reviews"
[0m14:52:36.012370 [debug] [Thread-1 (]: Writing injected SQL for node "model.dbttest.fct_reviews"
[0m14:52:36.013259 [debug] [Thread-1 (]: Timing info for model.dbttest.fct_reviews (compile): 14:52:35.991517 => 14:52:36.012873
[0m14:52:36.013731 [debug] [Thread-1 (]: Began executing node model.dbttest.fct_reviews
[0m14:52:36.063240 [debug] [Thread-1 (]: Using snowflake connection "model.dbttest.fct_reviews"
[0m14:52:36.063866 [debug] [Thread-1 (]: On model.dbttest.fct_reviews: /* {"app": "dbt", "dbt_version": "1.7.13", "profile_name": "dbttest", "target_name": "dev", "node_id": "model.dbttest.fct_reviews"} */
create or replace  temporary view AIRFLOW.DEV.fct_reviews__dbt_tmp
  
   as (
    -- This is a configuration block to create an incremental materialization
-- It appends the data to the reviews fact table when any new reviews come in

-- Then you define your CTE as usual
WITH  __dbt__cte__src_reviews as (
WITH raw_reviews AS(
    SELECT * FROM AIRFLOW.raw.raw_reviews
)
SELECT 
    listing_id,
    date AS review_date,
    reviewer_name,
    comments AS review_text,
    sentiment AS review_sentiment
FROM
    raw_reviews
), src_reviews AS (
    SELECT * FROM __dbt__cte__src_reviews
)
SELECT * FROM src_reviews
WHERE review_text IS NOT NULL
-- how dbt knows a record review is new or not 
-- we need to create a jinja if stmt

  and review_date > (select max(review_date) from AIRFLOW.DEV.fct_reviews)

  );
[0m14:52:36.064466 [debug] [Thread-1 (]: Opening a new connection, currently in state closed
[0m14:52:36.622243 [debug] [Thread-1 (]: SQL status: SUCCESS 1 in 1.0 seconds
[0m14:52:36.634451 [debug] [Thread-1 (]: Using snowflake connection "model.dbttest.fct_reviews"
[0m14:52:36.635719 [debug] [Thread-1 (]: On model.dbttest.fct_reviews: /* {"app": "dbt", "dbt_version": "1.7.13", "profile_name": "dbttest", "target_name": "dev", "node_id": "model.dbttest.fct_reviews"} */
describe table AIRFLOW.DEV.fct_reviews__dbt_tmp
[0m14:52:36.813845 [debug] [Thread-1 (]: SQL status: SUCCESS 5 in 0.0 seconds
[0m14:52:36.820223 [debug] [Thread-1 (]: Using snowflake connection "model.dbttest.fct_reviews"
[0m14:52:36.821075 [debug] [Thread-1 (]: On model.dbttest.fct_reviews: /* {"app": "dbt", "dbt_version": "1.7.13", "profile_name": "dbttest", "target_name": "dev", "node_id": "model.dbttest.fct_reviews"} */
describe table AIRFLOW.DEV.fct_reviews
[0m14:52:36.948553 [debug] [Thread-1 (]: SQL status: SUCCESS 5 in 0.0 seconds
[0m14:52:36.983001 [debug] [Thread-1 (]: Using snowflake connection "model.dbttest.fct_reviews"
[0m14:52:36.984424 [debug] [Thread-1 (]: On model.dbttest.fct_reviews: /* {"app": "dbt", "dbt_version": "1.7.13", "profile_name": "dbttest", "target_name": "dev", "node_id": "model.dbttest.fct_reviews"} */
describe table AIRFLOW.DEV.fct_reviews__dbt_tmp
[0m14:52:37.104368 [debug] [Thread-1 (]: SQL status: SUCCESS 5 in 0.0 seconds
[0m14:52:37.116979 [debug] [Thread-1 (]: Using snowflake connection "model.dbttest.fct_reviews"
[0m14:52:37.118171 [debug] [Thread-1 (]: On model.dbttest.fct_reviews: /* {"app": "dbt", "dbt_version": "1.7.13", "profile_name": "dbttest", "target_name": "dev", "node_id": "model.dbttest.fct_reviews"} */
describe table "AIRFLOW"."DEV"."FCT_REVIEWS"
[0m14:52:37.241111 [debug] [Thread-1 (]: SQL status: SUCCESS 5 in 0.0 seconds
[0m14:52:37.263506 [debug] [Thread-1 (]: 
    In "AIRFLOW"."DEV"."FCT_REVIEWS":
        Schema changed: False
        Source columns not in target: []
        Target columns not in source: []
        New column types: []
  
[0m14:52:37.306921 [debug] [Thread-1 (]: Writing runtime sql for node "model.dbttest.fct_reviews"
[0m14:52:37.308256 [debug] [Thread-1 (]: Using snowflake connection "model.dbttest.fct_reviews"
[0m14:52:37.308839 [debug] [Thread-1 (]: On model.dbttest.fct_reviews: /* {"app": "dbt", "dbt_version": "1.7.13", "profile_name": "dbttest", "target_name": "dev", "node_id": "model.dbttest.fct_reviews"} */
-- back compat for old kwarg name
  
  begin;
[0m14:52:37.541918 [debug] [Thread-1 (]: SQL status: SUCCESS 1 in 0.0 seconds
[0m14:52:37.542837 [debug] [Thread-1 (]: Using snowflake connection "model.dbttest.fct_reviews"
[0m14:52:37.543511 [debug] [Thread-1 (]: On model.dbttest.fct_reviews: /* {"app": "dbt", "dbt_version": "1.7.13", "profile_name": "dbttest", "target_name": "dev", "node_id": "model.dbttest.fct_reviews"} */
insert into AIRFLOW.DEV.fct_reviews ("LISTING_ID", "REVIEW_DATE", "REVIEWER_NAME", "REVIEW_TEXT", "REVIEW_SENTIMENT")
        (
            select "LISTING_ID", "REVIEW_DATE", "REVIEWER_NAME", "REVIEW_TEXT", "REVIEW_SENTIMENT"
            from AIRFLOW.DEV.fct_reviews__dbt_tmp
        );
[0m14:52:37.945432 [debug] [Thread-1 (]: SQL status: SUCCESS 0 in 0.0 seconds
[0m14:52:37.946203 [debug] [Thread-1 (]: Using snowflake connection "model.dbttest.fct_reviews"
[0m14:52:37.946588 [debug] [Thread-1 (]: On model.dbttest.fct_reviews: /* {"app": "dbt", "dbt_version": "1.7.13", "profile_name": "dbttest", "target_name": "dev", "node_id": "model.dbttest.fct_reviews"} */
COMMIT
[0m14:52:38.132308 [debug] [Thread-1 (]: SQL status: SUCCESS 1 in 0.0 seconds
[0m14:52:38.153991 [debug] [Thread-1 (]: Applying DROP to: AIRFLOW.DEV.fct_reviews__dbt_tmp
[0m14:52:38.171289 [debug] [Thread-1 (]: Using snowflake connection "model.dbttest.fct_reviews"
[0m14:52:38.172223 [debug] [Thread-1 (]: On model.dbttest.fct_reviews: /* {"app": "dbt", "dbt_version": "1.7.13", "profile_name": "dbttest", "target_name": "dev", "node_id": "model.dbttest.fct_reviews"} */
drop view if exists AIRFLOW.DEV.fct_reviews__dbt_tmp cascade
[0m14:52:38.310975 [debug] [Thread-1 (]: SQL status: SUCCESS 1 in 0.0 seconds
[0m14:52:38.348940 [debug] [Thread-1 (]: Timing info for model.dbttest.fct_reviews (execute): 14:52:36.013987 => 14:52:38.348701
[0m14:52:38.349501 [debug] [Thread-1 (]: On model.dbttest.fct_reviews: Close
[0m14:52:38.488854 [debug] [Thread-1 (]: Sending event: {'category': 'dbt', 'action': 'run_model', 'label': '9a89a817-19b8-4296-916b-4bbd60262a9f', 'context': [<snowplow_tracker.self_describing_json.SelfDescribingJson object at 0x7f3a65221110>]}
[0m14:52:38.489991 [info ] [Thread-1 (]: 1 of 1 OK created sql incremental model DEV.fct_reviews ........................ [[32mSUCCESS 0[0m in 2.50s]
[0m14:52:38.490880 [debug] [Thread-1 (]: Finished running node model.dbttest.fct_reviews
[0m14:52:38.493952 [debug] [MainThread]: Connection 'master' was properly closed.
[0m14:52:38.494500 [debug] [MainThread]: Connection 'model.dbttest.fct_reviews' was properly closed.
[0m14:52:38.495084 [info ] [MainThread]: 
[0m14:52:38.495626 [info ] [MainThread]: Finished running 1 incremental model in 0 hours 0 minutes and 5.06 seconds (5.06s).
[0m14:52:38.496344 [debug] [MainThread]: Command end result
[0m14:52:38.505103 [info ] [MainThread]: 
[0m14:52:38.505725 [info ] [MainThread]: [32mCompleted successfully[0m
[0m14:52:38.506124 [info ] [MainThread]: 
[0m14:52:38.506540 [info ] [MainThread]: Done. PASS=1 WARN=0 ERROR=0 SKIP=0 TOTAL=1
[0m14:52:38.507431 [debug] [MainThread]: Resource report: {"command_name": "run", "command_success": true, "command_wall_clock_time": 5.6623397, "process_user_time": 3.693039, "process_kernel_time": 0.118744, "process_mem_max_rss": "129832", "process_out_blocks": "1960", "process_in_blocks": "0"}
[0m14:52:38.507869 [debug] [MainThread]: Command `dbt run` succeeded at 14:52:38.507763 after 5.66 seconds
[0m14:52:38.508253 [debug] [MainThread]: Sending event: {'category': 'dbt', 'action': 'invocation', 'label': 'end', 'context': [<snowplow_tracker.self_describing_json.SelfDescribingJson object at 0x7f3a66340710>, <snowplow_tracker.self_describing_json.SelfDescribingJson object at 0x7f3a66343d50>, <snowplow_tracker.self_describing_json.SelfDescribingJson object at 0x7f3a6a6af190>]}
[0m14:52:38.508670 [debug] [MainThread]: Flushing usage events
[0m14:52:42.808696 [debug] [MainThread]: Sending event: {'category': 'dbt', 'action': 'invocation', 'label': 'start', 'context': [<snowplow_tracker.self_describing_json.SelfDescribingJson object at 0x7fe3589dd250>, <snowplow_tracker.self_describing_json.SelfDescribingJson object at 0x7fe3589dd3d0>, <snowplow_tracker.self_describing_json.SelfDescribingJson object at 0x7fe3589dca10>]}


============================== 14:52:42.813738 | f944a586-5754-4e84-8388-2709ef2c9352 ==============================
[0m14:52:42.813738 [info ] [MainThread]: Running with dbt=1.7.13
[0m14:52:42.814805 [debug] [MainThread]: running dbt with arguments {'printer_width': '80', 'indirect_selection': 'eager', 'write_json': 'True', 'log_cache_events': 'False', 'partial_parse': 'True', 'cache_selected_only': 'False', 'profiles_dir': '.', 'debug': 'False', 'warn_error': 'None', 'log_path': '/usr/local/airflow/dags/dbttest/logs', 'version_check': 'True', 'fail_fast': 'False', 'use_colors': 'True', 'use_experimental_parser': 'False', 'no_print': 'None', 'quiet': 'False', 'warn_error_options': 'WarnErrorOptions(include=[], exclude=[])', 'introspect': 'True', 'static_parser': 'True', 'log_format': 'default', 'target_path': 'None', 'invocation_command': 'dbt seed --profiles-dir .', 'send_anonymous_usage_stats': 'True'}
[0m14:52:43.742975 [debug] [MainThread]: Sending event: {'category': 'dbt', 'action': 'project_id', 'label': 'f944a586-5754-4e84-8388-2709ef2c9352', 'context': [<snowplow_tracker.self_describing_json.SelfDescribingJson object at 0x7fe358a2a250>]}
[0m14:52:43.929655 [debug] [MainThread]: Sending event: {'category': 'dbt', 'action': 'adapter_info', 'label': 'f944a586-5754-4e84-8388-2709ef2c9352', 'context': [<snowplow_tracker.self_describing_json.SelfDescribingJson object at 0x7fe358a164d0>]}
[0m14:52:43.930595 [info ] [MainThread]: Registered adapter: snowflake=1.7.1
[0m14:52:43.943991 [debug] [MainThread]: checksum: 6c24e2ee36a42cedd7e5de2827d214776eb7a8e8f425f6d8acb06c31add0afef, vars: {}, profile: , target: , version: 1.7.13
[0m14:52:43.979349 [debug] [MainThread]: Partial parsing enabled: 0 files deleted, 0 files added, 0 files changed.
[0m14:52:43.980057 [debug] [MainThread]: Partial parsing enabled, no changes found, skipping parsing
[0m14:52:43.991682 [debug] [MainThread]: Sending event: {'category': 'dbt', 'action': 'load_project', 'label': 'f944a586-5754-4e84-8388-2709ef2c9352', 'context': [<snowplow_tracker.self_describing_json.SelfDescribingJson object at 0x7fe357788910>]}
[0m14:52:44.074802 [debug] [MainThread]: Sending event: {'category': 'dbt', 'action': 'resource_counts', 'label': 'f944a586-5754-4e84-8388-2709ef2c9352', 'context': [<snowplow_tracker.self_describing_json.SelfDescribingJson object at 0x7fe357635490>]}
[0m14:52:44.075860 [info ] [MainThread]: Found 8 models, 2 snapshots, 9 tests, 1 seed, 3 sources, 0 exposures, 0 metrics, 432 macros, 0 groups, 0 semantic models
[0m14:52:44.076483 [debug] [MainThread]: Sending event: {'category': 'dbt', 'action': 'runnable_timing', 'label': 'f944a586-5754-4e84-8388-2709ef2c9352', 'context': [<snowplow_tracker.self_describing_json.SelfDescribingJson object at 0x7fe357990e10>]}
[0m14:52:44.079038 [info ] [MainThread]: 
[0m14:52:44.080286 [debug] [MainThread]: Acquiring new snowflake connection 'master'
[0m14:52:44.082168 [debug] [ThreadPool]: Acquiring new snowflake connection 'list_AIRFLOW'
[0m14:52:44.099959 [debug] [ThreadPool]: Using snowflake connection "list_AIRFLOW"
[0m14:52:44.101045 [debug] [ThreadPool]: On list_AIRFLOW: /* {"app": "dbt", "dbt_version": "1.7.13", "profile_name": "dbttest", "target_name": "dev", "connection_name": "list_AIRFLOW"} */
show terse schemas in database AIRFLOW
    limit 10000
[0m14:52:44.101774 [debug] [ThreadPool]: Opening a new connection, currently in state init
[0m14:52:44.636392 [debug] [ThreadPool]: SQL status: SUCCESS 4 in 1.0 seconds
[0m14:52:44.638890 [debug] [ThreadPool]: On list_AIRFLOW: Close
[0m14:52:44.778160 [debug] [ThreadPool]: Re-using an available connection from the pool (formerly list_AIRFLOW, now list_AIRFLOW_DEV)
[0m14:52:44.792731 [debug] [ThreadPool]: Using snowflake connection "list_AIRFLOW_DEV"
[0m14:52:44.793280 [debug] [ThreadPool]: On list_AIRFLOW_DEV: /* {"app": "dbt", "dbt_version": "1.7.13", "profile_name": "dbttest", "target_name": "dev", "connection_name": "list_AIRFLOW_DEV"} */
show terse objects in AIRFLOW.DEV limit 10000
[0m14:52:44.793635 [debug] [ThreadPool]: Opening a new connection, currently in state closed
[0m14:52:45.371147 [debug] [ThreadPool]: SQL status: SUCCESS 6 in 1.0 seconds
[0m14:52:45.373998 [debug] [ThreadPool]: On list_AIRFLOW_DEV: Close
[0m14:52:45.511030 [debug] [ThreadPool]: Re-using an available connection from the pool (formerly list_AIRFLOW_DEV, now list_AIRFLOW_dev)
[0m14:52:45.519761 [debug] [ThreadPool]: Using snowflake connection "list_AIRFLOW_dev"
[0m14:52:45.520847 [debug] [ThreadPool]: On list_AIRFLOW_dev: /* {"app": "dbt", "dbt_version": "1.7.13", "profile_name": "dbttest", "target_name": "dev", "connection_name": "list_AIRFLOW_dev"} */
show terse objects in AIRFLOW.dev limit 10000
[0m14:52:45.521254 [debug] [ThreadPool]: Opening a new connection, currently in state closed
[0m14:52:46.102683 [debug] [ThreadPool]: SQL status: SUCCESS 6 in 1.0 seconds
[0m14:52:46.107765 [debug] [ThreadPool]: On list_AIRFLOW_dev: Close
[0m14:52:46.278177 [debug] [MainThread]: Sending event: {'category': 'dbt', 'action': 'runnable_timing', 'label': 'f944a586-5754-4e84-8388-2709ef2c9352', 'context': [<snowplow_tracker.self_describing_json.SelfDescribingJson object at 0x7fe359a43d50>]}
[0m14:52:46.279899 [info ] [MainThread]: Concurrency: 1 threads (target='dev')
[0m14:52:46.280863 [info ] [MainThread]: 
[0m14:52:46.291973 [debug] [Thread-1 (]: Began running node seed.dbttest.seed_full_moon_dates
[0m14:52:46.293314 [info ] [Thread-1 (]: 1 of 1 START seed file DEV.seed_full_moon_dates ................................ [RUN]
[0m14:52:46.298541 [debug] [Thread-1 (]: Re-using an available connection from the pool (formerly list_AIRFLOW_dev, now seed.dbttest.seed_full_moon_dates)
[0m14:52:46.299454 [debug] [Thread-1 (]: Began compiling node seed.dbttest.seed_full_moon_dates
[0m14:52:46.300934 [debug] [Thread-1 (]: Timing info for seed.dbttest.seed_full_moon_dates (compile): 14:52:46.300340 => 14:52:46.300351
[0m14:52:46.301861 [debug] [Thread-1 (]: Began executing node seed.dbttest.seed_full_moon_dates
[0m14:52:46.390215 [debug] [Thread-1 (]: Using snowflake connection "seed.dbttest.seed_full_moon_dates"
[0m14:52:46.391618 [debug] [Thread-1 (]: On seed.dbttest.seed_full_moon_dates: /* {"app": "dbt", "dbt_version": "1.7.13", "profile_name": "dbttest", "target_name": "dev", "node_id": "seed.dbttest.seed_full_moon_dates"} */
BEGIN
[0m14:52:46.392651 [debug] [Thread-1 (]: Opening a new connection, currently in state closed
[0m14:52:46.880737 [debug] [Thread-1 (]: SQL status: SUCCESS 1 in 0.0 seconds
[0m14:52:46.881474 [debug] [Thread-1 (]: Using snowflake connection "seed.dbttest.seed_full_moon_dates"
[0m14:52:46.882000 [debug] [Thread-1 (]: On seed.dbttest.seed_full_moon_dates: /* {"app": "dbt", "dbt_version": "1.7.13", "profile_name": "dbttest", "target_name": "dev", "node_id": "seed.dbttest.seed_full_moon_dates"} */
truncate table "AIRFLOW"."DEV"."SEED_FULL_MOON_DATES"
  ;
[0m14:52:47.372668 [debug] [Thread-1 (]: SQL status: SUCCESS 1 in 0.0 seconds
[0m14:52:47.373577 [debug] [Thread-1 (]: Using snowflake connection "seed.dbttest.seed_full_moon_dates"
[0m14:52:47.374346 [debug] [Thread-1 (]: On seed.dbttest.seed_full_moon_dates: /* {"app": "dbt", "dbt_version": "1.7.13", "profile_name": "dbttest", "target_name": "dev", "node_id": "seed.dbttest.seed_full_moon_dates"} */
COMMIT
[0m14:52:47.785067 [debug] [Thread-1 (]: SQL status: SUCCESS 1 in 0.0 seconds
[0m14:52:47.808368 [debug] [Thread-1 (]: Using snowflake connection "seed.dbttest.seed_full_moon_dates"
[0m14:52:47.808874 [debug] [Thread-1 (]: On seed.dbttest.seed_full_moon_dates: /* {"app": "dbt", "dbt_version": "1.7.13", "profile_name": "dbttest", "target_name": "dev", "node_id": "seed.dbttest.seed_full_moon_dates"} */
BEGIN
[0m14:52:47.918202 [debug] [Thread-1 (]: SQL status: SUCCESS 1 in 0.0 seconds
[0m14:52:47.921060 [debug] [Thread-1 (]: Using snowflake connection "seed.dbttest.seed_full_moon_dates"
[0m14:52:47.921563 [debug] [Thread-1 (]: On seed.dbttest.seed_full_moon_dates: /* {"app": "dbt", "dbt_version": "1.7.13", "profile_name": "dbttest", "target_name": "dev", "node_id": "seed.dbttest.seed_full_moon_dates"} */
insert into AIRFLOW.DEV.seed_full_moon_dates (full_moon_date) values
            (%s),(%s),(%s),(%s),(%s),(%s),(%s),(%s),(%s),(%s),(%s),(%s),(%s),(%s),(%s),(%s),(%s),(%s),(%s),(%s),(%s),(%s),(%s),(%s),(%s),(%s),(%s),(%s),(%s),(%s),(%s),(%s),(%s),(%s),(%s),(%s),(%s),(%s),(%s),(%s),(%s),(%s),(%s),(%s),(%s),(%s),(%s),(%s),(%s),(%s),(%s),(%s),(%s),(%s),(%s),(%s),(%s),(%s...
[0m14:52:48.702828 [debug] [Thread-1 (]: SQL status: SUCCESS 272 in 1.0 seconds
[0m14:52:48.703703 [debug] [Thread-1 (]: Using snowflake connection "seed.dbttest.seed_full_moon_dates"
[0m14:52:48.704261 [debug] [Thread-1 (]: On seed.dbttest.seed_full_moon_dates: /* {"app": "dbt", "dbt_version": "1.7.13", "profile_name": "dbttest", "target_name": "dev", "node_id": "seed.dbttest.seed_full_moon_dates"} */
COMMIT
[0m14:52:49.018970 [debug] [Thread-1 (]: SQL status: SUCCESS 1 in 0.0 seconds
[0m14:52:49.026488 [debug] [Thread-1 (]: Writing runtime SQL for node "seed.dbttest.seed_full_moon_dates"
[0m14:52:49.049261 [debug] [Thread-1 (]: Timing info for seed.dbttest.seed_full_moon_dates (execute): 14:52:46.302417 => 14:52:49.049030
[0m14:52:49.049897 [debug] [Thread-1 (]: On seed.dbttest.seed_full_moon_dates: Close
[0m14:52:53.211368 [debug] [Thread-1 (]: Sending event: {'category': 'dbt', 'action': 'run_model', 'label': 'f944a586-5754-4e84-8388-2709ef2c9352', 'context': [<snowplow_tracker.self_describing_json.SelfDescribingJson object at 0x7fe357569cd0>]}
[0m14:52:53.212366 [info ] [Thread-1 (]: 1 of 1 OK loaded seed file DEV.seed_full_moon_dates ............................ [[32mINSERT 272[0m in 6.91s]
[0m14:52:53.213264 [debug] [Thread-1 (]: Finished running node seed.dbttest.seed_full_moon_dates
[0m14:52:53.217665 [debug] [MainThread]: Connection 'master' was properly closed.
[0m14:52:53.218531 [debug] [MainThread]: Connection 'seed.dbttest.seed_full_moon_dates' was properly closed.
[0m14:52:53.219122 [info ] [MainThread]: 
[0m14:52:53.219644 [info ] [MainThread]: Finished running 1 seed in 0 hours 0 minutes and 9.14 seconds (9.14s).
[0m14:52:53.220567 [debug] [MainThread]: Command end result
[0m14:52:53.230993 [info ] [MainThread]: 
[0m14:52:53.231616 [info ] [MainThread]: [32mCompleted successfully[0m
[0m14:52:53.232124 [info ] [MainThread]: 
[0m14:52:53.232631 [info ] [MainThread]: Done. PASS=1 WARN=0 ERROR=0 SKIP=0 TOTAL=1
[0m14:52:53.233755 [debug] [MainThread]: Resource report: {"command_name": "seed", "command_success": true, "command_wall_clock_time": 10.481156, "process_user_time": 3.824069, "process_kernel_time": 0.189233, "process_mem_max_rss": "128832", "process_out_blocks": "1928", "process_in_blocks": "0"}
[0m14:52:53.234478 [debug] [MainThread]: Command `dbt seed` succeeded at 14:52:53.234259 after 10.48 seconds
[0m14:52:53.235075 [debug] [MainThread]: Sending event: {'category': 'dbt', 'action': 'invocation', 'label': 'end', 'context': [<snowplow_tracker.self_describing_json.SelfDescribingJson object at 0x7fe358a2a050>, <snowplow_tracker.self_describing_json.SelfDescribingJson object at 0x7fe358a2a190>, <snowplow_tracker.self_describing_json.SelfDescribingJson object at 0x7fe35cc5e590>]}
[0m14:52:53.235757 [debug] [MainThread]: Flushing usage events
[0m14:52:56.528417 [debug] [MainThread]: Sending event: {'category': 'dbt', 'action': 'invocation', 'label': 'start', 'context': [<snowplow_tracker.self_describing_json.SelfDescribingJson object at 0x7fdb52f65dd0>, <snowplow_tracker.self_describing_json.SelfDescribingJson object at 0x7fdb52da3d50>, <snowplow_tracker.self_describing_json.SelfDescribingJson object at 0x7fdb52f59d10>]}


============================== 14:52:56.530939 | 451567ae-934b-470e-89f9-3524581754e5 ==============================
[0m14:52:56.530939 [info ] [MainThread]: Running with dbt=1.7.13
[0m14:52:56.531616 [debug] [MainThread]: running dbt with arguments {'printer_width': '80', 'indirect_selection': 'eager', 'write_json': 'True', 'log_cache_events': 'False', 'partial_parse': 'True', 'cache_selected_only': 'False', 'warn_error': 'None', 'debug': 'False', 'version_check': 'True', 'log_path': '/usr/local/airflow/dags/dbttest/logs', 'profiles_dir': '.', 'fail_fast': 'False', 'use_colors': 'True', 'use_experimental_parser': 'False', 'no_print': 'None', 'quiet': 'False', 'warn_error_options': 'WarnErrorOptions(include=[], exclude=[])', 'static_parser': 'True', 'invocation_command': 'dbt run --models mart.* --profiles-dir .', 'introspect': 'True', 'target_path': 'None', 'log_format': 'default', 'send_anonymous_usage_stats': 'True'}
[0m14:52:56.865988 [debug] [MainThread]: Sending event: {'category': 'dbt', 'action': 'project_id', 'label': '451567ae-934b-470e-89f9-3524581754e5', 'context': [<snowplow_tracker.self_describing_json.SelfDescribingJson object at 0x7fdb51d6ef90>]}
[0m14:52:56.989055 [debug] [MainThread]: Sending event: {'category': 'dbt', 'action': 'adapter_info', 'label': '451567ae-934b-470e-89f9-3524581754e5', 'context': [<snowplow_tracker.self_describing_json.SelfDescribingJson object at 0x7fdb51d7c990>]}
[0m14:52:56.989900 [info ] [MainThread]: Registered adapter: snowflake=1.7.1
[0m14:52:56.999092 [debug] [MainThread]: checksum: 6c24e2ee36a42cedd7e5de2827d214776eb7a8e8f425f6d8acb06c31add0afef, vars: {}, profile: , target: , version: 1.7.13
[0m14:52:57.032359 [debug] [MainThread]: Partial parsing enabled: 0 files deleted, 0 files added, 0 files changed.
[0m14:52:57.032857 [debug] [MainThread]: Partial parsing enabled, no changes found, skipping parsing
[0m14:52:57.041693 [debug] [MainThread]: Sending event: {'category': 'dbt', 'action': 'load_project', 'label': '451567ae-934b-470e-89f9-3524581754e5', 'context': [<snowplow_tracker.self_describing_json.SelfDescribingJson object at 0x7fdb51b8ac90>]}
[0m14:52:57.128446 [debug] [MainThread]: Sending event: {'category': 'dbt', 'action': 'resource_counts', 'label': '451567ae-934b-470e-89f9-3524581754e5', 'context': [<snowplow_tracker.self_describing_json.SelfDescribingJson object at 0x7fdb51ec90d0>]}
[0m14:52:57.129191 [info ] [MainThread]: Found 8 models, 2 snapshots, 9 tests, 1 seed, 3 sources, 0 exposures, 0 metrics, 432 macros, 0 groups, 0 semantic models
[0m14:52:57.130109 [debug] [MainThread]: Sending event: {'category': 'dbt', 'action': 'runnable_timing', 'label': '451567ae-934b-470e-89f9-3524581754e5', 'context': [<snowplow_tracker.self_describing_json.SelfDescribingJson object at 0x7fdb51eeeed0>]}
[0m14:52:57.133110 [info ] [MainThread]: 
[0m14:52:57.135738 [debug] [MainThread]: Acquiring new snowflake connection 'master'
[0m14:52:57.137754 [debug] [ThreadPool]: Acquiring new snowflake connection 'list_AIRFLOW'
[0m14:52:57.160826 [debug] [ThreadPool]: Using snowflake connection "list_AIRFLOW"
[0m14:52:57.161621 [debug] [ThreadPool]: On list_AIRFLOW: /* {"app": "dbt", "dbt_version": "1.7.13", "profile_name": "dbttest", "target_name": "dev", "connection_name": "list_AIRFLOW"} */
show terse schemas in database AIRFLOW
    limit 10000
[0m14:52:57.162214 [debug] [ThreadPool]: Opening a new connection, currently in state init
[0m14:52:58.064536 [debug] [ThreadPool]: SQL status: SUCCESS 4 in 1.0 seconds
[0m14:52:58.067203 [debug] [ThreadPool]: On list_AIRFLOW: Close
[0m14:52:58.244527 [debug] [ThreadPool]: Re-using an available connection from the pool (formerly list_AIRFLOW, now list_AIRFLOW_dev)
[0m14:52:58.262986 [debug] [ThreadPool]: Using snowflake connection "list_AIRFLOW_dev"
[0m14:52:58.263917 [debug] [ThreadPool]: On list_AIRFLOW_dev: /* {"app": "dbt", "dbt_version": "1.7.13", "profile_name": "dbttest", "target_name": "dev", "connection_name": "list_AIRFLOW_dev"} */
show terse objects in AIRFLOW.dev limit 10000
[0m14:52:58.264710 [debug] [ThreadPool]: Opening a new connection, currently in state closed
[0m14:52:58.871040 [debug] [ThreadPool]: SQL status: SUCCESS 6 in 1.0 seconds
[0m14:52:58.875122 [debug] [ThreadPool]: On list_AIRFLOW_dev: Close
[0m14:52:59.014585 [debug] [ThreadPool]: Re-using an available connection from the pool (formerly list_AIRFLOW_dev, now list_AIRFLOW_DEV)
[0m14:52:59.021374 [debug] [ThreadPool]: Using snowflake connection "list_AIRFLOW_DEV"
[0m14:52:59.023207 [debug] [ThreadPool]: On list_AIRFLOW_DEV: /* {"app": "dbt", "dbt_version": "1.7.13", "profile_name": "dbttest", "target_name": "dev", "connection_name": "list_AIRFLOW_DEV"} */
show terse objects in AIRFLOW.DEV limit 10000
[0m14:52:59.024025 [debug] [ThreadPool]: Opening a new connection, currently in state closed
[0m14:52:59.412083 [debug] [ThreadPool]: SQL status: SUCCESS 6 in 0.0 seconds
[0m14:52:59.415047 [debug] [ThreadPool]: On list_AIRFLOW_DEV: Close
[0m14:52:59.562559 [debug] [MainThread]: Sending event: {'category': 'dbt', 'action': 'runnable_timing', 'label': '451567ae-934b-470e-89f9-3524581754e5', 'context': [<snowplow_tracker.self_describing_json.SelfDescribingJson object at 0x7fdb51cb39d0>]}
[0m14:52:59.563661 [info ] [MainThread]: Concurrency: 1 threads (target='dev')
[0m14:52:59.564168 [info ] [MainThread]: 
[0m14:52:59.568154 [debug] [Thread-1 (]: Began running node model.dbttest.mart_full_moon_reviews
[0m14:52:59.569287 [info ] [Thread-1 (]: 1 of 1 START sql table model DEV.mart_full_moon_reviews ........................ [RUN]
[0m14:52:59.570744 [debug] [Thread-1 (]: Re-using an available connection from the pool (formerly list_AIRFLOW_DEV, now model.dbttest.mart_full_moon_reviews)
[0m14:52:59.571778 [debug] [Thread-1 (]: Began compiling node model.dbttest.mart_full_moon_reviews
[0m14:52:59.584324 [debug] [Thread-1 (]: Writing injected SQL for node "model.dbttest.mart_full_moon_reviews"
[0m14:52:59.585920 [debug] [Thread-1 (]: Timing info for model.dbttest.mart_full_moon_reviews (compile): 14:52:59.572158 => 14:52:59.585438
[0m14:52:59.586581 [debug] [Thread-1 (]: Began executing node model.dbttest.mart_full_moon_reviews
[0m14:52:59.639589 [debug] [Thread-1 (]: Writing runtime sql for node "model.dbttest.mart_full_moon_reviews"
[0m14:52:59.641773 [debug] [Thread-1 (]: Using snowflake connection "model.dbttest.mart_full_moon_reviews"
[0m14:52:59.642435 [debug] [Thread-1 (]: On model.dbttest.mart_full_moon_reviews: /* {"app": "dbt", "dbt_version": "1.7.13", "profile_name": "dbttest", "target_name": "dev", "node_id": "model.dbttest.mart_full_moon_reviews"} */
create or replace transient table AIRFLOW.DEV.mart_full_moon_reviews
         as
        (

WITH fct_reviews AS (
    SELECT * FROM AIRFLOW.DEV.fct_reviews
),
full_moon_dates AS (
    SELECT * FROM AIRFLOW.DEV.seed_full_moon_dates
)

SELECT
    r.*,
    CASE
        WHEN fm.full_moon_date IS NULL THEN 'not full moon'
        ELSE 'full moon'
    END AS is_full_moon
FROM
    fct_reviews r 
    LEFT JOIN full_moon_dates fm 
    ON (TO_DATE(r.review_date)= DATEADD(DAY,1,fm.full_moon_date))
        );
[0m14:52:59.642913 [debug] [Thread-1 (]: Opening a new connection, currently in state closed
[0m14:53:00.384571 [debug] [MainThread]: Sending event: {'category': 'dbt', 'action': 'invocation', 'label': 'start', 'context': [<snowplow_tracker.self_describing_json.SelfDescribingJson object at 0x7f1ebc194d10>, <snowplow_tracker.self_describing_json.SelfDescribingJson object at 0x7f1ebc374f90>, <snowplow_tracker.self_describing_json.SelfDescribingJson object at 0x7f1ebd4986d0>]}


============================== 14:53:00.388020 | a6065776-f7b0-4f3b-bc8a-1779b22b910b ==============================
[0m14:53:00.388020 [info ] [MainThread]: Running with dbt=1.7.13
[0m14:53:00.388939 [debug] [MainThread]: running dbt with arguments {'printer_width': '80', 'indirect_selection': 'eager', 'log_cache_events': 'False', 'write_json': 'True', 'partial_parse': 'True', 'cache_selected_only': 'False', 'profiles_dir': '.', 'debug': 'False', 'warn_error': 'None', 'log_path': '/usr/local/airflow/dags/dbttest/logs', 'fail_fast': 'False', 'version_check': 'True', 'use_colors': 'True', 'use_experimental_parser': 'False', 'no_print': 'None', 'quiet': 'False', 'log_format': 'default', 'introspect': 'True', 'warn_error_options': 'WarnErrorOptions(include=[], exclude=[])', 'static_parser': 'True', 'target_path': 'None', 'invocation_command': 'dbt run --full-refresh --models dim.* --profiles-dir .', 'send_anonymous_usage_stats': 'True'}
[0m14:53:00.690386 [debug] [MainThread]: Sending event: {'category': 'dbt', 'action': 'project_id', 'label': 'a6065776-f7b0-4f3b-bc8a-1779b22b910b', 'context': [<snowplow_tracker.self_describing_json.SelfDescribingJson object at 0x7f1ebb341fd0>]}
[0m14:53:00.773294 [debug] [MainThread]: Sending event: {'category': 'dbt', 'action': 'adapter_info', 'label': 'a6065776-f7b0-4f3b-bc8a-1779b22b910b', 'context': [<snowplow_tracker.self_describing_json.SelfDescribingJson object at 0x7f1ebc63c490>]}
[0m14:53:00.774195 [info ] [MainThread]: Registered adapter: snowflake=1.7.1
[0m14:53:00.781841 [debug] [MainThread]: checksum: 6c24e2ee36a42cedd7e5de2827d214776eb7a8e8f425f6d8acb06c31add0afef, vars: {}, profile: , target: , version: 1.7.13
[0m14:53:00.810375 [debug] [MainThread]: Partial parsing enabled: 0 files deleted, 0 files added, 0 files changed.
[0m14:53:00.810797 [debug] [MainThread]: Partial parsing enabled, no changes found, skipping parsing
[0m14:53:00.817373 [debug] [MainThread]: Sending event: {'category': 'dbt', 'action': 'load_project', 'label': 'a6065776-f7b0-4f3b-bc8a-1779b22b910b', 'context': [<snowplow_tracker.self_describing_json.SelfDescribingJson object at 0x7f1ebafc2c10>]}
[0m14:53:00.893877 [debug] [MainThread]: Sending event: {'category': 'dbt', 'action': 'resource_counts', 'label': 'a6065776-f7b0-4f3b-bc8a-1779b22b910b', 'context': [<snowplow_tracker.self_describing_json.SelfDescribingJson object at 0x7f1ebb37a590>]}
[0m14:53:00.895276 [info ] [MainThread]: Found 8 models, 2 snapshots, 9 tests, 1 seed, 3 sources, 0 exposures, 0 metrics, 432 macros, 0 groups, 0 semantic models
[0m14:53:00.896242 [debug] [MainThread]: Sending event: {'category': 'dbt', 'action': 'runnable_timing', 'label': 'a6065776-f7b0-4f3b-bc8a-1779b22b910b', 'context': [<snowplow_tracker.self_describing_json.SelfDescribingJson object at 0x7f1ebb29eb50>]}
[0m14:53:00.898621 [info ] [MainThread]: 
[0m14:53:00.899746 [debug] [MainThread]: Acquiring new snowflake connection 'master'
[0m14:53:00.902277 [debug] [ThreadPool]: Acquiring new snowflake connection 'list_AIRFLOW'
[0m14:53:00.917753 [debug] [ThreadPool]: Using snowflake connection "list_AIRFLOW"
[0m14:53:00.918248 [debug] [ThreadPool]: On list_AIRFLOW: /* {"app": "dbt", "dbt_version": "1.7.13", "profile_name": "dbttest", "target_name": "dev", "connection_name": "list_AIRFLOW"} */
show terse schemas in database AIRFLOW
    limit 10000
[0m14:53:00.918592 [debug] [ThreadPool]: Opening a new connection, currently in state init
[0m14:53:01.419514 [debug] [ThreadPool]: SQL status: SUCCESS 4 in 1.0 seconds
[0m14:53:01.421085 [debug] [ThreadPool]: On list_AIRFLOW: Close
[0m14:53:01.570028 [debug] [ThreadPool]: Re-using an available connection from the pool (formerly list_AIRFLOW, now list_AIRFLOW_dev)
[0m14:53:01.582120 [debug] [ThreadPool]: Using snowflake connection "list_AIRFLOW_dev"
[0m14:53:01.582636 [debug] [ThreadPool]: On list_AIRFLOW_dev: /* {"app": "dbt", "dbt_version": "1.7.13", "profile_name": "dbttest", "target_name": "dev", "connection_name": "list_AIRFLOW_dev"} */
show terse objects in AIRFLOW.dev limit 10000
[0m14:53:01.582933 [debug] [ThreadPool]: Opening a new connection, currently in state closed
[0m14:53:02.178545 [debug] [ThreadPool]: SQL status: SUCCESS 6 in 1.0 seconds
[0m14:53:02.181255 [debug] [ThreadPool]: On list_AIRFLOW_dev: Close
[0m14:53:02.317367 [debug] [ThreadPool]: Re-using an available connection from the pool (formerly list_AIRFLOW_dev, now list_AIRFLOW_DEV)
[0m14:53:02.322352 [debug] [ThreadPool]: Using snowflake connection "list_AIRFLOW_DEV"
[0m14:53:02.323098 [debug] [ThreadPool]: On list_AIRFLOW_DEV: /* {"app": "dbt", "dbt_version": "1.7.13", "profile_name": "dbttest", "target_name": "dev", "connection_name": "list_AIRFLOW_DEV"} */
show terse objects in AIRFLOW.DEV limit 10000
[0m14:53:02.323571 [debug] [ThreadPool]: Opening a new connection, currently in state closed
[0m14:53:02.887193 [debug] [ThreadPool]: SQL status: SUCCESS 6 in 1.0 seconds
[0m14:53:02.889353 [debug] [ThreadPool]: On list_AIRFLOW_DEV: Close
[0m14:53:03.033220 [debug] [MainThread]: Sending event: {'category': 'dbt', 'action': 'runnable_timing', 'label': 'a6065776-f7b0-4f3b-bc8a-1779b22b910b', 'context': [<snowplow_tracker.self_describing_json.SelfDescribingJson object at 0x7f1ebb003710>]}
[0m14:53:03.034881 [info ] [MainThread]: Concurrency: 1 threads (target='dev')
[0m14:53:03.035834 [info ] [MainThread]: 
[0m14:53:03.040637 [debug] [Thread-1 (]: Began running node model.dbttest.dim_hosts_cleansed
[0m14:53:03.041828 [info ] [Thread-1 (]: 1 of 3 START sql view model DEV.dim_hosts_cleansed ............................. [RUN]
[0m14:53:03.043810 [debug] [Thread-1 (]: Re-using an available connection from the pool (formerly list_AIRFLOW_DEV, now model.dbttest.dim_hosts_cleansed)
[0m14:53:03.044414 [debug] [Thread-1 (]: Began compiling node model.dbttest.dim_hosts_cleansed
[0m14:53:03.059826 [debug] [Thread-1 (]: Writing injected SQL for node "model.dbttest.dim_hosts_cleansed"
[0m14:53:03.063241 [debug] [Thread-1 (]: Writing injected SQL for node "model.dbttest.dim_hosts_cleansed"
[0m14:53:03.063962 [debug] [Thread-1 (]: Timing info for model.dbttest.dim_hosts_cleansed (compile): 14:53:03.044727 => 14:53:03.063704
[0m14:53:03.064426 [debug] [Thread-1 (]: Began executing node model.dbttest.dim_hosts_cleansed
[0m14:53:03.103527 [debug] [Thread-1 (]: Writing runtime sql for node "model.dbttest.dim_hosts_cleansed"
[0m14:53:03.105144 [debug] [Thread-1 (]: Using snowflake connection "model.dbttest.dim_hosts_cleansed"
[0m14:53:03.105994 [debug] [Thread-1 (]: On model.dbttest.dim_hosts_cleansed: /* {"app": "dbt", "dbt_version": "1.7.13", "profile_name": "dbttest", "target_name": "dev", "node_id": "model.dbttest.dim_hosts_cleansed"} */
create or replace   view AIRFLOW.DEV.dim_hosts_cleansed
  
   as (
    

WITH  __dbt__cte__src_hosts as (
WITH raw_hosts AS (
    SELECT * FROM AIRFLOW.raw.raw_hosts
)
SELECT 
    id AS host_id,
    name AS host_name,
    is_superhost,
    created_at,
    updated_at
FROM 
    raw_hosts
), src_hosts AS (
    SELECT * FROM __dbt__cte__src_hosts
)
SELECT 
    host_id,
    NVL( host_name, 'Anonymous') AS host_name, -- similar to below
    
    is_superhost,
    created_at,
    updated_at
FROM
    src_hosts
  );
[0m14:53:03.106703 [debug] [Thread-1 (]: Opening a new connection, currently in state closed
[0m14:53:03.756300 [debug] [Thread-1 (]: SQL status: SUCCESS 1 in 1.0 seconds
[0m14:53:03.778189 [debug] [Thread-1 (]: Timing info for model.dbttest.dim_hosts_cleansed (execute): 14:53:03.064744 => 14:53:03.777999
[0m14:53:03.778636 [debug] [Thread-1 (]: On model.dbttest.dim_hosts_cleansed: Close
[0m14:53:03.917980 [debug] [Thread-1 (]: Sending event: {'category': 'dbt', 'action': 'run_model', 'label': 'a6065776-f7b0-4f3b-bc8a-1779b22b910b', 'context': [<snowplow_tracker.self_describing_json.SelfDescribingJson object at 0x7f1ebad1fa10>]}
[0m14:53:03.919513 [info ] [Thread-1 (]: 1 of 3 OK created sql view model DEV.dim_hosts_cleansed ........................ [[32mSUCCESS 1[0m in 0.87s]
[0m14:53:03.920374 [debug] [Thread-1 (]: Finished running node model.dbttest.dim_hosts_cleansed
[0m14:53:03.921191 [debug] [Thread-1 (]: Began running node model.dbttest.dim_listings_cleansed
[0m14:53:03.922007 [info ] [Thread-1 (]: 2 of 3 START sql view model DEV.dim_listings_cleansed .......................... [RUN]
[0m14:53:03.922986 [debug] [Thread-1 (]: Re-using an available connection from the pool (formerly model.dbttest.dim_hosts_cleansed, now model.dbttest.dim_listings_cleansed)
[0m14:53:03.923598 [debug] [Thread-1 (]: Began compiling node model.dbttest.dim_listings_cleansed
[0m14:53:03.933209 [debug] [Thread-1 (]: Writing injected SQL for node "model.dbttest.dim_listings_cleansed"
[0m14:53:03.939522 [debug] [Thread-1 (]: Writing injected SQL for node "model.dbttest.dim_listings_cleansed"
[0m14:53:03.940278 [debug] [Thread-1 (]: Timing info for model.dbttest.dim_listings_cleansed (compile): 14:53:03.923902 => 14:53:03.940010
[0m14:53:03.940812 [debug] [Thread-1 (]: Began executing node model.dbttest.dim_listings_cleansed
[0m14:53:03.946078 [debug] [Thread-1 (]: Writing runtime sql for node "model.dbttest.dim_listings_cleansed"
[0m14:53:03.947753 [debug] [Thread-1 (]: Using snowflake connection "model.dbttest.dim_listings_cleansed"
[0m14:53:03.948408 [debug] [Thread-1 (]: On model.dbttest.dim_listings_cleansed: /* {"app": "dbt", "dbt_version": "1.7.13", "profile_name": "dbttest", "target_name": "dev", "node_id": "model.dbttest.dim_listings_cleansed"} */
create or replace   view AIRFLOW.DEV.dim_listings_cleansed
  
   as (
    

WITH  __dbt__cte__src_listings as (
WITH raw_listings AS (
    SELECT * FROM AIRFLOW.raw.raw_listings
)
SELECT 
    id AS listing_id,
    name AS listing_name,
    listing_url,
    room_type,
    minimum_nights,
    host_id,
    price AS price_str,
    created_at,
    updated_at
FROM
    raw_listings
), src_listings AS (
    SELECT * FROM __dbt__cte__src_listings
)
SELECT
    listing_id,
    listing_name,
    listing_url,
    room_type,
    CASE 
        WHEN minimum_nights = 0 THEN 1
        ELSE minimum_nights
    END AS minimum_nights,
    host_id,
    REPLACE (price_str, '$') :: NUMBER(10,2) AS price,
    created_at,
    updated_at
FROM
    src_listings
  );
[0m14:53:03.948857 [debug] [Thread-1 (]: Opening a new connection, currently in state closed
[0m14:53:04.576077 [debug] [Thread-1 (]: SQL status: SUCCESS 1 in 5.0 seconds
[0m14:53:04.576176 [debug] [Thread-1 (]: SQL status: SUCCESS 1 in 1.0 seconds
[0m14:53:04.580650 [debug] [Thread-1 (]: Timing info for model.dbttest.dim_listings_cleansed (execute): 14:53:03.941031 => 14:53:04.580280
[0m14:53:04.581460 [debug] [Thread-1 (]: On model.dbttest.dim_listings_cleansed: Close
[0m14:53:04.613014 [debug] [Thread-1 (]: Timing info for model.dbttest.mart_full_moon_reviews (execute): 14:52:59.587054 => 14:53:04.612800
[0m14:53:04.613513 [debug] [Thread-1 (]: On model.dbttest.mart_full_moon_reviews: Close
[0m14:53:04.755356 [debug] [Thread-1 (]: Sending event: {'category': 'dbt', 'action': 'run_model', 'label': '451567ae-934b-470e-89f9-3524581754e5', 'context': [<snowplow_tracker.self_describing_json.SelfDescribingJson object at 0x7fdb51abd790>]}
[0m14:53:04.756771 [info ] [Thread-1 (]: 1 of 1 OK created sql table model DEV.mart_full_moon_reviews ................... [[32mSUCCESS 1[0m in 5.19s]
[0m14:53:04.757938 [debug] [Thread-1 (]: Finished running node model.dbttest.mart_full_moon_reviews
[0m14:53:04.761568 [debug] [MainThread]: Connection 'master' was properly closed.
[0m14:53:04.762323 [debug] [MainThread]: Connection 'model.dbttest.mart_full_moon_reviews' was properly closed.
[0m14:53:04.763453 [info ] [MainThread]: 
[0m14:53:04.764316 [info ] [MainThread]: Finished running 1 table model in 0 hours 0 minutes and 7.63 seconds (7.63s).
[0m14:53:04.765336 [debug] [MainThread]: Command end result
[0m14:53:04.774049 [debug] [Thread-1 (]: Sending event: {'category': 'dbt', 'action': 'run_model', 'label': 'a6065776-f7b0-4f3b-bc8a-1779b22b910b', 'context': [<snowplow_tracker.self_describing_json.SelfDescribingJson object at 0x7f1ebadad790>]}
[0m14:53:04.775171 [info ] [Thread-1 (]: 2 of 3 OK created sql view model DEV.dim_listings_cleansed ..................... [[32mSUCCESS 1[0m in 0.85s]
[0m14:53:04.776436 [debug] [Thread-1 (]: Finished running node model.dbttest.dim_listings_cleansed
[0m14:53:04.779182 [debug] [Thread-1 (]: Began running node model.dbttest.dim_listings_w_hosts
[0m14:53:04.780392 [info ] [Thread-1 (]: 3 of 3 START sql table model DEV.dim_listings_w_hosts .......................... [RUN]
[0m14:53:04.781880 [debug] [Thread-1 (]: Re-using an available connection from the pool (formerly model.dbttest.dim_listings_cleansed, now model.dbttest.dim_listings_w_hosts)
[0m14:53:04.782724 [debug] [Thread-1 (]: Began compiling node model.dbttest.dim_listings_w_hosts
[0m14:53:04.783995 [info ] [MainThread]: 
[0m14:53:04.784923 [info ] [MainThread]: [32mCompleted successfully[0m
[0m14:53:04.785725 [info ] [MainThread]: 
[0m14:53:04.786813 [info ] [MainThread]: Done. PASS=1 WARN=0 ERROR=0 SKIP=0 TOTAL=1
[0m14:53:04.787948 [debug] [MainThread]: Resource report: {"command_name": "run", "command_success": true, "command_wall_clock_time": 8.304327, "process_user_time": 2.866605, "process_kernel_time": 0.1194, "process_mem_max_rss": "128948", "process_out_blocks": "1920", "process_in_blocks": "0"}
[0m14:53:04.788610 [debug] [MainThread]: Command `dbt run` succeeded at 14:53:04.788433 after 8.31 seconds
[0m14:53:04.789092 [debug] [MainThread]: Sending event: {'category': 'dbt', 'action': 'invocation', 'label': 'end', 'context': [<snowplow_tracker.self_describing_json.SelfDescribingJson object at 0x7fdb52dabe90>, <snowplow_tracker.self_describing_json.SelfDescribingJson object at 0x7fdb53b51d90>, <snowplow_tracker.self_describing_json.SelfDescribingJson object at 0x7fdb5719b7d0>]}
[0m14:53:04.789637 [debug] [MainThread]: Flushing usage events
[0m14:53:04.790330 [debug] [Thread-1 (]: Writing injected SQL for node "model.dbttest.dim_listings_w_hosts"
[0m14:53:04.791459 [debug] [Thread-1 (]: Timing info for model.dbttest.dim_listings_w_hosts (compile): 14:53:04.783154 => 14:53:04.791063
[0m14:53:04.791985 [debug] [Thread-1 (]: Began executing node model.dbttest.dim_listings_w_hosts
[0m14:53:04.823847 [debug] [Thread-1 (]: Writing runtime sql for node "model.dbttest.dim_listings_w_hosts"
[0m14:53:04.825768 [debug] [Thread-1 (]: Using snowflake connection "model.dbttest.dim_listings_w_hosts"
[0m14:53:04.826454 [debug] [Thread-1 (]: On model.dbttest.dim_listings_w_hosts: /* {"app": "dbt", "dbt_version": "1.7.13", "profile_name": "dbttest", "target_name": "dev", "node_id": "model.dbttest.dim_listings_w_hosts"} */
create or replace transient table AIRFLOW.DEV.dim_listings_w_hosts
         as
        (WITH l AS (
    SELECT * FROM AIRFLOW.DEV.dim_listings_cleansed
), 
h AS (
    SELECT * FROM AIRFLOW.DEV.dim_hosts_cleansed
)

SELECT 
    l.listing_id,
    l.listing_name,
    l.room_type,
    l.minimum_nights,
    l.price,
    l.host_id,
    h.host_name,
    h.is_superhost AS host_is_superhost,
    l.created_at,
    GREATEST(l.updated_at, h.updated_at) as updated_at
FROM l
LEFT JOIN h ON (h.host_id = l.host_id)
        );
[0m14:53:04.827718 [debug] [Thread-1 (]: Opening a new connection, currently in state closed
[0m14:53:06.420463 [debug] [Thread-1 (]: SQL status: SUCCESS 1 in 2.0 seconds
[0m14:53:06.423337 [debug] [Thread-1 (]: Timing info for model.dbttest.dim_listings_w_hosts (execute): 14:53:04.792290 => 14:53:06.423144
[0m14:53:06.423955 [debug] [Thread-1 (]: On model.dbttest.dim_listings_w_hosts: Close
[0m14:53:06.584049 [debug] [Thread-1 (]: Sending event: {'category': 'dbt', 'action': 'run_model', 'label': 'a6065776-f7b0-4f3b-bc8a-1779b22b910b', 'context': [<snowplow_tracker.self_describing_json.SelfDescribingJson object at 0x7f1ebb145d10>]}
[0m14:53:06.585418 [info ] [Thread-1 (]: 3 of 3 OK created sql table model DEV.dim_listings_w_hosts ..................... [[32mSUCCESS 1[0m in 1.80s]
[0m14:53:06.586486 [debug] [Thread-1 (]: Finished running node model.dbttest.dim_listings_w_hosts
[0m14:53:06.590725 [debug] [MainThread]: Connection 'master' was properly closed.
[0m14:53:06.591198 [debug] [MainThread]: Connection 'model.dbttest.dim_listings_w_hosts' was properly closed.
[0m14:53:06.591581 [info ] [MainThread]: 
[0m14:53:06.592067 [info ] [MainThread]: Finished running 2 view models, 1 table model in 0 hours 0 minutes and 5.69 seconds (5.69s).
[0m14:53:06.593108 [debug] [MainThread]: Command end result
[0m14:53:06.603784 [info ] [MainThread]: 
[0m14:53:06.604466 [info ] [MainThread]: [32mCompleted successfully[0m
[0m14:53:06.604913 [info ] [MainThread]: 
[0m14:53:06.605585 [info ] [MainThread]: Done. PASS=3 WARN=0 ERROR=0 SKIP=0 TOTAL=3
[0m14:53:06.606749 [debug] [MainThread]: Resource report: {"command_name": "run", "command_success": true, "command_wall_clock_time": 6.2662334, "process_user_time": 3.371825, "process_kernel_time": 0.229862, "process_mem_max_rss": "128800", "process_out_blocks": "2016", "process_in_blocks": "0"}
[0m14:53:06.607371 [debug] [MainThread]: Command `dbt run` succeeded at 14:53:06.607212 after 6.27 seconds
[0m14:53:06.607772 [debug] [MainThread]: Sending event: {'category': 'dbt', 'action': 'invocation', 'label': 'end', 'context': [<snowplow_tracker.self_describing_json.SelfDescribingJson object at 0x7f1ebcd61d90>, <snowplow_tracker.self_describing_json.SelfDescribingJson object at 0x7f1ebc1cbb10>, <snowplow_tracker.self_describing_json.SelfDescribingJson object at 0x7f1ec0582690>]}
[0m14:53:06.608183 [debug] [MainThread]: Flushing usage events
[0m17:36:23.734557 [debug] [MainThread]: Sending event: {'category': 'dbt', 'action': 'invocation', 'label': 'start', 'context': [<snowplow_tracker.self_describing_json.SelfDescribingJson object at 0x7ff951ba2860>, <snowplow_tracker.self_describing_json.SelfDescribingJson object at 0x7ff94fef5ff0>, <snowplow_tracker.self_describing_json.SelfDescribingJson object at 0x7ff94fef5f90>]}


============================== 17:36:23.739622 | 79ff4d86-c619-4123-9afd-7e8630ffdacc ==============================
[0m17:36:23.739622 [info ] [MainThread]: Running with dbt=1.7.13
[0m17:36:23.740295 [debug] [MainThread]: running dbt with arguments {'printer_width': '80', 'indirect_selection': 'eager', 'log_cache_events': 'False', 'write_json': 'True', 'partial_parse': 'True', 'cache_selected_only': 'False', 'warn_error': 'None', 'debug': 'False', 'profiles_dir': '/home/deekshagunde/home/mwaa/aws-mwaa-local-runner/dags/dbttest', 'log_path': '/home/deekshagunde/home/mwaa/aws-mwaa-local-runner/dags/dbttest/logs', 'version_check': 'True', 'fail_fast': 'False', 'use_colors': 'True', 'use_experimental_parser': 'False', 'no_print': 'None', 'quiet': 'False', 'log_format': 'default', 'invocation_command': 'dbt debug', 'static_parser': 'True', 'introspect': 'True', 'target_path': 'None', 'warn_error_options': 'WarnErrorOptions(include=[], exclude=[])', 'send_anonymous_usage_stats': 'True'}
[0m17:36:23.740793 [info ] [MainThread]: dbt version: 1.7.13
[0m17:36:23.741159 [info ] [MainThread]: python version: 3.10.12
[0m17:36:23.741731 [info ] [MainThread]: python path: /usr/bin/python3
[0m17:36:23.742220 [info ] [MainThread]: os info: Linux-5.15.146.1-microsoft-standard-WSL2-x86_64-with-glibc2.35
[0m17:36:24.141134 [info ] [MainThread]: Using profiles dir at /home/deekshagunde/home/mwaa/aws-mwaa-local-runner/dags/dbttest
[0m17:36:24.141654 [info ] [MainThread]: Using profiles.yml file at /home/deekshagunde/home/mwaa/aws-mwaa-local-runner/dags/dbttest/profiles.yml
[0m17:36:24.142005 [info ] [MainThread]: Using dbt_project.yml file at /home/deekshagunde/home/mwaa/aws-mwaa-local-runner/dags/dbttest/dbt_project.yml
[0m17:36:24.143629 [info ] [MainThread]: adapter type: snowflake
[0m17:36:24.144248 [info ] [MainThread]: adapter version: 1.7.1
[0m17:36:24.263523 [info ] [MainThread]: Configuration:
[0m17:36:24.265347 [info ] [MainThread]:   profiles.yml file [[32mOK found and valid[0m]
[0m17:36:24.266405 [info ] [MainThread]:   dbt_project.yml file [[32mOK found and valid[0m]
[0m17:36:24.267202 [info ] [MainThread]: Required dependencies:
[0m17:36:24.268039 [debug] [MainThread]: Executing "git --help"
[0m17:36:24.273748 [debug] [MainThread]: STDOUT: "b"usage: git [--version] [--help] [-C <path>] [-c <name>=<value>]\n           [--exec-path[=<path>]] [--html-path] [--man-path] [--info-path]\n           [-p | --paginate | -P | --no-pager] [--no-replace-objects] [--bare]\n           [--git-dir=<path>] [--work-tree=<path>] [--namespace=<name>]\n           [--super-prefix=<path>] [--config-env=<name>=<envvar>]\n           <command> [<args>]\n\nThese are common Git commands used in various situations:\n\nstart a working area (see also: git help tutorial)\n   clone     Clone a repository into a new directory\n   init      Create an empty Git repository or reinitialize an existing one\n\nwork on the current change (see also: git help everyday)\n   add       Add file contents to the index\n   mv        Move or rename a file, a directory, or a symlink\n   restore   Restore working tree files\n   rm        Remove files from the working tree and from the index\n\nexamine the history and state (see also: git help revisions)\n   bisect    Use binary search to find the commit that introduced a bug\n   diff      Show changes between commits, commit and working tree, etc\n   grep      Print lines matching a pattern\n   log       Show commit logs\n   show      Show various types of objects\n   status    Show the working tree status\n\ngrow, mark and tweak your common history\n   branch    List, create, or delete branches\n   commit    Record changes to the repository\n   merge     Join two or more development histories together\n   rebase    Reapply commits on top of another base tip\n   reset     Reset current HEAD to the specified state\n   switch    Switch branches\n   tag       Create, list, delete or verify a tag object signed with GPG\n\ncollaborate (see also: git help workflows)\n   fetch     Download objects and refs from another repository\n   pull      Fetch from and integrate with another repository or a local branch\n   push      Update remote refs along with associated objects\n\n'git help -a' and 'git help -g' list available subcommands and some\nconcept guides. See 'git help <command>' or 'git help <concept>'\nto read about a specific subcommand or concept.\nSee 'git help git' for an overview of the system.\n""
[0m17:36:24.274785 [debug] [MainThread]: STDERR: "b''"
[0m17:36:24.275342 [info ] [MainThread]:  - git [[32mOK found[0m]

[0m17:36:24.275811 [info ] [MainThread]: Connection:
[0m17:36:24.276583 [info ] [MainThread]:   account: im76549.us-east-2.aws
[0m17:36:24.277269 [info ] [MainThread]:   user: dbtairflow
[0m17:36:24.277772 [info ] [MainThread]:   database: AIRFLOW
[0m17:36:24.278241 [info ] [MainThread]:   warehouse: DATA_WH
[0m17:36:24.279003 [info ] [MainThread]:   role: transformation
[0m17:36:24.279612 [info ] [MainThread]:   schema: DEV
[0m17:36:24.280225 [info ] [MainThread]:   authenticator: None
[0m17:36:24.280700 [info ] [MainThread]:   private_key_path: None
[0m17:36:24.281254 [info ] [MainThread]:   token: None
[0m17:36:24.281799 [info ] [MainThread]:   oauth_client_id: None
[0m17:36:24.282198 [info ] [MainThread]:   query_tag: None
[0m17:36:24.282839 [info ] [MainThread]:   client_session_keep_alive: False
[0m17:36:24.283996 [info ] [MainThread]:   host: None
[0m17:36:24.285585 [info ] [MainThread]:   port: None
[0m17:36:24.286524 [info ] [MainThread]:   proxy_host: None
[0m17:36:24.287117 [info ] [MainThread]:   proxy_port: None
[0m17:36:24.287581 [info ] [MainThread]:   protocol: None
[0m17:36:24.288088 [info ] [MainThread]:   connect_retries: 1
[0m17:36:24.288598 [info ] [MainThread]:   connect_timeout: None
[0m17:36:24.289025 [info ] [MainThread]:   retry_on_database_errors: False
[0m17:36:24.289421 [info ] [MainThread]:   retry_all: False
[0m17:36:24.289794 [info ] [MainThread]:   insecure_mode: False
[0m17:36:24.290159 [info ] [MainThread]:   reuse_connections: None
[0m17:36:24.290688 [info ] [MainThread]: Registered adapter: snowflake=1.7.1
[0m17:36:24.291667 [debug] [MainThread]: Acquiring new snowflake connection 'debug'
[0m17:36:24.292730 [debug] [MainThread]: Using snowflake connection "debug"
[0m17:36:24.293549 [debug] [MainThread]: On debug: select 1 as id
[0m17:36:24.294262 [debug] [MainThread]: Opening a new connection, currently in state init
[0m17:36:25.690110 [debug] [MainThread]: SQL status: SUCCESS 1 in 1.0 seconds
[0m17:36:25.691296 [debug] [MainThread]: On debug: Close
[0m17:36:25.852654 [info ] [MainThread]:   Connection test: [[32mOK connection ok[0m]

[0m17:36:25.853620 [info ] [MainThread]: [32mAll checks passed![0m
[0m17:36:25.857927 [debug] [MainThread]: Resource report: {"command_name": "debug", "command_success": true, "command_wall_clock_time": 2.1686563, "process_user_time": 2.668322, "process_kernel_time": 0.805531, "process_mem_max_rss": "111112", "process_in_blocks": "5064", "process_out_blocks": "856"}
[0m17:36:25.858586 [debug] [MainThread]: Command `dbt debug` succeeded at 17:36:25.858434 after 2.17 seconds
[0m17:36:25.859277 [debug] [MainThread]: Connection 'debug' was properly closed.
[0m17:36:25.859874 [debug] [MainThread]: Sending event: {'category': 'dbt', 'action': 'invocation', 'label': 'end', 'context': [<snowplow_tracker.self_describing_json.SelfDescribingJson object at 0x7ff951ba2860>, <snowplow_tracker.self_describing_json.SelfDescribingJson object at 0x7ff94ee7bf70>, <snowplow_tracker.self_describing_json.SelfDescribingJson object at 0x7ff94f492770>]}
[0m17:36:25.860334 [debug] [MainThread]: Flushing usage events
[0m11:12:49.963530 [debug] [MainThread]: Sending event: {'category': 'dbt', 'action': 'invocation', 'label': 'start', 'context': [<snowplow_tracker.self_describing_json.SelfDescribingJson object at 0x000001AFC7D968C0>, <snowplow_tracker.self_describing_json.SelfDescribingJson object at 0x000001AFC7545E10>, <snowplow_tracker.self_describing_json.SelfDescribingJson object at 0x000001AFC7545C30>]}


============================== 11:12:49.963530 | 901606b2-44fe-4f81-b275-03df77e1317a ==============================
[0m11:12:49.963530 [info ] [MainThread]: Running with dbt=1.7.13
[0m11:12:49.963530 [debug] [MainThread]: running dbt with arguments {'printer_width': '80', 'indirect_selection': 'eager', 'write_json': 'True', 'log_cache_events': 'False', 'partial_parse': 'True', 'cache_selected_only': 'False', 'profiles_dir': 'C:\\Users\\gunde\\Documents\\Repos\\data-terragrunt-mwaa\\airflow-mwaa\\dags\\dbt\\dbt-starter-project\\dbt', 'fail_fast': 'False', 'debug': 'False', 'log_path': 'C:\\Users\\gunde\\Documents\\Repos\\data-terragrunt-mwaa\\airflow-mwaa\\dags\\dbt\\dbt-starter-project\\dbt\\logs', 'version_check': 'True', 'warn_error': 'None', 'use_colors': 'True', 'use_experimental_parser': 'False', 'no_print': 'None', 'quiet': 'False', 'warn_error_options': 'WarnErrorOptions(include=[], exclude=[])', 'static_parser': 'True', 'log_format': 'default', 'introspect': 'True', 'target_path': 'None', 'invocation_command': 'dbt debug', 'send_anonymous_usage_stats': 'True'}
[0m11:12:49.963530 [info ] [MainThread]: dbt version: 1.7.13
[0m11:12:49.970716 [info ] [MainThread]: python version: 3.10.6
[0m11:12:49.970716 [info ] [MainThread]: python path: C:\Users\gunde\AppData\Local\Programs\Python\Python310\python.exe
[0m11:12:49.970716 [info ] [MainThread]: os info: Windows-10-10.0.22631-SP0
[0m11:12:50.620253 [info ] [MainThread]: Using profiles dir at C:\Users\gunde\Documents\Repos\data-terragrunt-mwaa\airflow-mwaa\dags\dbt\dbt-starter-project\dbt
[0m11:12:50.620253 [info ] [MainThread]: Using profiles.yml file at C:\Users\gunde\Documents\Repos\data-terragrunt-mwaa\airflow-mwaa\dags\dbt\dbt-starter-project\dbt\profiles.yml
[0m11:12:50.620253 [info ] [MainThread]: Using dbt_project.yml file at C:\Users\gunde\Documents\Repos\data-terragrunt-mwaa\airflow-mwaa\dags\dbt\dbt-starter-project\dbt\dbt_project.yml
[0m11:12:50.620253 [info ] [MainThread]: adapter type: snowflake
[0m11:12:50.620253 [info ] [MainThread]: adapter version: 1.7.0
[0m11:12:50.723970 [info ] [MainThread]: Configuration:
[0m11:12:50.723970 [info ] [MainThread]:   profiles.yml file [[32mOK found and valid[0m]
[0m11:12:50.723970 [info ] [MainThread]:   dbt_project.yml file [[32mOK found and valid[0m]
[0m11:12:50.723970 [info ] [MainThread]: Required dependencies:
[0m11:12:50.723970 [debug] [MainThread]: Executing "git --help"
[0m11:12:50.772283 [debug] [MainThread]: STDOUT: "b"usage: git [-v | --version] [-h | --help] [-C <path>] [-c <name>=<value>]\n           [--exec-path[=<path>]] [--html-path] [--man-path] [--info-path]\n           [-p | --paginate | -P | --no-pager] [--no-replace-objects] [--bare]\n           [--git-dir=<path>] [--work-tree=<path>] [--namespace=<name>]\n           [--super-prefix=<path>] [--config-env=<name>=<envvar>]\n           <command> [<args>]\n\nThese are common Git commands used in various situations:\n\nstart a working area (see also: git help tutorial)\n   clone     Clone a repository into a new directory\n   init      Create an empty Git repository or reinitialize an existing one\n\nwork on the current change (see also: git help everyday)\n   add       Add file contents to the index\n   mv        Move or rename a file, a directory, or a symlink\n   restore   Restore working tree files\n   rm        Remove files from the working tree and from the index\n\nexamine the history and state (see also: git help revisions)\n   bisect    Use binary search to find the commit that introduced a bug\n   diff      Show changes between commits, commit and working tree, etc\n   grep      Print lines matching a pattern\n   log       Show commit logs\n   show      Show various types of objects\n   status    Show the working tree status\n\ngrow, mark and tweak your common history\n   branch    List, create, or delete branches\n   commit    Record changes to the repository\n   merge     Join two or more development histories together\n   rebase    Reapply commits on top of another base tip\n   reset     Reset current HEAD to the specified state\n   switch    Switch branches\n   tag       Create, list, delete or verify a tag object signed with GPG\n\ncollaborate (see also: git help workflows)\n   fetch     Download objects and refs from another repository\n   pull      Fetch from and integrate with another repository or a local branch\n   push      Update remote refs along with associated objects\n\n'git help -a' and 'git help -g' list available subcommands and some\nconcept guides. See 'git help <command>' or 'git help <concept>'\nto read about a specific subcommand or concept.\nSee 'git help git' for an overview of the system.\n""
[0m11:12:50.772283 [debug] [MainThread]: STDERR: "b''"
[0m11:12:50.772283 [info ] [MainThread]:  - git [[32mOK found[0m]

[0m11:12:50.772283 [info ] [MainThread]: Connection:
[0m11:12:50.772283 [info ] [MainThread]:   account: im76549.us-east-2.aws
[0m11:12:50.778884 [info ] [MainThread]:   user: dbt
[0m11:12:50.778884 [info ] [MainThread]:   database: TEST
[0m11:12:50.782391 [info ] [MainThread]:   warehouse: DATA_WH
[0m11:12:50.782391 [info ] [MainThread]:   role: test
[0m11:12:50.786920 [info ] [MainThread]:   schema: DEV
[0m11:12:50.788841 [info ] [MainThread]:   authenticator: None
[0m11:12:50.789365 [info ] [MainThread]:   private_key_path: None
[0m11:12:50.790876 [info ] [MainThread]:   token: None
[0m11:12:50.790876 [info ] [MainThread]:   oauth_client_id: None
[0m11:12:50.790876 [info ] [MainThread]:   query_tag: None
[0m11:12:50.790876 [info ] [MainThread]:   client_session_keep_alive: False
[0m11:12:50.796903 [info ] [MainThread]:   host: None
[0m11:12:50.813519 [info ] [MainThread]:   port: None
[0m11:12:50.831003 [info ] [MainThread]:   proxy_host: None
[0m11:12:50.839359 [info ] [MainThread]:   proxy_port: None
[0m11:12:50.846284 [info ] [MainThread]:   protocol: None
[0m11:12:50.856038 [info ] [MainThread]:   connect_retries: 1
[0m11:12:50.859288 [info ] [MainThread]:   connect_timeout: None
[0m11:12:50.862091 [info ] [MainThread]:   retry_on_database_errors: False
[0m11:12:50.863854 [info ] [MainThread]:   retry_all: False
[0m11:12:50.868867 [info ] [MainThread]:   insecure_mode: False
[0m11:12:50.871155 [info ] [MainThread]:   reuse_connections: None
[0m11:12:50.873516 [info ] [MainThread]: Registered adapter: snowflake=1.7.0
[0m11:12:50.874632 [debug] [MainThread]: Acquiring new snowflake connection 'debug'
[0m11:12:50.874632 [debug] [MainThread]: Using snowflake connection "debug"
[0m11:12:50.880789 [debug] [MainThread]: On debug: select 1 as id
[0m11:12:50.882020 [debug] [MainThread]: Opening a new connection, currently in state init
[0m11:12:55.109494 [debug] [MainThread]: SQL status: SUCCESS 1 in 4.0 seconds
[0m11:12:55.109494 [debug] [MainThread]: On debug: Close
[0m11:12:55.524451 [info ] [MainThread]:   Connection test: [[32mOK connection ok[0m]

[0m11:12:55.524451 [info ] [MainThread]: [32mAll checks passed![0m
[0m11:12:55.524451 [debug] [MainThread]: Command `dbt debug` succeeded at 11:12:55.524451 after 5.66 seconds
[0m11:12:55.535956 [debug] [MainThread]: Connection 'debug' was properly closed.
[0m11:12:55.535956 [debug] [MainThread]: Sending event: {'category': 'dbt', 'action': 'invocation', 'label': 'end', 'context': [<snowplow_tracker.self_describing_json.SelfDescribingJson object at 0x000001AFC7D968C0>, <snowplow_tracker.self_describing_json.SelfDescribingJson object at 0x000001AFC7545BD0>, <snowplow_tracker.self_describing_json.SelfDescribingJson object at 0x000001AFD998D780>]}
[0m11:12:55.535956 [debug] [MainThread]: Flushing usage events
[0m11:14:31.532017 [debug] [MainThread]: Sending event: {'category': 'dbt', 'action': 'invocation', 'label': 'start', 'context': [<snowplow_tracker.self_describing_json.SelfDescribingJson object at 0x000001FB22F87C10>, <snowplow_tracker.self_describing_json.SelfDescribingJson object at 0x000001FB22739F90>, <snowplow_tracker.self_describing_json.SelfDescribingJson object at 0x000001FB22739DB0>]}


============================== 11:14:31.547643 | 85ed92d6-3050-4edf-8eda-fe6b78eb4dd5 ==============================
[0m11:14:31.547643 [info ] [MainThread]: Running with dbt=1.7.13
[0m11:14:31.547643 [debug] [MainThread]: running dbt with arguments {'printer_width': '80', 'indirect_selection': 'eager', 'write_json': 'True', 'log_cache_events': 'False', 'partial_parse': 'True', 'cache_selected_only': 'False', 'profiles_dir': '.', 'debug': 'False', 'warn_error': 'None', 'log_path': 'C:\\Users\\gunde\\Documents\\Repos\\data-terragrunt-mwaa\\airflow-mwaa\\dags\\dbt\\dbt-starter-project\\dbt\\logs', 'fail_fast': 'False', 'version_check': 'True', 'use_colors': 'True', 'use_experimental_parser': 'False', 'no_print': 'None', 'quiet': 'False', 'warn_error_options': 'WarnErrorOptions(include=[], exclude=[])', 'static_parser': 'True', 'introspect': 'True', 'log_format': 'default', 'target_path': 'None', 'invocation_command': 'dbt run --profiles-dir .', 'send_anonymous_usage_stats': 'True'}
[0m11:14:32.313915 [debug] [MainThread]: Sending event: {'category': 'dbt', 'action': 'project_id', 'label': '85ed92d6-3050-4edf-8eda-fe6b78eb4dd5', 'context': [<snowplow_tracker.self_describing_json.SelfDescribingJson object at 0x000001FB36093EE0>]}
[0m11:14:32.407556 [debug] [MainThread]: Sending event: {'category': 'dbt', 'action': 'adapter_info', 'label': '85ed92d6-3050-4edf-8eda-fe6b78eb4dd5', 'context': [<snowplow_tracker.self_describing_json.SelfDescribingJson object at 0x000001FB361EA5C0>]}
[0m11:14:32.407556 [info ] [MainThread]: Registered adapter: snowflake=1.7.0
[0m11:14:32.434914 [debug] [MainThread]: checksum: 6c24e2ee36a42cedd7e5de2827d214776eb7a8e8f425f6d8acb06c31add0afef, vars: {}, profile: , target: , version: 1.7.13
[0m11:14:32.581835 [debug] [MainThread]: Partial parsing enabled: 0 files deleted, 0 files added, 0 files changed.
[0m11:14:32.581835 [debug] [MainThread]: Partial parsing enabled, no changes found, skipping parsing
[0m11:14:32.581835 [debug] [MainThread]: Sending event: {'category': 'dbt', 'action': 'load_project', 'label': '85ed92d6-3050-4edf-8eda-fe6b78eb4dd5', 'context': [<snowplow_tracker.self_describing_json.SelfDescribingJson object at 0x000001FB364E40D0>]}
[0m11:14:32.630023 [debug] [MainThread]: Sending event: {'category': 'dbt', 'action': 'resource_counts', 'label': '85ed92d6-3050-4edf-8eda-fe6b78eb4dd5', 'context': [<snowplow_tracker.self_describing_json.SelfDescribingJson object at 0x000001FB364B5AB0>]}
[0m11:14:32.632030 [info ] [MainThread]: Found 8 models, 2 snapshots, 9 tests, 1 seed, 3 sources, 0 exposures, 0 metrics, 610 macros, 0 groups, 0 semantic models
[0m11:14:32.632030 [debug] [MainThread]: Sending event: {'category': 'dbt', 'action': 'runnable_timing', 'label': '85ed92d6-3050-4edf-8eda-fe6b78eb4dd5', 'context': [<snowplow_tracker.self_describing_json.SelfDescribingJson object at 0x000001FB364B5B10>]}
[0m11:14:32.632030 [info ] [MainThread]: 
[0m11:14:32.632030 [debug] [MainThread]: Acquiring new snowflake connection 'master'
[0m11:14:32.641176 [debug] [ThreadPool]: Acquiring new snowflake connection 'list_TEST'
[0m11:14:32.641176 [debug] [ThreadPool]: Using snowflake connection "list_TEST"
[0m11:14:32.641176 [debug] [ThreadPool]: On list_TEST: /* {"app": "dbt", "dbt_version": "1.7.13", "profile_name": "mwaatest", "target_name": "dev", "connection_name": "list_TEST"} */
show terse schemas in database TEST
    limit 10000
[0m11:14:32.641176 [debug] [ThreadPool]: Opening a new connection, currently in state init
[0m11:14:34.735700 [debug] [ThreadPool]: SQL status: SUCCESS 4 in 2.0 seconds
[0m11:14:34.735700 [debug] [ThreadPool]: On list_TEST: Close
[0m11:14:34.883234 [debug] [ThreadPool]: Acquiring new snowflake connection 'list_TEST_dev'
[0m11:14:34.891998 [debug] [ThreadPool]: Using snowflake connection "list_TEST_dev"
[0m11:14:34.891998 [debug] [ThreadPool]: On list_TEST_dev: /* {"app": "dbt", "dbt_version": "1.7.13", "profile_name": "mwaatest", "target_name": "dev", "connection_name": "list_TEST_dev"} */
show terse objects in TEST.dev limit 10000
[0m11:14:34.891998 [debug] [ThreadPool]: Opening a new connection, currently in state init
[0m11:14:35.675698 [debug] [ThreadPool]: SQL status: SUCCESS 0 in 1.0 seconds
[0m11:14:35.675698 [debug] [ThreadPool]: On list_TEST_dev: Close
[0m11:14:35.881452 [debug] [ThreadPool]: Re-using an available connection from the pool (formerly list_TEST_dev, now list_TEST_DEV)
[0m11:14:35.881452 [debug] [ThreadPool]: Using snowflake connection "list_TEST_DEV"
[0m11:14:35.881452 [debug] [ThreadPool]: On list_TEST_DEV: /* {"app": "dbt", "dbt_version": "1.7.13", "profile_name": "mwaatest", "target_name": "dev", "connection_name": "list_TEST_DEV"} */
show terse objects in TEST.DEV limit 10000
[0m11:14:35.881452 [debug] [ThreadPool]: Opening a new connection, currently in state closed
[0m11:14:36.652564 [debug] [ThreadPool]: SQL status: SUCCESS 0 in 1.0 seconds
[0m11:14:36.652564 [debug] [ThreadPool]: On list_TEST_DEV: Close
[0m11:14:36.777428 [debug] [MainThread]: Sending event: {'category': 'dbt', 'action': 'runnable_timing', 'label': '85ed92d6-3050-4edf-8eda-fe6b78eb4dd5', 'context': [<snowplow_tracker.self_describing_json.SelfDescribingJson object at 0x000001FB36622260>]}
[0m11:14:36.777428 [info ] [MainThread]: Concurrency: 1 threads (target='dev')
[0m11:14:36.777428 [info ] [MainThread]: 
[0m11:14:36.786494 [debug] [Thread-1 (]: Began running node model.mwaatest.src_hosts
[0m11:14:36.787113 [debug] [Thread-1 (]: Acquiring new snowflake connection 'model.mwaatest.src_hosts'
[0m11:14:36.787113 [debug] [Thread-1 (]: Began compiling node model.mwaatest.src_hosts
[0m11:14:36.793120 [debug] [Thread-1 (]: Writing injected SQL for node "model.mwaatest.src_hosts"
[0m11:14:36.793120 [debug] [Thread-1 (]: Timing info for model.mwaatest.src_hosts (compile): 11:14:36.787113 => 11:14:36.793120
[0m11:14:36.793120 [debug] [Thread-1 (]: Finished running node model.mwaatest.src_hosts
[0m11:14:36.793120 [debug] [Thread-1 (]: Began running node model.mwaatest.src_listings
[0m11:14:36.803981 [debug] [Thread-1 (]: Re-using an available connection from the pool (formerly model.mwaatest.src_hosts, now model.mwaatest.src_listings)
[0m11:14:36.803981 [debug] [Thread-1 (]: Began compiling node model.mwaatest.src_listings
[0m11:14:36.865746 [debug] [Thread-1 (]: Writing injected SQL for node "model.mwaatest.src_listings"
[0m11:14:36.875122 [debug] [Thread-1 (]: Timing info for model.mwaatest.src_listings (compile): 11:14:36.803981 => 11:14:36.875122
[0m11:14:36.875122 [debug] [Thread-1 (]: Finished running node model.mwaatest.src_listings
[0m11:14:36.875122 [debug] [Thread-1 (]: Began running node model.mwaatest.src_reviews
[0m11:14:36.875122 [debug] [Thread-1 (]: Re-using an available connection from the pool (formerly model.mwaatest.src_listings, now model.mwaatest.src_reviews)
[0m11:14:36.875122 [debug] [Thread-1 (]: Began compiling node model.mwaatest.src_reviews
[0m11:14:36.882127 [debug] [Thread-1 (]: Writing injected SQL for node "model.mwaatest.src_reviews"
[0m11:14:36.882127 [debug] [Thread-1 (]: Timing info for model.mwaatest.src_reviews (compile): 11:14:36.875122 => 11:14:36.882127
[0m11:14:36.882127 [debug] [Thread-1 (]: Finished running node model.mwaatest.src_reviews
[0m11:14:36.882127 [debug] [Thread-1 (]: Began running node model.mwaatest.dim_hosts_cleansed
[0m11:14:36.891280 [info ] [Thread-1 (]: 1 of 5 START sql view model DEV.dim_hosts_cleansed ............................. [RUN]
[0m11:14:36.891280 [debug] [Thread-1 (]: Re-using an available connection from the pool (formerly model.mwaatest.src_reviews, now model.mwaatest.dim_hosts_cleansed)
[0m11:14:36.891280 [debug] [Thread-1 (]: Began compiling node model.mwaatest.dim_hosts_cleansed
[0m11:14:36.891280 [debug] [Thread-1 (]: Writing injected SQL for node "model.mwaatest.dim_hosts_cleansed"
[0m11:14:36.891280 [debug] [Thread-1 (]: Timing info for model.mwaatest.dim_hosts_cleansed (compile): 11:14:36.891280 => 11:14:36.891280
[0m11:14:36.891280 [debug] [Thread-1 (]: Began executing node model.mwaatest.dim_hosts_cleansed
[0m11:14:36.930377 [debug] [Thread-1 (]: Writing runtime sql for node "model.mwaatest.dim_hosts_cleansed"
[0m11:14:36.930377 [debug] [Thread-1 (]: Using snowflake connection "model.mwaatest.dim_hosts_cleansed"
[0m11:14:36.938393 [debug] [Thread-1 (]: On model.mwaatest.dim_hosts_cleansed: /* {"app": "dbt", "dbt_version": "1.7.13", "profile_name": "mwaatest", "target_name": "dev", "node_id": "model.mwaatest.dim_hosts_cleansed"} */
create or replace   view TEST.DEV.dim_hosts_cleansed
  
   as (
    

WITH  __dbt__cte__src_hosts as (
WITH raw_hosts AS (
    SELECT * FROM TEST.raw.raw_hosts
)
SELECT 
    id AS host_id,
    name AS host_name,
    is_superhost,
    created_at,
    updated_at
FROM 
    raw_hosts
), src_hosts AS (
    SELECT * FROM __dbt__cte__src_hosts
)
SELECT 
    host_id,
    NVL( host_name, 'Anonymous') AS host_name, -- similar to below
    
    is_superhost,
    created_at,
    updated_at
FROM
    src_hosts
  );
[0m11:14:36.938393 [debug] [Thread-1 (]: Opening a new connection, currently in state init
[0m11:14:38.100775 [debug] [Thread-1 (]: SQL status: SUCCESS 1 in 1.0 seconds
[0m11:14:38.128846 [debug] [Thread-1 (]: Timing info for model.mwaatest.dim_hosts_cleansed (execute): 11:14:36.891280 => 11:14:38.128846
[0m11:14:38.128846 [debug] [Thread-1 (]: On model.mwaatest.dim_hosts_cleansed: Close
[0m11:14:38.242243 [debug] [Thread-1 (]: Sending event: {'category': 'dbt', 'action': 'run_model', 'label': '85ed92d6-3050-4edf-8eda-fe6b78eb4dd5', 'context': [<snowplow_tracker.self_describing_json.SelfDescribingJson object at 0x000001FB3678BF70>]}
[0m11:14:38.242243 [info ] [Thread-1 (]: 1 of 5 OK created sql view model DEV.dim_hosts_cleansed ........................ [[32mSUCCESS 1[0m in 1.35s]
[0m11:14:38.242243 [debug] [Thread-1 (]: Finished running node model.mwaatest.dim_hosts_cleansed
[0m11:14:38.242243 [debug] [Thread-1 (]: Began running node model.mwaatest.dim_listings_cleansed
[0m11:14:38.247285 [info ] [Thread-1 (]: 2 of 5 START sql view model DEV.dim_listings_cleansed .......................... [RUN]
[0m11:14:38.247285 [debug] [Thread-1 (]: Re-using an available connection from the pool (formerly model.mwaatest.dim_hosts_cleansed, now model.mwaatest.dim_listings_cleansed)
[0m11:14:38.249837 [debug] [Thread-1 (]: Began compiling node model.mwaatest.dim_listings_cleansed
[0m11:14:38.255569 [debug] [Thread-1 (]: Writing injected SQL for node "model.mwaatest.dim_listings_cleansed"
[0m11:14:38.259343 [debug] [Thread-1 (]: Timing info for model.mwaatest.dim_listings_cleansed (compile): 11:14:38.250433 => 11:14:38.259343
[0m11:14:38.259343 [debug] [Thread-1 (]: Began executing node model.mwaatest.dim_listings_cleansed
[0m11:14:38.263792 [debug] [Thread-1 (]: Writing runtime sql for node "model.mwaatest.dim_listings_cleansed"
[0m11:14:38.263792 [debug] [Thread-1 (]: Using snowflake connection "model.mwaatest.dim_listings_cleansed"
[0m11:14:38.263792 [debug] [Thread-1 (]: On model.mwaatest.dim_listings_cleansed: /* {"app": "dbt", "dbt_version": "1.7.13", "profile_name": "mwaatest", "target_name": "dev", "node_id": "model.mwaatest.dim_listings_cleansed"} */
create or replace   view TEST.DEV.dim_listings_cleansed
  
   as (
    

WITH  __dbt__cte__src_listings as (
WITH raw_listings AS (
    SELECT * FROM TEST.raw.raw_listings
)
SELECT 
    id AS listing_id,
    name AS listing_name,
    listing_url,
    room_type,
    minimum_nights,
    host_id,
    price AS price_str,
    created_at,
    updated_at
FROM
    raw_listings
), src_listings AS (
    SELECT * FROM __dbt__cte__src_listings
)
SELECT
    listing_id,
    listing_name,
    listing_url,
    room_type,
    CASE 
        WHEN minimum_nights = 0 THEN 1
        ELSE minimum_nights
    END AS minimum_nights,
    host_id,
    REPLACE (price_str, '$') :: NUMBER(10,2) AS price,
    created_at,
    updated_at
FROM
    src_listings
  );
[0m11:14:38.263792 [debug] [Thread-1 (]: Opening a new connection, currently in state closed
[0m11:14:39.264479 [debug] [Thread-1 (]: SQL status: SUCCESS 1 in 1.0 seconds
[0m11:14:39.267112 [debug] [Thread-1 (]: Timing info for model.mwaatest.dim_listings_cleansed (execute): 11:14:38.259343 => 11:14:39.267112
[0m11:14:39.267112 [debug] [Thread-1 (]: On model.mwaatest.dim_listings_cleansed: Close
[0m11:14:39.383079 [debug] [Thread-1 (]: Sending event: {'category': 'dbt', 'action': 'run_model', 'label': '85ed92d6-3050-4edf-8eda-fe6b78eb4dd5', 'context': [<snowplow_tracker.self_describing_json.SelfDescribingJson object at 0x000001FB366C1C90>]}
[0m11:14:39.383079 [info ] [Thread-1 (]: 2 of 5 OK created sql view model DEV.dim_listings_cleansed ..................... [[32mSUCCESS 1[0m in 1.14s]
[0m11:14:39.383079 [debug] [Thread-1 (]: Finished running node model.mwaatest.dim_listings_cleansed
[0m11:14:39.387212 [debug] [Thread-1 (]: Began running node model.mwaatest.fct_reviews
[0m11:14:39.387212 [info ] [Thread-1 (]: 3 of 5 START sql incremental model DEV.fct_reviews ............................. [RUN]
[0m11:14:39.391350 [debug] [Thread-1 (]: Re-using an available connection from the pool (formerly model.mwaatest.dim_listings_cleansed, now model.mwaatest.fct_reviews)
[0m11:14:39.391902 [debug] [Thread-1 (]: Began compiling node model.mwaatest.fct_reviews
[0m11:14:39.399639 [debug] [Thread-1 (]: Writing injected SQL for node "model.mwaatest.fct_reviews"
[0m11:14:39.399639 [debug] [Thread-1 (]: Timing info for model.mwaatest.fct_reviews (compile): 11:14:39.391902 => 11:14:39.399639
[0m11:14:39.399639 [debug] [Thread-1 (]: Began executing node model.mwaatest.fct_reviews
[0m11:14:39.462072 [debug] [Thread-1 (]: Writing runtime sql for node "model.mwaatest.fct_reviews"
[0m11:14:39.473580 [debug] [Thread-1 (]: Using snowflake connection "model.mwaatest.fct_reviews"
[0m11:14:39.474642 [debug] [Thread-1 (]: On model.mwaatest.fct_reviews: /* {"app": "dbt", "dbt_version": "1.7.13", "profile_name": "mwaatest", "target_name": "dev", "node_id": "model.mwaatest.fct_reviews"} */
create or replace transient table TEST.DEV.fct_reviews
         as
        (-- This is a configuration block to create an incremental materialization
-- It appends the data to the reviews fact table when any new reviews come in

-- Then you define your CTE as usual
WITH  __dbt__cte__src_reviews as (
WITH raw_reviews AS(
    SELECT * FROM TEST.raw.raw_reviews
)
SELECT 
    listing_id,
    date AS review_date,
    reviewer_name,
    comments AS review_text,
    sentiment AS review_sentiment
FROM
    raw_reviews
), src_reviews AS (
    SELECT * FROM __dbt__cte__src_reviews
)
SELECT * FROM src_reviews
WHERE review_text IS NOT NULL
-- how dbt knows a record review is new or not 
-- we need to create a jinja if stmt

        );
[0m11:14:39.476508 [debug] [Thread-1 (]: Opening a new connection, currently in state closed
[0m11:14:45.375761 [debug] [Thread-1 (]: SQL status: SUCCESS 1 in 6.0 seconds
[0m11:14:45.375761 [debug] [Thread-1 (]: Applying DROP to: TEST.DEV.fct_reviews__dbt_tmp
[0m11:14:45.389269 [debug] [Thread-1 (]: Using snowflake connection "model.mwaatest.fct_reviews"
[0m11:14:45.389269 [debug] [Thread-1 (]: On model.mwaatest.fct_reviews: /* {"app": "dbt", "dbt_version": "1.7.13", "profile_name": "mwaatest", "target_name": "dev", "node_id": "model.mwaatest.fct_reviews"} */
drop view if exists TEST.DEV.fct_reviews__dbt_tmp cascade
[0m11:14:45.530670 [debug] [Thread-1 (]: SQL status: SUCCESS 1 in 0.0 seconds
[0m11:14:45.530670 [debug] [Thread-1 (]: Timing info for model.mwaatest.fct_reviews (execute): 11:14:39.399639 => 11:14:45.530670
[0m11:14:45.530670 [debug] [Thread-1 (]: On model.mwaatest.fct_reviews: Close
[0m11:14:45.640422 [debug] [Thread-1 (]: Sending event: {'category': 'dbt', 'action': 'run_model', 'label': '85ed92d6-3050-4edf-8eda-fe6b78eb4dd5', 'context': [<snowplow_tracker.self_describing_json.SelfDescribingJson object at 0x000001FB367FC640>]}
[0m11:14:45.640422 [info ] [Thread-1 (]: 3 of 5 OK created sql incremental model DEV.fct_reviews ........................ [[32mSUCCESS 1[0m in 6.25s]
[0m11:14:45.656672 [debug] [Thread-1 (]: Finished running node model.mwaatest.fct_reviews
[0m11:14:45.656672 [debug] [Thread-1 (]: Began running node model.mwaatest.dim_listings_w_hosts
[0m11:14:45.656672 [info ] [Thread-1 (]: 4 of 5 START sql table model DEV.dim_listings_w_hosts .......................... [RUN]
[0m11:14:45.662208 [debug] [Thread-1 (]: Re-using an available connection from the pool (formerly model.mwaatest.fct_reviews, now model.mwaatest.dim_listings_w_hosts)
[0m11:14:45.663153 [debug] [Thread-1 (]: Began compiling node model.mwaatest.dim_listings_w_hosts
[0m11:14:45.666911 [debug] [Thread-1 (]: Writing injected SQL for node "model.mwaatest.dim_listings_w_hosts"
[0m11:14:45.666911 [debug] [Thread-1 (]: Timing info for model.mwaatest.dim_listings_w_hosts (compile): 11:14:45.664222 => 11:14:45.666911
[0m11:14:45.666911 [debug] [Thread-1 (]: Began executing node model.mwaatest.dim_listings_w_hosts
[0m11:14:45.683483 [debug] [Thread-1 (]: Writing runtime sql for node "model.mwaatest.dim_listings_w_hosts"
[0m11:14:45.683483 [debug] [Thread-1 (]: Using snowflake connection "model.mwaatest.dim_listings_w_hosts"
[0m11:14:45.691037 [debug] [Thread-1 (]: On model.mwaatest.dim_listings_w_hosts: /* {"app": "dbt", "dbt_version": "1.7.13", "profile_name": "mwaatest", "target_name": "dev", "node_id": "model.mwaatest.dim_listings_w_hosts"} */
create or replace transient table TEST.DEV.dim_listings_w_hosts
         as
        (WITH l AS (
    SELECT * FROM TEST.DEV.dim_listings_cleansed
), 
h AS (
    SELECT * FROM TEST.DEV.dim_hosts_cleansed
)

SELECT 
    l.listing_id,
    l.listing_name,
    l.room_type,
    l.minimum_nights,
    l.price,
    l.host_id,
    h.host_name,
    h.is_superhost AS host_is_superhost,
    l.created_at,
    GREATEST(l.updated_at, h.updated_at) as updated_at
FROM l
LEFT JOIN h ON (h.host_id = l.host_id)
        );
[0m11:14:45.691857 [debug] [Thread-1 (]: Opening a new connection, currently in state closed
[0m11:14:48.601768 [debug] [Thread-1 (]: SQL status: SUCCESS 1 in 3.0 seconds
[0m11:14:48.617305 [debug] [Thread-1 (]: Timing info for model.mwaatest.dim_listings_w_hosts (execute): 11:14:45.666911 => 11:14:48.617305
[0m11:14:48.617305 [debug] [Thread-1 (]: On model.mwaatest.dim_listings_w_hosts: Close
[0m11:14:48.795909 [debug] [Thread-1 (]: Sending event: {'category': 'dbt', 'action': 'run_model', 'label': '85ed92d6-3050-4edf-8eda-fe6b78eb4dd5', 'context': [<snowplow_tracker.self_describing_json.SelfDescribingJson object at 0x000001FB36768C40>]}
[0m11:14:48.795909 [info ] [Thread-1 (]: 4 of 5 OK created sql table model DEV.dim_listings_w_hosts ..................... [[32mSUCCESS 1[0m in 3.14s]
[0m11:14:48.795909 [debug] [Thread-1 (]: Finished running node model.mwaatest.dim_listings_w_hosts
[0m11:14:48.795909 [debug] [Thread-1 (]: Began running node model.mwaatest.mart_full_moon_reviews
[0m11:14:48.795909 [info ] [Thread-1 (]: 5 of 5 START sql table model DEV.mart_full_moon_reviews ........................ [RUN]
[0m11:14:48.795909 [debug] [Thread-1 (]: Re-using an available connection from the pool (formerly model.mwaatest.dim_listings_w_hosts, now model.mwaatest.mart_full_moon_reviews)
[0m11:14:48.808219 [debug] [Thread-1 (]: Began compiling node model.mwaatest.mart_full_moon_reviews
[0m11:14:48.814487 [debug] [Thread-1 (]: Writing injected SQL for node "model.mwaatest.mart_full_moon_reviews"
[0m11:14:48.814487 [debug] [Thread-1 (]: Timing info for model.mwaatest.mart_full_moon_reviews (compile): 11:14:48.808219 => 11:14:48.814487
[0m11:14:48.820835 [debug] [Thread-1 (]: Began executing node model.mwaatest.mart_full_moon_reviews
[0m11:14:48.825266 [debug] [Thread-1 (]: Writing runtime sql for node "model.mwaatest.mart_full_moon_reviews"
[0m11:14:48.832307 [debug] [Thread-1 (]: Using snowflake connection "model.mwaatest.mart_full_moon_reviews"
[0m11:14:48.833444 [debug] [Thread-1 (]: On model.mwaatest.mart_full_moon_reviews: /* {"app": "dbt", "dbt_version": "1.7.13", "profile_name": "mwaatest", "target_name": "dev", "node_id": "model.mwaatest.mart_full_moon_reviews"} */
create or replace transient table TEST.DEV.mart_full_moon_reviews
         as
        (

WITH fct_reviews AS (
    SELECT * FROM TEST.DEV.fct_reviews
),
full_moon_dates AS (
    SELECT * FROM TEST.DEV.seed_full_moon_dates
)

SELECT
    r.*,
    CASE
        WHEN fm.full_moon_date IS NULL THEN 'not full moon'
        ELSE 'full moon'
    END AS is_full_moon
FROM
    fct_reviews r 
    LEFT JOIN full_moon_dates fm 
    ON (TO_DATE(r.review_date)= DATEADD(DAY,1,fm.full_moon_date))
        );
[0m11:14:48.835180 [debug] [Thread-1 (]: Opening a new connection, currently in state closed
[0m11:14:51.464201 [debug] [Thread-1 (]: Snowflake adapter: Snowflake query id: 01b458d2-0001-d831-0005-aa4e0006002a
[0m11:14:51.464201 [debug] [Thread-1 (]: Snowflake adapter: Snowflake error: 002003 (42S02): SQL compilation error:
Object 'TEST.DEV.SEED_FULL_MOON_DATES' does not exist or not authorized.
[0m11:14:51.475634 [debug] [Thread-1 (]: Timing info for model.mwaatest.mart_full_moon_reviews (execute): 11:14:48.820835 => 11:14:51.475024
[0m11:14:51.478658 [debug] [Thread-1 (]: On model.mwaatest.mart_full_moon_reviews: Close
[0m11:14:51.617907 [debug] [Thread-1 (]: Database Error in model mart_full_moon_reviews (models\mart\mart_full_moon_reviews.sql)
  002003 (42S02): SQL compilation error:
  Object 'TEST.DEV.SEED_FULL_MOON_DATES' does not exist or not authorized.
  compiled Code at target\run\mwaatest\models\mart\mart_full_moon_reviews.sql
[0m11:14:51.627443 [debug] [Thread-1 (]: Sending event: {'category': 'dbt', 'action': 'run_model', 'label': '85ed92d6-3050-4edf-8eda-fe6b78eb4dd5', 'context': [<snowplow_tracker.self_describing_json.SelfDescribingJson object at 0x000001FB3678BF70>]}
[0m11:14:51.627443 [error] [Thread-1 (]: 5 of 5 ERROR creating sql table model DEV.mart_full_moon_reviews ............... [[31mERROR[0m in 2.83s]
[0m11:14:51.633954 [debug] [Thread-1 (]: Finished running node model.mwaatest.mart_full_moon_reviews
[0m11:14:51.633954 [debug] [MainThread]: Connection 'master' was properly closed.
[0m11:14:51.642433 [debug] [MainThread]: Connection 'list_TEST' was properly closed.
[0m11:14:51.644861 [debug] [MainThread]: Connection 'list_TEST_DEV' was properly closed.
[0m11:14:51.644861 [debug] [MainThread]: Connection 'model.mwaatest.mart_full_moon_reviews' was properly closed.
[0m11:14:51.644861 [info ] [MainThread]: 
[0m11:14:51.644861 [info ] [MainThread]: Finished running 2 view models, 1 incremental model, 2 table models in 0 hours 0 minutes and 19.01 seconds (19.01s).
[0m11:14:51.660120 [debug] [MainThread]: Command end result
[0m11:14:51.705761 [info ] [MainThread]: 
[0m11:14:51.708970 [info ] [MainThread]: [31mCompleted with 1 error and 0 warnings:[0m
[0m11:14:51.708970 [info ] [MainThread]: 
[0m11:14:51.708970 [error] [MainThread]:   Database Error in model mart_full_moon_reviews (models\mart\mart_full_moon_reviews.sql)
  002003 (42S02): SQL compilation error:
  Object 'TEST.DEV.SEED_FULL_MOON_DATES' does not exist or not authorized.
  compiled Code at target\run\mwaatest\models\mart\mart_full_moon_reviews.sql
[0m11:14:51.708970 [info ] [MainThread]: 
[0m11:14:51.721505 [info ] [MainThread]: Done. PASS=4 WARN=0 ERROR=1 SKIP=0 TOTAL=5
[0m11:14:51.725704 [debug] [MainThread]: Command `dbt run` failed at 11:14:51.725704 after 20.25 seconds
[0m11:14:51.725704 [debug] [MainThread]: Sending event: {'category': 'dbt', 'action': 'invocation', 'label': 'end', 'context': [<snowplow_tracker.self_describing_json.SelfDescribingJson object at 0x000001FB22F87C10>, <snowplow_tracker.self_describing_json.SelfDescribingJson object at 0x000001FB361EA5C0>, <snowplow_tracker.self_describing_json.SelfDescribingJson object at 0x000001FB366DBF40>]}
[0m11:14:51.725704 [debug] [MainThread]: Flushing usage events
[0m11:15:19.414482 [debug] [MainThread]: Sending event: {'category': 'dbt', 'action': 'invocation', 'label': 'start', 'context': [<snowplow_tracker.self_describing_json.SelfDescribingJson object at 0x0000014CF54F6920>, <snowplow_tracker.self_describing_json.SelfDescribingJson object at 0x0000014CF4CA5D80>, <snowplow_tracker.self_describing_json.SelfDescribingJson object at 0x0000014CF4CA59F0>]}


============================== 11:15:19.423083 | c152d2d0-1cc2-4266-8d7a-831aa0b002f0 ==============================
[0m11:15:19.423083 [info ] [MainThread]: Running with dbt=1.7.13
[0m11:15:19.429435 [debug] [MainThread]: running dbt with arguments {'printer_width': '80', 'indirect_selection': 'eager', 'write_json': 'True', 'log_cache_events': 'False', 'partial_parse': 'True', 'cache_selected_only': 'False', 'warn_error': 'None', 'debug': 'False', 'version_check': 'True', 'log_path': 'C:\\Users\\gunde\\Documents\\Repos\\data-terragrunt-mwaa\\airflow-mwaa\\dags\\dbt\\dbt-starter-project\\dbt\\logs', 'fail_fast': 'False', 'profiles_dir': 'C:\\Users\\gunde\\Documents\\Repos\\data-terragrunt-mwaa\\airflow-mwaa\\dags\\dbt\\dbt-starter-project\\dbt', 'use_colors': 'True', 'use_experimental_parser': 'False', 'no_print': 'None', 'quiet': 'False', 'log_format': 'default', 'static_parser': 'True', 'invocation_command': 'dbt seed', 'introspect': 'True', 'target_path': 'None', 'warn_error_options': 'WarnErrorOptions(include=[], exclude=[])', 'send_anonymous_usage_stats': 'True'}
[0m11:15:20.190240 [debug] [MainThread]: Sending event: {'category': 'dbt', 'action': 'project_id', 'label': 'c152d2d0-1cc2-4266-8d7a-831aa0b002f0', 'context': [<snowplow_tracker.self_describing_json.SelfDescribingJson object at 0x0000014CF4C2B130>]}
[0m11:15:20.268483 [debug] [MainThread]: Sending event: {'category': 'dbt', 'action': 'adapter_info', 'label': 'c152d2d0-1cc2-4266-8d7a-831aa0b002f0', 'context': [<snowplow_tracker.self_describing_json.SelfDescribingJson object at 0x0000014CFF789510>]}
[0m11:15:20.268483 [info ] [MainThread]: Registered adapter: snowflake=1.7.0
[0m11:15:20.309757 [debug] [MainThread]: checksum: 6c24e2ee36a42cedd7e5de2827d214776eb7a8e8f425f6d8acb06c31add0afef, vars: {}, profile: , target: , version: 1.7.13
[0m11:15:20.447929 [debug] [MainThread]: Partial parsing enabled: 0 files deleted, 0 files added, 0 files changed.
[0m11:15:20.447929 [debug] [MainThread]: Partial parsing enabled, no changes found, skipping parsing
[0m11:15:20.460123 [debug] [MainThread]: Sending event: {'category': 'dbt', 'action': 'load_project', 'label': 'c152d2d0-1cc2-4266-8d7a-831aa0b002f0', 'context': [<snowplow_tracker.self_describing_json.SelfDescribingJson object at 0x0000014CFFA8C0D0>]}
[0m11:15:20.484783 [debug] [MainThread]: Sending event: {'category': 'dbt', 'action': 'resource_counts', 'label': 'c152d2d0-1cc2-4266-8d7a-831aa0b002f0', 'context': [<snowplow_tracker.self_describing_json.SelfDescribingJson object at 0x0000014CFFA61AE0>]}
[0m11:15:20.484783 [info ] [MainThread]: Found 8 models, 2 snapshots, 9 tests, 1 seed, 3 sources, 0 exposures, 0 metrics, 610 macros, 0 groups, 0 semantic models
[0m11:15:20.484783 [debug] [MainThread]: Sending event: {'category': 'dbt', 'action': 'runnable_timing', 'label': 'c152d2d0-1cc2-4266-8d7a-831aa0b002f0', 'context': [<snowplow_tracker.self_describing_json.SelfDescribingJson object at 0x0000014CFFA61B40>]}
[0m11:15:20.492257 [info ] [MainThread]: 
[0m11:15:20.494394 [debug] [MainThread]: Acquiring new snowflake connection 'master'
[0m11:15:20.496443 [debug] [ThreadPool]: Acquiring new snowflake connection 'list_TEST'
[0m11:15:20.513640 [debug] [ThreadPool]: Using snowflake connection "list_TEST"
[0m11:15:20.514290 [debug] [ThreadPool]: On list_TEST: /* {"app": "dbt", "dbt_version": "1.7.13", "profile_name": "mwaatest", "target_name": "dev", "connection_name": "list_TEST"} */
show terse schemas in database TEST
    limit 10000
[0m11:15:20.514290 [debug] [ThreadPool]: Opening a new connection, currently in state init
[0m11:15:22.543535 [debug] [ThreadPool]: SQL status: SUCCESS 4 in 2.0 seconds
[0m11:15:22.543535 [debug] [ThreadPool]: On list_TEST: Close
[0m11:15:22.643813 [debug] [ThreadPool]: Acquiring new snowflake connection 'list_TEST_dev'
[0m11:15:22.659446 [debug] [ThreadPool]: Using snowflake connection "list_TEST_dev"
[0m11:15:22.659446 [debug] [ThreadPool]: On list_TEST_dev: /* {"app": "dbt", "dbt_version": "1.7.13", "profile_name": "mwaatest", "target_name": "dev", "connection_name": "list_TEST_dev"} */
show terse objects in TEST.dev limit 10000
[0m11:15:22.659446 [debug] [ThreadPool]: Opening a new connection, currently in state init
[0m11:15:23.472821 [debug] [ThreadPool]: SQL status: SUCCESS 4 in 1.0 seconds
[0m11:15:23.472821 [debug] [ThreadPool]: On list_TEST_dev: Close
[0m11:15:23.582778 [debug] [ThreadPool]: Re-using an available connection from the pool (formerly list_TEST_dev, now list_TEST_DEV)
[0m11:15:23.598415 [debug] [ThreadPool]: Using snowflake connection "list_TEST_DEV"
[0m11:15:23.598415 [debug] [ThreadPool]: On list_TEST_DEV: /* {"app": "dbt", "dbt_version": "1.7.13", "profile_name": "mwaatest", "target_name": "dev", "connection_name": "list_TEST_DEV"} */
show terse objects in TEST.DEV limit 10000
[0m11:15:23.598415 [debug] [ThreadPool]: Opening a new connection, currently in state closed
[0m11:15:24.779809 [debug] [ThreadPool]: SQL status: SUCCESS 4 in 1.0 seconds
[0m11:15:24.779809 [debug] [ThreadPool]: On list_TEST_DEV: Close
[0m11:15:24.890002 [debug] [MainThread]: Sending event: {'category': 'dbt', 'action': 'runnable_timing', 'label': 'c152d2d0-1cc2-4266-8d7a-831aa0b002f0', 'context': [<snowplow_tracker.self_describing_json.SelfDescribingJson object at 0x0000014CFFBBA290>]}
[0m11:15:24.890002 [info ] [MainThread]: Concurrency: 1 threads (target='dev')
[0m11:15:24.890002 [info ] [MainThread]: 
[0m11:15:24.890002 [debug] [Thread-1 (]: Began running node seed.mwaatest.seed_full_moon_dates
[0m11:15:24.890002 [info ] [Thread-1 (]: 1 of 1 START seed file DEV.seed_full_moon_dates ................................ [RUN]
[0m11:15:24.900936 [debug] [Thread-1 (]: Acquiring new snowflake connection 'seed.mwaatest.seed_full_moon_dates'
[0m11:15:24.900936 [debug] [Thread-1 (]: Began compiling node seed.mwaatest.seed_full_moon_dates
[0m11:15:24.903689 [debug] [Thread-1 (]: Timing info for seed.mwaatest.seed_full_moon_dates (compile): 11:15:24.900936 => 11:15:24.900936
[0m11:15:24.904431 [debug] [Thread-1 (]: Began executing node seed.mwaatest.seed_full_moon_dates
[0m11:15:25.015111 [debug] [Thread-1 (]: Using snowflake connection "seed.mwaatest.seed_full_moon_dates"
[0m11:15:25.015111 [debug] [Thread-1 (]: On seed.mwaatest.seed_full_moon_dates: /* {"app": "dbt", "dbt_version": "1.7.13", "profile_name": "mwaatest", "target_name": "dev", "node_id": "seed.mwaatest.seed_full_moon_dates"} */
create table TEST.DEV.seed_full_moon_dates (full_moon_date date)
[0m11:15:25.015111 [debug] [Thread-1 (]: Opening a new connection, currently in state init
[0m11:15:26.023310 [debug] [Thread-1 (]: SQL status: SUCCESS 1 in 1.0 seconds
[0m11:15:26.039870 [debug] [Thread-1 (]: Using snowflake connection "seed.mwaatest.seed_full_moon_dates"
[0m11:15:26.039870 [debug] [Thread-1 (]: On seed.mwaatest.seed_full_moon_dates: /* {"app": "dbt", "dbt_version": "1.7.13", "profile_name": "mwaatest", "target_name": "dev", "node_id": "seed.mwaatest.seed_full_moon_dates"} */
BEGIN
[0m11:15:26.229099 [debug] [Thread-1 (]: SQL status: SUCCESS 1 in 0.0 seconds
[0m11:15:26.229099 [debug] [Thread-1 (]: Using snowflake connection "seed.mwaatest.seed_full_moon_dates"
[0m11:15:26.229099 [debug] [Thread-1 (]: On seed.mwaatest.seed_full_moon_dates: /* {"app": "dbt", "dbt_version": "1.7.13", "profile_name": "mwaatest", "target_name": "dev", "node_id": "seed.mwaatest.seed_full_moon_dates"} */
insert into TEST.DEV.seed_full_moon_dates (full_moon_date) values
            (%s),(%s),(%s),(%s),(%s),(%s),(%s),(%s),(%s),(%s),(%s),(%s),(%s),(%s),(%s),(%s),(%s),(%s),(%s),(%s),(%s),(%s),(%s),(%s),(%s),(%s),(%s),(%s),(%s),(%s),(%s),(%s),(%s),(%s),(%s),(%s),(%s),(%s),(%s),(%s),(%s),(%s),(%s),(%s),(%s),(%s),(%s),(%s),(%s),(%s),(%s),(%s),(%s),(%s),(%s),(%s),(%s),(%s)...
[0m11:15:26.946611 [debug] [Thread-1 (]: SQL status: SUCCESS 272 in 1.0 seconds
[0m11:15:26.946611 [debug] [Thread-1 (]: Using snowflake connection "seed.mwaatest.seed_full_moon_dates"
[0m11:15:26.946611 [debug] [Thread-1 (]: On seed.mwaatest.seed_full_moon_dates: /* {"app": "dbt", "dbt_version": "1.7.13", "profile_name": "mwaatest", "target_name": "dev", "node_id": "seed.mwaatest.seed_full_moon_dates"} */
COMMIT
[0m11:15:27.239842 [debug] [Thread-1 (]: SQL status: SUCCESS 1 in 0.0 seconds
[0m11:15:27.256450 [debug] [Thread-1 (]: Writing runtime SQL for node "seed.mwaatest.seed_full_moon_dates"
[0m11:15:27.271579 [debug] [Thread-1 (]: Timing info for seed.mwaatest.seed_full_moon_dates (execute): 11:15:24.904431 => 11:15:27.271579
[0m11:15:27.271579 [debug] [Thread-1 (]: On seed.mwaatest.seed_full_moon_dates: Close
[0m11:15:27.409356 [debug] [Thread-1 (]: Sending event: {'category': 'dbt', 'action': 'run_model', 'label': 'c152d2d0-1cc2-4266-8d7a-831aa0b002f0', 'context': [<snowplow_tracker.self_describing_json.SelfDescribingJson object at 0x0000014CF4CA5D80>]}
[0m11:15:27.409356 [info ] [Thread-1 (]: 1 of 1 OK loaded seed file DEV.seed_full_moon_dates ............................ [[32mINSERT 272[0m in 2.52s]
[0m11:15:27.409356 [debug] [Thread-1 (]: Finished running node seed.mwaatest.seed_full_moon_dates
[0m11:15:27.416872 [debug] [MainThread]: Connection 'master' was properly closed.
[0m11:15:27.416872 [debug] [MainThread]: Connection 'list_TEST' was properly closed.
[0m11:15:27.416872 [debug] [MainThread]: Connection 'list_TEST_DEV' was properly closed.
[0m11:15:27.416872 [debug] [MainThread]: Connection 'seed.mwaatest.seed_full_moon_dates' was properly closed.
[0m11:15:27.416872 [info ] [MainThread]: 
[0m11:15:27.416872 [info ] [MainThread]: Finished running 1 seed in 0 hours 0 minutes and 6.92 seconds (6.92s).
[0m11:15:27.422781 [debug] [MainThread]: Command end result
[0m11:15:27.435064 [info ] [MainThread]: 
[0m11:15:27.442919 [info ] [MainThread]: [32mCompleted successfully[0m
[0m11:15:27.442919 [info ] [MainThread]: 
[0m11:15:27.446475 [info ] [MainThread]: Done. PASS=1 WARN=0 ERROR=0 SKIP=0 TOTAL=1
[0m11:15:27.449462 [debug] [MainThread]: Command `dbt seed` succeeded at 11:15:27.449462 after 8.10 seconds
[0m11:15:27.452353 [debug] [MainThread]: Sending event: {'category': 'dbt', 'action': 'invocation', 'label': 'end', 'context': [<snowplow_tracker.self_describing_json.SelfDescribingJson object at 0x0000014CF54F6920>, <snowplow_tracker.self_describing_json.SelfDescribingJson object at 0x0000014CFF789510>, <snowplow_tracker.self_describing_json.SelfDescribingJson object at 0x0000014CFFA2FDF0>]}
[0m11:15:27.453370 [debug] [MainThread]: Flushing usage events
[0m11:15:36.625737 [debug] [MainThread]: Sending event: {'category': 'dbt', 'action': 'invocation', 'label': 'start', 'context': [<snowplow_tracker.self_describing_json.SelfDescribingJson object at 0x00000202AF767C10>, <snowplow_tracker.self_describing_json.SelfDescribingJson object at 0x00000202AEF19F90>, <snowplow_tracker.self_describing_json.SelfDescribingJson object at 0x00000202AEF19DB0>]}


============================== 11:15:36.625737 | 8af57954-85a9-48db-804c-68f082852ca5 ==============================
[0m11:15:36.625737 [info ] [MainThread]: Running with dbt=1.7.13
[0m11:15:36.638750 [debug] [MainThread]: running dbt with arguments {'printer_width': '80', 'indirect_selection': 'eager', 'write_json': 'True', 'log_cache_events': 'False', 'partial_parse': 'True', 'cache_selected_only': 'False', 'profiles_dir': '.', 'debug': 'False', 'fail_fast': 'False', 'log_path': 'C:\\Users\\gunde\\Documents\\Repos\\data-terragrunt-mwaa\\airflow-mwaa\\dags\\dbt\\dbt-starter-project\\dbt\\logs', 'warn_error': 'None', 'version_check': 'True', 'use_colors': 'True', 'use_experimental_parser': 'False', 'no_print': 'None', 'quiet': 'False', 'warn_error_options': 'WarnErrorOptions(include=[], exclude=[])', 'static_parser': 'True', 'introspect': 'True', 'invocation_command': 'dbt run --profiles-dir .', 'target_path': 'None', 'log_format': 'default', 'send_anonymous_usage_stats': 'True'}
[0m11:15:37.423085 [debug] [MainThread]: Sending event: {'category': 'dbt', 'action': 'project_id', 'label': '8af57954-85a9-48db-804c-68f082852ca5', 'context': [<snowplow_tracker.self_describing_json.SelfDescribingJson object at 0x00000202C2873EE0>]}
[0m11:15:37.533602 [debug] [MainThread]: Sending event: {'category': 'dbt', 'action': 'adapter_info', 'label': '8af57954-85a9-48db-804c-68f082852ca5', 'context': [<snowplow_tracker.self_describing_json.SelfDescribingJson object at 0x00000202C29CE5C0>]}
[0m11:15:37.549252 [info ] [MainThread]: Registered adapter: snowflake=1.7.0
[0m11:15:37.577658 [debug] [MainThread]: checksum: 6c24e2ee36a42cedd7e5de2827d214776eb7a8e8f425f6d8acb06c31add0afef, vars: {}, profile: , target: , version: 1.7.13
[0m11:15:37.732963 [debug] [MainThread]: Partial parsing enabled: 0 files deleted, 0 files added, 0 files changed.
[0m11:15:37.732963 [debug] [MainThread]: Partial parsing enabled, no changes found, skipping parsing
[0m11:15:37.748584 [debug] [MainThread]: Sending event: {'category': 'dbt', 'action': 'load_project', 'label': '8af57954-85a9-48db-804c-68f082852ca5', 'context': [<snowplow_tracker.self_describing_json.SelfDescribingJson object at 0x00000202C2CC40D0>]}
[0m11:15:37.776138 [debug] [MainThread]: Sending event: {'category': 'dbt', 'action': 'resource_counts', 'label': '8af57954-85a9-48db-804c-68f082852ca5', 'context': [<snowplow_tracker.self_describing_json.SelfDescribingJson object at 0x00000202C2C95AB0>]}
[0m11:15:37.776138 [info ] [MainThread]: Found 8 models, 2 snapshots, 9 tests, 1 seed, 3 sources, 0 exposures, 0 metrics, 610 macros, 0 groups, 0 semantic models
[0m11:15:37.778269 [debug] [MainThread]: Sending event: {'category': 'dbt', 'action': 'runnable_timing', 'label': '8af57954-85a9-48db-804c-68f082852ca5', 'context': [<snowplow_tracker.self_describing_json.SelfDescribingJson object at 0x00000202C2C95B10>]}
[0m11:15:37.780829 [info ] [MainThread]: 
[0m11:15:37.784391 [debug] [MainThread]: Acquiring new snowflake connection 'master'
[0m11:15:37.787261 [debug] [ThreadPool]: Acquiring new snowflake connection 'list_TEST'
[0m11:15:37.800349 [debug] [ThreadPool]: Using snowflake connection "list_TEST"
[0m11:15:37.809712 [debug] [ThreadPool]: On list_TEST: /* {"app": "dbt", "dbt_version": "1.7.13", "profile_name": "mwaatest", "target_name": "dev", "connection_name": "list_TEST"} */
show terse schemas in database TEST
    limit 10000
[0m11:15:37.810623 [debug] [ThreadPool]: Opening a new connection, currently in state init
[0m11:15:38.700222 [debug] [ThreadPool]: SQL status: SUCCESS 4 in 1.0 seconds
[0m11:15:38.700222 [debug] [ThreadPool]: On list_TEST: Close
[0m11:15:39.104323 [debug] [ThreadPool]: Acquiring new snowflake connection 'list_TEST_dev'
[0m11:15:39.118830 [debug] [ThreadPool]: Using snowflake connection "list_TEST_dev"
[0m11:15:39.118830 [debug] [ThreadPool]: On list_TEST_dev: /* {"app": "dbt", "dbt_version": "1.7.13", "profile_name": "mwaatest", "target_name": "dev", "connection_name": "list_TEST_dev"} */
show terse objects in TEST.dev limit 10000
[0m11:15:39.118830 [debug] [ThreadPool]: Opening a new connection, currently in state init
[0m11:15:39.949620 [debug] [ThreadPool]: SQL status: SUCCESS 5 in 1.0 seconds
[0m11:15:39.949620 [debug] [ThreadPool]: On list_TEST_dev: Close
[0m11:15:40.048336 [debug] [ThreadPool]: Re-using an available connection from the pool (formerly list_TEST_dev, now list_TEST_DEV)
[0m11:15:40.048336 [debug] [ThreadPool]: Using snowflake connection "list_TEST_DEV"
[0m11:15:40.048336 [debug] [ThreadPool]: On list_TEST_DEV: /* {"app": "dbt", "dbt_version": "1.7.13", "profile_name": "mwaatest", "target_name": "dev", "connection_name": "list_TEST_DEV"} */
show terse objects in TEST.DEV limit 10000
[0m11:15:40.060933 [debug] [ThreadPool]: Opening a new connection, currently in state closed
[0m11:15:40.873790 [debug] [ThreadPool]: SQL status: SUCCESS 5 in 1.0 seconds
[0m11:15:40.889529 [debug] [ThreadPool]: On list_TEST_DEV: Close
[0m11:15:40.999474 [debug] [MainThread]: Sending event: {'category': 'dbt', 'action': 'runnable_timing', 'label': '8af57954-85a9-48db-804c-68f082852ca5', 'context': [<snowplow_tracker.self_describing_json.SelfDescribingJson object at 0x00000202C2E02260>]}
[0m11:15:40.999474 [info ] [MainThread]: Concurrency: 1 threads (target='dev')
[0m11:15:40.999474 [info ] [MainThread]: 
[0m11:15:41.017808 [debug] [Thread-1 (]: Began running node model.mwaatest.src_hosts
[0m11:15:41.017808 [debug] [Thread-1 (]: Acquiring new snowflake connection 'model.mwaatest.src_hosts'
[0m11:15:41.017808 [debug] [Thread-1 (]: Began compiling node model.mwaatest.src_hosts
[0m11:15:41.017808 [debug] [Thread-1 (]: Writing injected SQL for node "model.mwaatest.src_hosts"
[0m11:15:41.017808 [debug] [Thread-1 (]: Timing info for model.mwaatest.src_hosts (compile): 11:15:41.017808 => 11:15:41.017808
[0m11:15:41.032232 [debug] [Thread-1 (]: Finished running node model.mwaatest.src_hosts
[0m11:15:41.032232 [debug] [Thread-1 (]: Began running node model.mwaatest.src_listings
[0m11:15:41.035080 [debug] [Thread-1 (]: Re-using an available connection from the pool (formerly model.mwaatest.src_hosts, now model.mwaatest.src_listings)
[0m11:15:41.035080 [debug] [Thread-1 (]: Began compiling node model.mwaatest.src_listings
[0m11:15:41.099555 [debug] [Thread-1 (]: Writing injected SQL for node "model.mwaatest.src_listings"
[0m11:15:41.099555 [debug] [Thread-1 (]: Timing info for model.mwaatest.src_listings (compile): 11:15:41.035080 => 11:15:41.099555
[0m11:15:41.107583 [debug] [Thread-1 (]: Finished running node model.mwaatest.src_listings
[0m11:15:41.107583 [debug] [Thread-1 (]: Began running node model.mwaatest.src_reviews
[0m11:15:41.109990 [debug] [Thread-1 (]: Re-using an available connection from the pool (formerly model.mwaatest.src_listings, now model.mwaatest.src_reviews)
[0m11:15:41.109990 [debug] [Thread-1 (]: Began compiling node model.mwaatest.src_reviews
[0m11:15:41.109990 [debug] [Thread-1 (]: Writing injected SQL for node "model.mwaatest.src_reviews"
[0m11:15:41.115996 [debug] [Thread-1 (]: Timing info for model.mwaatest.src_reviews (compile): 11:15:41.109990 => 11:15:41.109990
[0m11:15:41.115996 [debug] [Thread-1 (]: Finished running node model.mwaatest.src_reviews
[0m11:15:41.115996 [debug] [Thread-1 (]: Began running node model.mwaatest.dim_hosts_cleansed
[0m11:15:41.115996 [info ] [Thread-1 (]: 1 of 5 START sql view model DEV.dim_hosts_cleansed ............................. [RUN]
[0m11:15:41.115996 [debug] [Thread-1 (]: Re-using an available connection from the pool (formerly model.mwaatest.src_reviews, now model.mwaatest.dim_hosts_cleansed)
[0m11:15:41.115996 [debug] [Thread-1 (]: Began compiling node model.mwaatest.dim_hosts_cleansed
[0m11:15:41.124011 [debug] [Thread-1 (]: Writing injected SQL for node "model.mwaatest.dim_hosts_cleansed"
[0m11:15:41.124011 [debug] [Thread-1 (]: Timing info for model.mwaatest.dim_hosts_cleansed (compile): 11:15:41.115996 => 11:15:41.124011
[0m11:15:41.132143 [debug] [Thread-1 (]: Began executing node model.mwaatest.dim_hosts_cleansed
[0m11:15:41.161348 [debug] [Thread-1 (]: Writing runtime sql for node "model.mwaatest.dim_hosts_cleansed"
[0m11:15:41.161348 [debug] [Thread-1 (]: Using snowflake connection "model.mwaatest.dim_hosts_cleansed"
[0m11:15:41.161348 [debug] [Thread-1 (]: On model.mwaatest.dim_hosts_cleansed: /* {"app": "dbt", "dbt_version": "1.7.13", "profile_name": "mwaatest", "target_name": "dev", "node_id": "model.mwaatest.dim_hosts_cleansed"} */
create or replace   view TEST.DEV.dim_hosts_cleansed
  
   as (
    

WITH  __dbt__cte__src_hosts as (
WITH raw_hosts AS (
    SELECT * FROM TEST.raw.raw_hosts
)
SELECT 
    id AS host_id,
    name AS host_name,
    is_superhost,
    created_at,
    updated_at
FROM 
    raw_hosts
), src_hosts AS (
    SELECT * FROM __dbt__cte__src_hosts
)
SELECT 
    host_id,
    NVL( host_name, 'Anonymous') AS host_name, -- similar to below
    
    is_superhost,
    created_at,
    updated_at
FROM
    src_hosts
  );
[0m11:15:41.161348 [debug] [Thread-1 (]: Opening a new connection, currently in state init
[0m11:15:42.201939 [debug] [Thread-1 (]: SQL status: SUCCESS 1 in 1.0 seconds
[0m11:15:42.217417 [debug] [Thread-1 (]: Timing info for model.mwaatest.dim_hosts_cleansed (execute): 11:15:41.132143 => 11:15:42.217417
[0m11:15:42.217417 [debug] [Thread-1 (]: On model.mwaatest.dim_hosts_cleansed: Close
[0m11:15:42.348339 [debug] [Thread-1 (]: Sending event: {'category': 'dbt', 'action': 'run_model', 'label': '8af57954-85a9-48db-804c-68f082852ca5', 'context': [<snowplow_tracker.self_describing_json.SelfDescribingJson object at 0x00000202C29546A0>]}
[0m11:15:42.348339 [info ] [Thread-1 (]: 1 of 5 OK created sql view model DEV.dim_hosts_cleansed ........................ [[32mSUCCESS 1[0m in 1.23s]
[0m11:15:42.350765 [debug] [Thread-1 (]: Finished running node model.mwaatest.dim_hosts_cleansed
[0m11:15:42.351774 [debug] [Thread-1 (]: Began running node model.mwaatest.dim_listings_cleansed
[0m11:15:42.351774 [info ] [Thread-1 (]: 2 of 5 START sql view model DEV.dim_listings_cleansed .......................... [RUN]
[0m11:15:42.355004 [debug] [Thread-1 (]: Re-using an available connection from the pool (formerly model.mwaatest.dim_hosts_cleansed, now model.mwaatest.dim_listings_cleansed)
[0m11:15:42.355004 [debug] [Thread-1 (]: Began compiling node model.mwaatest.dim_listings_cleansed
[0m11:15:42.361273 [debug] [Thread-1 (]: Writing injected SQL for node "model.mwaatest.dim_listings_cleansed"
[0m11:15:42.361273 [debug] [Thread-1 (]: Timing info for model.mwaatest.dim_listings_cleansed (compile): 11:15:42.355004 => 11:15:42.361273
[0m11:15:42.361273 [debug] [Thread-1 (]: Began executing node model.mwaatest.dim_listings_cleansed
[0m11:15:42.368590 [debug] [Thread-1 (]: Writing runtime sql for node "model.mwaatest.dim_listings_cleansed"
[0m11:15:42.368590 [debug] [Thread-1 (]: Using snowflake connection "model.mwaatest.dim_listings_cleansed"
[0m11:15:42.368590 [debug] [Thread-1 (]: On model.mwaatest.dim_listings_cleansed: /* {"app": "dbt", "dbt_version": "1.7.13", "profile_name": "mwaatest", "target_name": "dev", "node_id": "model.mwaatest.dim_listings_cleansed"} */
create or replace   view TEST.DEV.dim_listings_cleansed
  
   as (
    

WITH  __dbt__cte__src_listings as (
WITH raw_listings AS (
    SELECT * FROM TEST.raw.raw_listings
)
SELECT 
    id AS listing_id,
    name AS listing_name,
    listing_url,
    room_type,
    minimum_nights,
    host_id,
    price AS price_str,
    created_at,
    updated_at
FROM
    raw_listings
), src_listings AS (
    SELECT * FROM __dbt__cte__src_listings
)
SELECT
    listing_id,
    listing_name,
    listing_url,
    room_type,
    CASE 
        WHEN minimum_nights = 0 THEN 1
        ELSE minimum_nights
    END AS minimum_nights,
    host_id,
    REPLACE (price_str, '$') :: NUMBER(10,2) AS price,
    created_at,
    updated_at
FROM
    src_listings
  );
[0m11:15:42.376043 [debug] [Thread-1 (]: Opening a new connection, currently in state closed
[0m11:15:43.429513 [debug] [Thread-1 (]: SQL status: SUCCESS 1 in 1.0 seconds
[0m11:15:43.429513 [debug] [Thread-1 (]: Timing info for model.mwaatest.dim_listings_cleansed (execute): 11:15:42.361273 => 11:15:43.429513
[0m11:15:43.429513 [debug] [Thread-1 (]: On model.mwaatest.dim_listings_cleansed: Close
[0m11:15:43.560905 [debug] [Thread-1 (]: Sending event: {'category': 'dbt', 'action': 'run_model', 'label': '8af57954-85a9-48db-804c-68f082852ca5', 'context': [<snowplow_tracker.self_describing_json.SelfDescribingJson object at 0x00000202C2DEDF60>]}
[0m11:15:43.560905 [info ] [Thread-1 (]: 2 of 5 OK created sql view model DEV.dim_listings_cleansed ..................... [[32mSUCCESS 1[0m in 1.21s]
[0m11:15:43.560905 [debug] [Thread-1 (]: Finished running node model.mwaatest.dim_listings_cleansed
[0m11:15:43.560905 [debug] [Thread-1 (]: Began running node model.mwaatest.fct_reviews
[0m11:15:43.560905 [info ] [Thread-1 (]: 3 of 5 START sql incremental model DEV.fct_reviews ............................. [RUN]
[0m11:15:43.570034 [debug] [Thread-1 (]: Re-using an available connection from the pool (formerly model.mwaatest.dim_listings_cleansed, now model.mwaatest.fct_reviews)
[0m11:15:43.570034 [debug] [Thread-1 (]: Began compiling node model.mwaatest.fct_reviews
[0m11:15:43.586436 [debug] [Thread-1 (]: Writing injected SQL for node "model.mwaatest.fct_reviews"
[0m11:15:43.586436 [debug] [Thread-1 (]: Timing info for model.mwaatest.fct_reviews (compile): 11:15:43.570034 => 11:15:43.586436
[0m11:15:43.586436 [debug] [Thread-1 (]: Began executing node model.mwaatest.fct_reviews
[0m11:15:43.627184 [debug] [Thread-1 (]: Using snowflake connection "model.mwaatest.fct_reviews"
[0m11:15:43.641191 [debug] [Thread-1 (]: On model.mwaatest.fct_reviews: /* {"app": "dbt", "dbt_version": "1.7.13", "profile_name": "mwaatest", "target_name": "dev", "node_id": "model.mwaatest.fct_reviews"} */
create or replace  temporary view TEST.DEV.fct_reviews__dbt_tmp
  
   as (
    -- This is a configuration block to create an incremental materialization
-- It appends the data to the reviews fact table when any new reviews come in

-- Then you define your CTE as usual
WITH  __dbt__cte__src_reviews as (
WITH raw_reviews AS(
    SELECT * FROM TEST.raw.raw_reviews
)
SELECT 
    listing_id,
    date AS review_date,
    reviewer_name,
    comments AS review_text,
    sentiment AS review_sentiment
FROM
    raw_reviews
), src_reviews AS (
    SELECT * FROM __dbt__cte__src_reviews
)
SELECT * FROM src_reviews
WHERE review_text IS NOT NULL
-- how dbt knows a record review is new or not 
-- we need to create a jinja if stmt

  and review_date > (select max(review_date) from TEST.DEV.fct_reviews)

  );
[0m11:15:43.643165 [debug] [Thread-1 (]: Opening a new connection, currently in state closed
[0m11:15:44.753050 [debug] [Thread-1 (]: SQL status: SUCCESS 1 in 1.0 seconds
[0m11:15:44.768683 [debug] [Thread-1 (]: Using snowflake connection "model.mwaatest.fct_reviews"
[0m11:15:44.768683 [debug] [Thread-1 (]: On model.mwaatest.fct_reviews: /* {"app": "dbt", "dbt_version": "1.7.13", "profile_name": "mwaatest", "target_name": "dev", "node_id": "model.mwaatest.fct_reviews"} */
describe table TEST.DEV.fct_reviews__dbt_tmp
[0m11:15:44.967565 [debug] [Thread-1 (]: SQL status: SUCCESS 5 in 0.0 seconds
[0m11:15:44.967565 [debug] [Thread-1 (]: Using snowflake connection "model.mwaatest.fct_reviews"
[0m11:15:44.967565 [debug] [Thread-1 (]: On model.mwaatest.fct_reviews: /* {"app": "dbt", "dbt_version": "1.7.13", "profile_name": "mwaatest", "target_name": "dev", "node_id": "model.mwaatest.fct_reviews"} */
describe table TEST.DEV.fct_reviews
[0m11:15:45.045725 [debug] [Thread-1 (]: SQL status: SUCCESS 5 in 0.0 seconds
[0m11:15:45.061349 [debug] [Thread-1 (]: Using snowflake connection "model.mwaatest.fct_reviews"
[0m11:15:45.061349 [debug] [Thread-1 (]: On model.mwaatest.fct_reviews: /* {"app": "dbt", "dbt_version": "1.7.13", "profile_name": "mwaatest", "target_name": "dev", "node_id": "model.mwaatest.fct_reviews"} */
describe table TEST.DEV.fct_reviews__dbt_tmp
[0m11:15:45.717397 [debug] [Thread-1 (]: SQL status: SUCCESS 5 in 1.0 seconds
[0m11:15:45.727318 [debug] [Thread-1 (]: Using snowflake connection "model.mwaatest.fct_reviews"
[0m11:15:45.727318 [debug] [Thread-1 (]: On model.mwaatest.fct_reviews: /* {"app": "dbt", "dbt_version": "1.7.13", "profile_name": "mwaatest", "target_name": "dev", "node_id": "model.mwaatest.fct_reviews"} */
describe table "TEST"."DEV"."FCT_REVIEWS"
[0m11:15:45.812272 [debug] [Thread-1 (]: SQL status: SUCCESS 5 in 0.0 seconds
[0m11:15:45.827201 [debug] [Thread-1 (]: 
    In "TEST"."DEV"."FCT_REVIEWS":
        Schema changed: False
        Source columns not in target: []
        Target columns not in source: []
        New column types: []
  
[0m11:15:45.834846 [debug] [Thread-1 (]: Writing runtime sql for node "model.mwaatest.fct_reviews"
[0m11:15:45.842867 [debug] [Thread-1 (]: Using snowflake connection "model.mwaatest.fct_reviews"
[0m11:15:45.842867 [debug] [Thread-1 (]: On model.mwaatest.fct_reviews: /* {"app": "dbt", "dbt_version": "1.7.13", "profile_name": "mwaatest", "target_name": "dev", "node_id": "model.mwaatest.fct_reviews"} */
-- back compat for old kwarg name
  
  begin;
[0m11:15:46.094568 [debug] [Thread-1 (]: SQL status: SUCCESS 1 in 0.0 seconds
[0m11:15:46.094568 [debug] [Thread-1 (]: Using snowflake connection "model.mwaatest.fct_reviews"
[0m11:15:46.094568 [debug] [Thread-1 (]: On model.mwaatest.fct_reviews: /* {"app": "dbt", "dbt_version": "1.7.13", "profile_name": "mwaatest", "target_name": "dev", "node_id": "model.mwaatest.fct_reviews"} */
insert into TEST.DEV.fct_reviews ("LISTING_ID", "REVIEW_DATE", "REVIEWER_NAME", "REVIEW_TEXT", "REVIEW_SENTIMENT")
        (
            select "LISTING_ID", "REVIEW_DATE", "REVIEWER_NAME", "REVIEW_TEXT", "REVIEW_SENTIMENT"
            from TEST.DEV.fct_reviews__dbt_tmp
        );
[0m11:15:46.708312 [debug] [Thread-1 (]: SQL status: SUCCESS 0 in 1.0 seconds
[0m11:15:46.710328 [debug] [Thread-1 (]: Using snowflake connection "model.mwaatest.fct_reviews"
[0m11:15:46.710328 [debug] [Thread-1 (]: On model.mwaatest.fct_reviews: /* {"app": "dbt", "dbt_version": "1.7.13", "profile_name": "mwaatest", "target_name": "dev", "node_id": "model.mwaatest.fct_reviews"} */
COMMIT
[0m11:15:46.907231 [debug] [Thread-1 (]: SQL status: SUCCESS 1 in 0.0 seconds
[0m11:15:46.922992 [debug] [Thread-1 (]: Applying DROP to: TEST.DEV.fct_reviews__dbt_tmp
[0m11:15:46.922992 [debug] [Thread-1 (]: Using snowflake connection "model.mwaatest.fct_reviews"
[0m11:15:46.922992 [debug] [Thread-1 (]: On model.mwaatest.fct_reviews: /* {"app": "dbt", "dbt_version": "1.7.13", "profile_name": "mwaatest", "target_name": "dev", "node_id": "model.mwaatest.fct_reviews"} */
drop view if exists TEST.DEV.fct_reviews__dbt_tmp cascade
[0m11:15:47.036637 [debug] [Thread-1 (]: SQL status: SUCCESS 1 in 0.0 seconds
[0m11:15:47.043514 [debug] [Thread-1 (]: Timing info for model.mwaatest.fct_reviews (execute): 11:15:43.593928 => 11:15:47.043514
[0m11:15:47.043514 [debug] [Thread-1 (]: On model.mwaatest.fct_reviews: Close
[0m11:15:48.343668 [debug] [Thread-1 (]: Sending event: {'category': 'dbt', 'action': 'run_model', 'label': '8af57954-85a9-48db-804c-68f082852ca5', 'context': [<snowplow_tracker.self_describing_json.SelfDescribingJson object at 0x00000202C2FE5570>]}
[0m11:15:48.343668 [info ] [Thread-1 (]: 3 of 5 OK created sql incremental model DEV.fct_reviews ........................ [[32mSUCCESS 0[0m in 4.77s]
[0m11:15:48.343668 [debug] [Thread-1 (]: Finished running node model.mwaatest.fct_reviews
[0m11:15:48.343668 [debug] [Thread-1 (]: Began running node model.mwaatest.dim_listings_w_hosts
[0m11:15:48.343668 [info ] [Thread-1 (]: 4 of 5 START sql table model DEV.dim_listings_w_hosts .......................... [RUN]
[0m11:15:48.343668 [debug] [Thread-1 (]: Re-using an available connection from the pool (formerly model.mwaatest.fct_reviews, now model.mwaatest.dim_listings_w_hosts)
[0m11:15:48.343668 [debug] [Thread-1 (]: Began compiling node model.mwaatest.dim_listings_w_hosts
[0m11:15:48.357192 [debug] [Thread-1 (]: Writing injected SQL for node "model.mwaatest.dim_listings_w_hosts"
[0m11:15:48.357192 [debug] [Thread-1 (]: Timing info for model.mwaatest.dim_listings_w_hosts (compile): 11:15:48.343668 => 11:15:48.357192
[0m11:15:48.357192 [debug] [Thread-1 (]: Began executing node model.mwaatest.dim_listings_w_hosts
[0m11:15:48.384826 [debug] [Thread-1 (]: Writing runtime sql for node "model.mwaatest.dim_listings_w_hosts"
[0m11:15:48.384826 [debug] [Thread-1 (]: Using snowflake connection "model.mwaatest.dim_listings_w_hosts"
[0m11:15:48.384826 [debug] [Thread-1 (]: On model.mwaatest.dim_listings_w_hosts: /* {"app": "dbt", "dbt_version": "1.7.13", "profile_name": "mwaatest", "target_name": "dev", "node_id": "model.mwaatest.dim_listings_w_hosts"} */
create or replace transient table TEST.DEV.dim_listings_w_hosts
         as
        (WITH l AS (
    SELECT * FROM TEST.DEV.dim_listings_cleansed
), 
h AS (
    SELECT * FROM TEST.DEV.dim_hosts_cleansed
)

SELECT 
    l.listing_id,
    l.listing_name,
    l.room_type,
    l.minimum_nights,
    l.price,
    l.host_id,
    h.host_name,
    h.is_superhost AS host_is_superhost,
    l.created_at,
    GREATEST(l.updated_at, h.updated_at) as updated_at
FROM l
LEFT JOIN h ON (h.host_id = l.host_id)
        );
[0m11:15:48.392927 [debug] [Thread-1 (]: Opening a new connection, currently in state closed
[0m11:15:50.498958 [debug] [Thread-1 (]: SQL status: SUCCESS 1 in 2.0 seconds
[0m11:15:50.498958 [debug] [Thread-1 (]: Timing info for model.mwaatest.dim_listings_w_hosts (execute): 11:15:48.363700 => 11:15:50.498958
[0m11:15:50.498958 [debug] [Thread-1 (]: On model.mwaatest.dim_listings_w_hosts: Close
[0m11:15:50.618100 [debug] [Thread-1 (]: Sending event: {'category': 'dbt', 'action': 'run_model', 'label': '8af57954-85a9-48db-804c-68f082852ca5', 'context': [<snowplow_tracker.self_describing_json.SelfDescribingJson object at 0x00000202C2FA4B20>]}
[0m11:15:50.618100 [info ] [Thread-1 (]: 4 of 5 OK created sql table model DEV.dim_listings_w_hosts ..................... [[32mSUCCESS 1[0m in 2.27s]
[0m11:15:50.626115 [debug] [Thread-1 (]: Finished running node model.mwaatest.dim_listings_w_hosts
[0m11:15:50.627386 [debug] [Thread-1 (]: Began running node model.mwaatest.mart_full_moon_reviews
[0m11:15:50.627386 [info ] [Thread-1 (]: 5 of 5 START sql table model DEV.mart_full_moon_reviews ........................ [RUN]
[0m11:15:50.630175 [debug] [Thread-1 (]: Re-using an available connection from the pool (formerly model.mwaatest.dim_listings_w_hosts, now model.mwaatest.mart_full_moon_reviews)
[0m11:15:50.630175 [debug] [Thread-1 (]: Began compiling node model.mwaatest.mart_full_moon_reviews
[0m11:15:50.634306 [debug] [Thread-1 (]: Writing injected SQL for node "model.mwaatest.mart_full_moon_reviews"
[0m11:15:50.635972 [debug] [Thread-1 (]: Timing info for model.mwaatest.mart_full_moon_reviews (compile): 11:15:50.630175 => 11:15:50.635972
[0m11:15:50.638792 [debug] [Thread-1 (]: Began executing node model.mwaatest.mart_full_moon_reviews
[0m11:15:50.644468 [debug] [Thread-1 (]: Writing runtime sql for node "model.mwaatest.mart_full_moon_reviews"
[0m11:15:50.647489 [debug] [Thread-1 (]: Using snowflake connection "model.mwaatest.mart_full_moon_reviews"
[0m11:15:50.650499 [debug] [Thread-1 (]: On model.mwaatest.mart_full_moon_reviews: /* {"app": "dbt", "dbt_version": "1.7.13", "profile_name": "mwaatest", "target_name": "dev", "node_id": "model.mwaatest.mart_full_moon_reviews"} */
create or replace transient table TEST.DEV.mart_full_moon_reviews
         as
        (

WITH fct_reviews AS (
    SELECT * FROM TEST.DEV.fct_reviews
),
full_moon_dates AS (
    SELECT * FROM TEST.DEV.seed_full_moon_dates
)

SELECT
    r.*,
    CASE
        WHEN fm.full_moon_date IS NULL THEN 'not full moon'
        ELSE 'full moon'
    END AS is_full_moon
FROM
    fct_reviews r 
    LEFT JOIN full_moon_dates fm 
    ON (TO_DATE(r.review_date)= DATEADD(DAY,1,fm.full_moon_date))
        );
[0m11:15:50.650499 [debug] [Thread-1 (]: Opening a new connection, currently in state closed
[0m11:15:54.721071 [debug] [Thread-1 (]: SQL status: SUCCESS 1 in 4.0 seconds
[0m11:15:54.721071 [debug] [Thread-1 (]: Timing info for model.mwaatest.mart_full_moon_reviews (execute): 11:15:50.638918 => 11:15:54.721071
[0m11:15:54.721071 [debug] [Thread-1 (]: On model.mwaatest.mart_full_moon_reviews: Close
[0m11:15:54.993333 [debug] [Thread-1 (]: Sending event: {'category': 'dbt', 'action': 'run_model', 'label': '8af57954-85a9-48db-804c-68f082852ca5', 'context': [<snowplow_tracker.self_describing_json.SelfDescribingJson object at 0x00000202C3028F70>]}
[0m11:15:54.993333 [info ] [Thread-1 (]: 5 of 5 OK created sql table model DEV.mart_full_moon_reviews ................... [[32mSUCCESS 1[0m in 4.37s]
[0m11:15:55.001343 [debug] [Thread-1 (]: Finished running node model.mwaatest.mart_full_moon_reviews
[0m11:15:55.001343 [debug] [MainThread]: Connection 'master' was properly closed.
[0m11:15:55.001343 [debug] [MainThread]: Connection 'list_TEST' was properly closed.
[0m11:15:55.001343 [debug] [MainThread]: Connection 'list_TEST_DEV' was properly closed.
[0m11:15:55.001343 [debug] [MainThread]: Connection 'model.mwaatest.mart_full_moon_reviews' was properly closed.
[0m11:15:55.001343 [info ] [MainThread]: 
[0m11:15:55.007802 [info ] [MainThread]: Finished running 2 view models, 1 incremental model, 2 table models in 0 hours 0 minutes and 17.22 seconds (17.22s).
[0m11:15:55.011702 [debug] [MainThread]: Command end result
[0m11:15:55.028868 [info ] [MainThread]: 
[0m11:15:55.028868 [info ] [MainThread]: [32mCompleted successfully[0m
[0m11:15:55.028868 [info ] [MainThread]: 
[0m11:15:55.034347 [info ] [MainThread]: Done. PASS=5 WARN=0 ERROR=0 SKIP=0 TOTAL=5
[0m11:15:55.034347 [debug] [MainThread]: Command `dbt run` succeeded at 11:15:55.034347 after 18.47 seconds
[0m11:15:55.034347 [debug] [MainThread]: Sending event: {'category': 'dbt', 'action': 'invocation', 'label': 'end', 'context': [<snowplow_tracker.self_describing_json.SelfDescribingJson object at 0x00000202AF767C10>, <snowplow_tracker.self_describing_json.SelfDescribingJson object at 0x00000202C302E3E0>, <snowplow_tracker.self_describing_json.SelfDescribingJson object at 0x00000202C29029E0>]}
[0m11:15:55.034347 [debug] [MainThread]: Flushing usage events
